provider,sample,run_id,src_round,emotion,alpha,norm_type,orig_provider,sync_c,sync_d,nat_sync_c,nat_sync_d,filepath,duration,rms,peak,lufs,lra,energy_env_std,energy_env_smoothness,silence_ratio,f0_mean,f0_std,f0_range,spec_centroid,spec_centroid_std,spec_rolloff,spec_bandwidth,spec_bandwidth_std,spec_flatness,spec_flatness_std,spec_flux,zcr_mean,zcr_std,onset_mean,onset_std,f1,f2,f3,hf_ratio,mfcc_1_mean,mfcc_1_std,mfcc_2_mean,mfcc_2_std,mfcc_3_mean,mfcc_3_std,mfcc_4_mean,mfcc_4_std,mfcc_5_mean,mfcc_5_std,mfcc_6_mean,mfcc_6_std,mfcc_7_mean,mfcc_7_std,mfcc_8_mean,mfcc_8_std,mfcc_9_mean,mfcc_9_std,mfcc_10_mean,mfcc_10_std,mfcc_11_mean,mfcc_11_std,mfcc_12_mean,mfcc_12_std,mfcc_13_mean,mfcc_13_std
natural,1,natural,natural,,,,,,,,,data/data/audio/1.wav,5.7641,0.011582,0.0745,-38.9,,0.005181,0.001721,0.0,242.7,20.6,88.5,1679.0,973.0,3338.0,1754.0,445.0,0.014494,0.025479,0.0455,0.099102,0.090557,2.0184,1.682,431.3,1500.7,1785.9,0.4552,-419.8525085449219,96.36112213134766,82.43185424804688,47.560081481933594,12.22420883178711,37.49824142456055,27.70622444152832,26.204734802246094,0.6560459733009338,23.144899368286133,4.631083011627197,18.553573608398438,-4.986020565032959,14.130792617797852,-5.958299160003662,14.333998680114746,-9.462450981140137,12.591614723205566,7.878690242767334,10.247222900390625,-9.948792457580566,10.435276985168457,6.327881336212158,7.976336479187012,-1.2741683721542358,7.472878456115723
natural,10,natural,natural,,,,,,,,,data/data/audio/10.wav,5.8039,0.0135,0.0745,-37.83,,0.005616,0.002245,0.0,240.9,48.9,385.7,1486.0,967.0,2808.0,1560.0,516.0,0.012729,0.026361,0.0502,0.096505,0.079667,2.0177,1.63,440.1,1301.0,2053.3,0.331,-416.1647033691406,102.17618560791016,94.43351745605469,47.263633728027344,1.5048670768737793,44.449668884277344,24.111459732055664,25.332735061645508,1.2357465028762817,20.02539825439453,-0.8893715143203735,17.99274253845215,-2.495337963104248,13.820225715637207,-3.859807014465332,11.780289649963379,-16.96479606628418,13.338701248168945,8.003035545349121,10.15424633026123,-7.689636707305908,10.361241340637207,5.137117385864258,8.665624618530273,0.10240525752305984,8.799311637878418
natural,11,natural,natural,,,,,,,,,data/data/audio/11.wav,7.9249,0.01459,0.1234,-36.67,4.48,0.007137,0.002297,0.0,242.0,19.8,106.4,1331.0,706.0,2624.0,1542.0,455.0,0.008262,0.016733,0.0492,0.075591,0.055863,1.9799,2.0581,463.6,1282.9,1929.4,0.2726,-428.6798400878906,104.1680679321289,97.64739990234375,45.1445426940918,8.403560638427734,38.248504638671875,24.423425674438477,26.060794830322266,-3.722534656524658,24.963218688964844,10.041015625,16.066184997558594,-3.8975980281829834,14.663426399230957,-8.625604629516602,16.77646827697754,-8.94165325164795,12.545564651489258,5.36018705368042,9.9283447265625,-4.53395414352417,9.941315650939941,8.045583724975586,8.95811939239502,-0.7577437162399292,7.124709606170654
natural,12,natural,natural,,,,,,,,,data/data/audio/12.wav,8.068,0.012048,0.0707,-39.26,1.23,0.004831,0.001599,0.0,234.0,95.3,502.8,1372.0,861.0,2720.0,1550.0,472.0,0.010233,0.022964,0.0451,0.076679,0.06796,2.0385,1.9205,507.7,1246.5,1983.8,0.3034,-427.2515869140625,100.86576080322266,97.51844787597656,45.6967658996582,2.6042282581329346,39.90338134765625,30.824230194091797,22.749065399169922,0.48526448011398315,20.235769271850586,1.385332703590393,15.810748100280762,-3.5106070041656494,14.126443862915039,-6.2677106857299805,12.313765525817871,-10.97671127319336,11.472329139709473,7.520071029663086,8.244379043579102,-5.085281848907471,9.033170700073242,7.764944076538086,8.406891822814941,2.2757351398468018,8.25497055053711
natural,13,natural,natural,,,,,,,,,data/data/audio/13.wav,7.12,0.010017,0.0469,-40.62,2.26,0.004346,0.001522,0.0,231.1,22.3,124.0,1475.0,854.0,3009.0,1723.0,474.0,0.012706,0.027455,0.0351,0.078981,0.06528,2.0605,2.2654,404.0,1232.9,2039.3,0.3621,-449.25335693359375,103.56683349609375,90.3796615600586,43.78676986694336,18.405071258544922,29.8001766204834,22.79147720336914,23.865373611450195,2.9833877086639404,20.665531158447266,10.364073753356934,16.33417320251465,-5.214017391204834,14.68034839630127,-11.629209518432617,15.115825653076172,-8.80848503112793,11.977791786193848,5.610896587371826,11.415560722351074,-10.138691902160645,11.143229484558105,9.304647445678711,7.539026737213135,-1.1561540365219116,7.806243419647217
natural,2,natural,natural,,,,,,,,,data/data/audio/2.wav,5.583,0.012973,0.0697,-37.95,,0.006095,0.002039,0.0,246.7,34.5,315.9,1462.0,828.0,2973.0,1657.0,468.0,0.012119,0.026535,0.0464,0.087037,0.068657,2.028,1.9483,431.8,1339.8,1998.1,0.3305,-423.517333984375,103.54425811767578,93.52554321289062,41.63498306274414,7.165687561035156,32.68755340576172,25.815345764160156,24.976224899291992,3.7012081146240234,23.068710327148438,3.0678915977478027,16.54389762878418,-4.872308254241943,13.760429382324219,-10.146724700927734,15.340654373168945,-10.472562789916992,11.886488914489746,7.843946933746338,9.41544246673584,-9.02403450012207,10.698010444641113,4.875746726989746,7.245777606964111,0.12438932061195374,5.47184419631958
natural,3,natural,natural,,,,,,,,,data/data/audio/3.wav,5.237,0.008322,0.0601,-41.82,,0.003561,0.001224,0.0,229.1,19.7,99.5,1685.0,1007.0,3382.0,1802.0,483.0,0.020069,0.037143,0.0356,0.108214,0.088363,2.0217,1.7501,457.8,1434.9,1806.0,0.4776,-441.7442932128906,105.6093521118164,86.25138092041016,45.816986083984375,16.30039405822754,33.38168716430664,24.468130111694336,22.142982482910156,6.964663505554199,22.049320220947266,4.512676239013672,16.998191833496094,-8.399022102355957,15.398097038269043,-6.106509208679199,12.636667251586914,-9.76152229309082,13.460261344909668,8.01198959350586,8.359319686889648,-12.430805206298828,12.127188682556152,9.40204906463623,7.386996269226074,-1.5437090396881104,7.452754020690918
natural,4,natural,natural,,,,,,,,,data/data/audio/4.wav,6.126,0.011709,0.076,-40.86,2.15,0.004223,0.001581,0.0,217.6,50.2,282.5,1359.0,962.0,2820.0,1631.0,551.0,0.008495,0.017834,0.0356,0.069196,0.059417,2.1103,2.05,470.3,1433.9,2237.1,0.3072,-450.0292053222656,82.32951354980469,96.4283447265625,46.39548110961914,18.973493576049805,28.789045333862305,28.291471481323242,20.492618560791016,6.075711727142334,21.817312240600586,2.286390542984009,15.845291137695312,-4.688812732696533,14.20334243774414,-9.667131423950195,11.867806434631348,-8.051675796508789,11.399131774902344,6.242502212524414,9.963579177856445,-11.697880744934082,9.448835372924805,5.757957458496094,7.632340431213379,2.499932289123535,6.868436336517334
natural,5,natural,natural,,,,,,,,,data/data/audio/5.wav,5.868,0.009396,0.0538,-41.81,,0.003709,0.001582,0.0,224.8,64.1,329.7,1321.0,838.0,2701.0,1620.0,514.0,0.01017,0.021515,0.0314,0.067993,0.051864,1.8982,1.6281,464.6,1386.1,2316.8,0.2916,-465.3212890625,93.7559814453125,99.16133117675781,47.59978103637695,29.163293838500977,31.5759220123291,35.800941467285156,29.889738082885742,2.4260785579681396,22.526607513427734,2.703209161758423,15.136387825012207,-1.6234933137893677,12.368536949157715,-6.979843616485596,13.166393280029297,-9.33846378326416,13.343013763427734,4.172938346862793,10.87914752960205,-9.579667091369629,11.37322998046875,0.3550736904144287,8.366691589355469,-2.3608896732330322,6.241382598876953
natural,6,natural,natural,,,,,,,,,data/data/audio/6.wav,6.3891,0.009077,0.0622,-41.27,2.33,0.004024,0.001544,0.0,217.6,59.6,294.2,1256.0,702.0,2484.0,1535.0,431.0,0.010462,0.023111,0.0317,0.070232,0.048068,2.007,2.3278,450.9,1215.5,1999.8,0.241,-462.0743103027344,100.81192016601562,105.57536315917969,44.93403625488281,13.97375774383545,31.570138931274414,29.09661293029785,27.577211380004883,3.0090548992156982,20.838497161865234,4.003319263458252,15.625060081481934,-4.635470867156982,15.274418830871582,-5.67489767074585,12.490506172180176,-12.921749114990234,12.588753700256348,8.823081970214844,10.055365562438965,-6.969261646270752,12.52741527557373,5.586137771606445,7.862110137939453,-1.0348925590515137,7.356637001037598
natural,7,natural,natural,,,,,,,,,data/data/audio/7.wav,5.7039,0.013684,0.0803,-38.4,,0.005703,0.002171,0.0,214.3,68.4,318.9,1304.0,715.0,2595.0,1563.0,424.0,0.007453,0.012493,0.0485,0.074172,0.045096,2.0609,1.9658,544.9,1308.8,2086.5,0.2829,-421.0604553222656,99.98517608642578,98.57738494873047,39.477272033691406,10.575974464416504,32.886314392089844,24.73148536682129,32.65665817260742,-0.7804868817329407,22.108972549438477,10.406404495239258,17.111865997314453,-6.146766662597656,17.05780029296875,-7.915003776550293,13.393756866455078,-8.372928619384766,11.766884803771973,7.690901756286621,13.283554077148438,-5.889586925506592,9.602497100830078,5.723792552947998,10.270432472229004,1.0580432415008545,7.097836017608643
natural,8,natural,natural,,,,,,,,,data/data/audio/8.wav,6.0,0.016804,0.0948,-36.38,,0.008162,0.002438,0.0,234.7,48.1,249.7,1316.0,748.0,2671.0,1630.0,514.0,0.00505,0.008894,0.05,0.059108,0.034693,1.9633,1.7797,400.9,1262.6,1963.7,0.2495,-423.0115966796875,91.44064331054688,94.99698638916016,43.8045768737793,17.559415817260742,33.47991943359375,20.981496810913086,29.443511962890625,-0.1685972809791565,23.31879997253418,8.708759307861328,18.812429428100586,-3.9120943546295166,13.411764144897461,-7.626014232635498,13.239569664001465,-13.599132537841797,11.913857460021973,7.294282913208008,10.233321189880371,-6.7683610916137695,10.908758163452148,7.006468296051025,8.28293228149414,1.0398880243301392,8.3004732131958
natural,9,natural,natural,,,,,,,,,data/data/audio/9.wav,5.4979,0.012647,0.0924,-38.3,,0.00653,0.002055,0.0,223.6,58.4,327.5,1335.0,794.0,2677.0,1616.0,411.0,0.008043,0.017322,0.0387,0.069228,0.065322,1.9347,1.9958,481.2,1346.9,2180.3,0.2921,-452.54779052734375,105.53060150146484,91.18018341064453,42.160030364990234,13.615326881408691,31.4167537689209,28.37381935119629,28.45025062561035,3.566427230834961,21.975502014160156,9.156392097473145,17.141658782958984,-3.6421713829040527,14.585268020629883,-8.01788330078125,14.933361053466797,-9.520453453063965,13.93873119354248,9.576544761657715,10.218141555786133,-7.663651466369629,11.216193199157715,8.335465431213379,8.50295639038086,0.0761842280626297,7.01763391494751
dashscope_vc,1,r2_dashscope_vc_20260707T143930Z,r2,,,,,7.013,7.608,4.552,8.746,runs/r2_dashscope_vc_20260707T143930Z/02_tts/1.wav,5.04,0.040973,0.2471,-27.63,,0.018791,0.007281,0.0,231.4,17.6,83.3,2139.0,1148.0,3962.0,1722.0,459.0,0.024022,0.039078,0.1893,0.163213,0.126403,2.3881,1.9076,415.2,1375.9,1664.2,0.7477,-283.7376403808594,67.1908187866211,58.54758071899414,56.384185791015625,-8.492823600769043,41.911155700683594,19.06043815612793,26.833200454711914,-10.186503410339355,24.13446807861328,-5.156645774841309,18.54274559020996,-18.575794219970703,15.377532958984375,-16.887521743774414,14.290694236755371,-21.842575073242188,10.80049991607666,3.595970392227173,12.083796501159668,-20.913837432861328,8.756731986999512,1.9920214414596558,8.382482528686523,-4.25901460647583,6.905396938323975
dashscope_vc,10,r2_dashscope_vc_20260707T143930Z,r2,,,,,7.339,6.699,5.551,8.124,runs/r2_dashscope_vc_20260707T143930Z/02_tts/10.wav,5.6,0.060466,0.3642,-24.57,,0.028846,0.009714,0.0,228.5,20.7,93.5,1544.0,939.0,3038.0,1551.0,552.0,0.011498,0.024655,0.234,0.102212,0.072182,2.058,1.6505,398.7,968.9,1322.9,0.338,-270.2647705078125,98.9555435180664,95.29418182373047,46.78125762939453,-4.2532267570495605,45.0794677734375,19.478851318359375,24.700233459472656,-3.464611768722534,18.801345825195312,-0.9218736290931702,18.00220489501953,-2.472046136856079,13.792503356933594,-4.6998491287231445,12.074910163879395,-17.553239822387695,13.116308212280273,10.8463773727417,10.558443069458008,-9.655346870422363,12.531400680541992,5.8351030349731445,7.1983137130737305,1.0322918891906738,9.241477012634277
dashscope_vc,11,r2_dashscope_vc_20260707T143930Z,r2,,,,,7.255,7.603,5.941,7.968,runs/r2_dashscope_vc_20260707T143930Z/02_tts/11.wav,6.8,0.056614,0.3966,-25.27,6.09,0.031167,0.009133,0.0,237.5,25.5,145.4,1334.0,734.0,2654.0,1532.0,506.0,0.007356,0.018274,0.1659,0.074249,0.049438,1.9932,1.9988,401.1,1156.4,1860.5,0.2437,-308.66552734375,88.5259780883789,91.2673568725586,40.435272216796875,5.9731621742248535,39.96780776977539,22.87631607055664,22.33634376525879,-4.298431873321533,22.144025802612305,6.706523895263672,15.225857734680176,-7.62360954284668,13.550932884216309,-7.8210062980651855,13.91039752960205,-8.573800086975098,11.478806495666504,7.34896993637085,9.69861888885498,-5.6820454597473145,8.149702072143555,8.345428466796875,7.318256378173828,-0.5971969366073608,6.7464280128479
dashscope_vc,12,r2_dashscope_vc_20260707T143930Z,r2,,,,,9.105,6.308,7.162,7.074,runs/r2_dashscope_vc_20260707T143930Z/02_tts/12.wav,6.96,0.043924,0.2833,-27.18,1.25,0.024953,0.008278,0.0,226.5,15.7,101.7,1871.0,1058.0,3434.0,1573.0,476.0,0.02471,0.043912,0.1739,0.153594,0.114193,2.4449,2.171,418.0,1140.8,1987.0,0.4741,-301.815185546875,84.75938415527344,73.96232604980469,52.803077697753906,-14.6232271194458,46.959815979003906,19.693347930908203,27.12858009338379,-18.787023544311523,23.01827049255371,-10.915186882019043,14.935675621032715,-15.55514907836914,13.216376304626465,-16.297866821289062,14.18971061706543,-24.29278564453125,11.79011058807373,-0.7410705089569092,9.557376861572266,-15.048929214477539,8.539573669433594,0.06810711324214935,8.640584945678711,-4.512180805206299,8.610797882080078
dashscope_vc,13,r2_dashscope_vc_20260707T143930Z,r2,,,,,6.071,8.959,4.263,8.732,runs/r2_dashscope_vc_20260707T143930Z/02_tts/13.wav,5.84,0.04909,0.2953,-26.46,,0.023471,0.009991,0.0,224.0,21.1,113.0,1891.0,1026.0,3631.0,1698.0,495.0,0.024329,0.039821,0.2033,0.146159,0.092826,2.5853,2.7711,413.6,1206.0,2093.3,0.4749,-285.5909118652344,83.14678192138672,74.44110107421875,55.18437957763672,-8.78181266784668,35.13416290283203,3.3391621112823486,29.695810317993164,-13.106927871704102,25.22625732421875,1.0333304405212402,19.736125946044922,-19.638261795043945,13.954294204711914,-29.892284393310547,15.60075569152832,-19.45624542236328,13.948503494262695,-3.7969729900360107,11.046666145324707,-22.471893310546875,12.329304695129395,4.346640110015869,8.971599578857422,-10.95456600189209,9.402139663696289
dashscope_vc,2,r2_dashscope_vc_20260707T143930Z,r2,,,,,8.162,7.577,5.525,8.569,runs/r2_dashscope_vc_20260707T143930Z/02_tts/2.wav,4.8,0.059201,0.3688,-24.93,,0.024183,0.010771,0.0,218.1,54.5,256.7,1486.0,884.0,3006.0,1643.0,529.0,0.008342,0.016518,0.2229,0.0811,0.052031,2.0559,1.8967,429.1,1322.1,2196.5,0.3495,-276.376953125,107.48870086669922,86.93216705322266,40.84491729736328,5.973023891448975,35.732460021972656,26.423179626464844,24.339536666870117,5.497918128967285,21.07554054260254,4.5277228355407715,19.303165435791016,-4.829125881195068,14.742006301879883,-9.693170547485352,14.161580085754395,-12.399993896484375,13.485577583312988,10.432764053344727,9.098694801330566,-9.414522171020508,10.07275676727295,5.018807888031006,8.121606826782227,-0.5530756711959839,7.435950756072998
dashscope_vc,3,r2_dashscope_vc_20260707T143930Z,r2,,,,,8.836,6.357,6.473,7.555,runs/r2_dashscope_vc_20260707T143930Z/02_tts/3.wav,4.32,0.035251,0.3065,-30.02,,0.019675,0.007768,0.0,231.8,20.3,91.3,2150.0,1333.0,3890.0,1750.0,517.0,0.026703,0.0467,0.1534,0.182757,0.145402,2.5514,2.1158,451.2,571.9,1724.3,0.7305,-306.9136657714844,59.882720947265625,65.74917602539062,62.983802795410156,0.4606015682220459,38.792564392089844,6.174182891845703,27.75201988220215,-8.32898235321045,24.345739364624023,-7.157715797424316,17.356027603149414,-23.391712188720703,16.780691146850586,-24.517826080322266,12.47363567352295,-21.02467918395996,13.554978370666504,-2.4457316398620605,8.989831924438477,-23.591203689575195,9.049434661865234,1.315820574760437,8.683448791503906,-6.933651924133301,7.741990089416504
dashscope_vc,4,r2_dashscope_vc_20260707T143930Z,r2,,,,,6.776,8.751,5.548,9.142,runs/r2_dashscope_vc_20260707T143930Z/02_tts/4.wav,5.36,0.027369,0.1466,-31.45,,0.011407,0.005418,0.0,225.8,17.5,147.1,1896.0,1184.0,3621.0,1657.0,544.0,0.021659,0.037135,0.1169,0.13941,0.111895,2.551,2.7099,404.7,689.2,1522.0,0.6353,-344.4803771972656,84.40296173095703,75.03433227539062,62.25271224975586,-6.8177008628845215,32.546241760253906,13.550249099731445,24.641624450683594,-7.303236961364746,24.176725387573242,-3.2109742164611816,15.861496925354004,-18.247610092163086,13.263321876525879,-25.180801391601562,10.622068405151367,-18.291366577148438,11.161274909973145,-2.872786283493042,12.373939514160156,-22.113948822021484,9.21884822845459,-7.2683281898498535,6.649361610412598,-6.9144110679626465,6.853127956390381
dashscope_vc,5,r2_dashscope_vc_20260707T143930Z,r2,,,,,7.724,7.95,5.225,8.299,runs/r2_dashscope_vc_20260707T143930Z/02_tts/5.wav,5.12,0.037972,0.2849,-28.6,,0.019344,0.009443,0.006211,229.6,19.6,98.5,1786.0,1088.0,3400.0,1579.0,557.0,0.023372,0.039276,0.1481,0.138514,0.10047,2.4698,2.4324,432.5,798.0,1673.3,0.4847,-334.5136413574219,92.93949890136719,79.29212188720703,67.49818420410156,9.721134185791016,43.1729736328125,20.78818130493164,33.83620834350586,-18.313331604003906,23.82431983947754,-9.335051536560059,15.446602821350098,-18.939807891845703,14.093626976013184,-27.501813888549805,12.035761833190918,-16.17374038696289,11.45931339263916,-3.0814108848571777,12.87511157989502,-21.444135665893555,10.353328704833984,-8.344862937927246,7.787872791290283,-10.775835990905762,8.708574295043945
dashscope_vc,6,r2_dashscope_vc_20260707T143930Z,r2,,,,,5.174,10.351,5.577,8.276,runs/r2_dashscope_vc_20260707T143930Z/02_tts/6.wav,5.36,0.030184,0.1962,-30.74,,0.015107,0.006369,0.0,228.2,18.7,111.5,1540.0,922.0,2806.0,1411.0,495.0,0.020265,0.043103,0.1164,0.113586,0.076621,2.5242,2.8851,403.1,1041.8,1867.5,0.312,-347.2361145019531,88.81201934814453,95.54180145263672,59.80211639404297,-14.772541046142578,35.74964141845703,19.87335205078125,29.154691696166992,-11.439940452575684,26.26791763305664,-5.771049499511719,17.354726791381836,-20.001211166381836,13.25014877319336,-24.268878936767578,17.231830596923828,-22.9053897857666,12.960938453674316,-1.5686609745025635,10.921080589294434,-20.423961639404297,9.528060913085938,-0.8078655004501343,8.984931945800781,-4.063978672027588,8.09566593170166
dashscope_vc,7,r2_dashscope_vc_20260707T143930Z,r2,,,,,7.361,8.111,6.504,7.284,runs/r2_dashscope_vc_20260707T143930Z/02_tts/7.wav,4.64,0.039129,0.2674,-28.42,,0.02117,0.008646,0.0,235.4,21.0,123.3,1738.0,858.0,3285.0,1595.0,460.0,0.017639,0.033408,0.1601,0.135267,0.07108,2.5028,2.3839,456.8,887.2,1373.7,0.3597,-311.9333801269531,75.4670181274414,79.22095489501953,47.525447845458984,-11.571109771728516,37.761024475097656,9.246685981750488,37.828582763671875,-19.297103881835938,21.174596786499023,-3.912832498550415,18.488754272460938,-19.769912719726562,17.756542205810547,-22.479476928710938,12.117204666137695,-23.17478370666504,12.308134078979492,-0.7933804988861084,14.467150688171387,-15.680500030517578,8.140323638916016,-4.021220684051514,9.180895805358887,-7.187657356262207,7.396059036254883
dashscope_vc,8,r2_dashscope_vc_20260707T143930Z,r2,,,,,6.46,7.822,5.839,8.318,runs/r2_dashscope_vc_20260707T143930Z/02_tts/8.wav,5.36,0.037973,0.1824,-28.58,,0.019116,0.007663,0.017857,234.1,35.3,177.4,1706.0,1011.0,3203.0,1609.0,543.0,0.014579,0.02845,0.1301,0.119684,0.078706,2.3382,2.3128,440.9,1282.4,2284.7,0.3597,-354.1944885253906,101.87561798095703,78.79964447021484,53.19972229003906,3.383535385131836,39.92253494262695,14.467674255371094,34.828643798828125,-21.028093338012695,28.345409393310547,-4.223781585693359,20.13735008239746,-18.67991065979004,15.663825988769531,-19.023550033569336,14.304536819458008,-24.411211013793945,12.724403381347656,-1.6106011867523193,9.853852272033691,-17.371309280395508,11.211014747619629,-0.8327865600585938,9.839160919189453,-9.299283027648926,9.55919075012207
dashscope_vc,9,r2_dashscope_vc_20260707T143930Z,r2,,,,,6.086,8.042,6.518,6.863,runs/r2_dashscope_vc_20260707T143930Z/02_tts/9.wav,4.4,0.024418,0.1382,-32.51,,0.01278,0.005016,0.0,233.1,20.6,88.0,1847.0,1113.0,3429.0,1637.0,437.0,0.019232,0.033521,0.0902,0.138265,0.123004,2.5532,2.7709,436.9,542.9,1494.6,0.4953,-372.6842346191406,94.10549926757812,73.10552215576172,55.28352737426758,-3.3793413639068604,34.338035583496094,14.708273887634277,29.763883590698242,-11.283258438110352,19.779157638549805,3.6444201469421387,18.34482765197754,-17.533363342285156,15.036162376403809,-21.9266414642334,13.617257118225098,-19.57876968383789,13.617362976074219,4.602121353149414,11.261443138122559,-19.17046356201172,10.263097763061523,4.35814094543457,7.376330375671387,-3.0439748764038086,9.286766052246094
faster_qwen3,1,r2_faster_qwen3_20260707T145233Z,r2,,,,,6.258,7.625,4.8,8.369,runs/r2_faster_qwen3_20260707T145233Z/02_tts/1.wav,5.36,0.010997,0.0854,-39.0,,0.005432,0.001921,0.0,230.9,18.3,84.6,1765.0,1034.0,3520.0,1746.0,454.0,0.02126,0.043014,0.0447,0.125381,0.118697,2.0058,1.7009,379.4,731.7,1556.3,0.4799,-425.1233825683594,93.59321594238281,85.28519439697266,47.62543869018555,17.28390121459961,32.89939880371094,26.127267837524414,26.349018096923828,-4.022867679595947,22.130605697631836,5.943011283874512,18.68589973449707,-7.049977779388428,15.370976448059082,-3.9576125144958496,11.684407234191895,-11.935468673706055,11.758971214294434,8.169888496398926,10.861204147338867,-9.84892463684082,8.910727500915527,2.390690326690674,6.125411033630371,-0.18424393236637115,6.366030693054199
faster_qwen3,10,r2_faster_qwen3_20260707T145233Z,r2,,,,,7.227,6.942,5.407,8.108,runs/r2_faster_qwen3_20260707T145233Z/02_tts/10.wav,5.44,0.01485,0.0846,-36.73,,0.006741,0.002631,0.0,217.8,53.2,253.1,1475.0,942.0,2857.0,1528.0,556.0,0.012307,0.027398,0.0558,0.098047,0.081303,2.0057,1.6781,410.0,769.6,1551.0,0.3101,-405.7782897949219,86.15394592285156,96.9026870727539,44.947044372558594,1.0897680521011353,40.25751876831055,25.286361694335938,24.447452545166016,1.6614422798156738,18.396854400634766,0.1532944291830063,15.495875358581543,-1.2737503051757812,12.685332298278809,1.0242655277252197,11.681034088134766,-11.245216369628906,13.320079803466797,9.318466186523438,10.668739318847656,-5.978048801422119,9.887246131896973,5.120853900909424,7.337367057800293,-1.0957469940185547,8.247766494750977
faster_qwen3,11,r2_faster_qwen3_20260707T145233Z,r2,,,,,6.283,7.901,5.809,8.117,runs/r2_faster_qwen3_20260707T145233Z/02_tts/11.wav,5.52,0.014159,0.0884,-37.12,,0.006164,0.001978,0.023121,233.4,22.2,98.2,1382.0,648.0,2751.0,1540.0,466.0,0.015318,0.055444,0.0491,0.090442,0.067742,2.0066,1.7623,459.7,516.8,1461.3,0.2379,-418.0154113769531,96.45720672607422,101.16419982910156,39.89577865600586,6.245478630065918,33.83562088012695,20.036914825439453,24.321834564208984,-8.152812004089355,19.762828826904297,1.8838163614273071,16.26848030090332,-9.140198707580566,11.662747383117676,-9.278029441833496,13.536531448364258,-9.60055160522461,10.073502540588379,7.332681655883789,11.337620735168457,-7.118467330932617,8.793893814086914,3.9025652408599854,7.927755355834961,-2.7529993057250977,6.051001071929932
faster_qwen3,12,r2_faster_qwen3_20260707T145233Z,r2,,,,,7.82,6.865,7.123,7.082,runs/r2_faster_qwen3_20260707T145233Z/02_tts/12.wav,6.08,0.010854,0.0591,-39.36,3.55,0.004818,0.001682,0.0,210.9,52.4,263.8,1478.0,793.0,3031.0,1632.0,452.0,0.014513,0.033356,0.041,0.091247,0.075782,2.1354,2.0879,362.4,968.0,2004.8,0.3024,-422.22088623046875,78.38402557373047,93.9426040649414,40.38559341430664,2.950615882873535,33.446556091308594,30.42194175720215,22.111953735351562,0.7602074146270752,14.800222396850586,-2.659398317337036,14.06605052947998,-4.139553070068359,11.591591835021973,0.5604696273803711,10.768221855163574,-11.316875457763672,11.607757568359375,8.019198417663574,7.351014137268066,-3.8399856090545654,9.006961822509766,7.684314727783203,7.67428731918335,-0.6516194939613342,6.911181926727295
faster_qwen3,13,r2_faster_qwen3_20260707T145233Z,r2,,,,,4.759,8.079,4.413,8.6,runs/r2_faster_qwen3_20260707T145233Z/02_tts/13.wav,7.36,0.011775,0.0656,-38.62,1.66,0.005814,0.001933,0.0,231.8,28.7,183.4,1318.0,753.0,2719.0,1581.0,462.0,0.011302,0.029014,0.0367,0.075701,0.068004,1.8802,1.7146,325.4,608.0,1178.4,0.2726,-437.5534362792969,78.5675048828125,103.5745620727539,40.30508804321289,12.079238891601562,26.040878295898438,23.594928741455078,21.061283111572266,2.2215044498443604,16.614126205444336,9.04416561126709,14.968133926391602,-1.0493477582931519,12.428135871887207,-4.81922721862793,13.195262908935547,-8.390436172485352,11.07409381866455,2.8111565113067627,10.652519226074219,-5.972476005554199,10.077364921569824,5.351922988891602,6.92690372467041,-1.8570469617843628,7.736736297607422
faster_qwen3,2,r2_faster_qwen3_20260707T145233Z,r2,,,,,7.265,7.19,5.547,8.66,runs/r2_faster_qwen3_20260707T145233Z/02_tts/2.wav,5.68,0.01198,0.0683,-37.88,,0.006462,0.002106,0.101124,231.2,14.8,82.6,1604.0,890.0,3190.0,1642.0,468.0,0.046067,0.110734,0.0408,0.116557,0.115234,1.8531,1.6575,443.2,1354.7,1938.3,0.2522,-458.54827880859375,129.14874267578125,87.78895568847656,46.71390151977539,1.8449457883834839,27.674409866333008,25.94147300720215,22.741535186767578,0.041213903576135635,16.799293518066406,3.9480178356170654,14.427395820617676,-6.6448564529418945,12.535911560058594,-6.473789215087891,11.100370407104492,-10.844084739685059,12.983561515808105,3.8482120037078857,11.212944984436035,-7.419182777404785,8.516297340393066,6.481792449951172,6.788463592529297,1.1731375455856323,5.498784065246582
faster_qwen3,3,r2_faster_qwen3_20260707T145233Z,r2,,,,,7.48,7.131,6.24,7.666,runs/r2_faster_qwen3_20260707T145233Z/02_tts/3.wav,4.88,0.008235,0.0481,-41.91,,0.003662,0.001418,0.0,204.2,48.6,210.9,1730.0,1085.0,3443.0,1761.0,530.0,0.021282,0.037676,0.0358,0.12147,0.0973,2.0646,1.5597,427.0,1679.8,1920.5,0.5133,-439.9230041503906,94.58280944824219,86.9695816040039,47.11430740356445,16.04081153869629,29.388803482055664,25.608503341674805,22.01746940612793,6.239028453826904,17.720951080322266,1.930934190750122,15.500276565551758,-4.410250186920166,13.195743560791016,-4.474307060241699,9.249224662780762,-10.166852951049805,12.677531242370605,6.339196681976318,9.334700584411621,-10.979658126831055,9.232582092285156,7.772003173828125,7.732448101043701,0.4254257082939148,4.877839088439941
faster_qwen3,4,r2_faster_qwen3_20260707T145233Z,r2,,,,,6.929,7.835,5.217,9.335,runs/r2_faster_qwen3_20260707T145233Z/02_tts/4.wav,5.6,0.010745,0.0713,-39.59,,0.005195,0.002028,0.022727,219.9,46.6,246.2,1393.0,947.0,2773.0,1575.0,502.0,0.017918,0.045603,0.0337,0.090224,0.094656,1.9867,1.9388,237.9,393.8,1574.6,0.2679,-452.2060241699219,84.50074005126953,98.82459259033203,45.25804901123047,11.880520820617676,26.44223403930664,28.334306716918945,17.835338592529297,9.988751411437988,17.885305404663086,1.6186378002166748,13.029031753540039,-6.633123874664307,10.98439884185791,-8.278728485107422,9.628152847290039,-5.9212799072265625,11.469301223754883,3.5648539066314697,8.173612594604492,-7.9214630126953125,8.590542793273926,2.4469029903411865,6.906968116760254,-0.14269788563251495,5.0473551750183105
faster_qwen3,5,r2_faster_qwen3_20260707T145233Z,r2,,,,,6.073,8.086,4.982,8.51,runs/r2_faster_qwen3_20260707T145233Z/02_tts/5.wav,5.44,0.010126,0.0667,-39.65,,0.005619,0.002208,0.064327,216.6,52.4,239.5,1499.0,929.0,3038.0,1630.0,532.0,0.037036,0.08986,0.0326,0.103464,0.098036,1.8293,1.6183,410.5,1271.6,2169.2,0.2818,-481.22723388671875,121.95780944824219,93.09391784667969,52.60136413574219,22.44550132751465,27.103208541870117,30.126422882080078,27.253902435302734,0.3743760883808136,20.75766944885254,3.0168397426605225,12.888257026672363,-2.3729758262634277,12.033319473266602,-5.488480091094971,10.516576766967773,-10.514018058776855,12.541089057922363,0.662696361541748,10.887571334838867,-7.40395975112915,9.555578231811523,-2.0015220642089844,6.772439002990723,-0.5657504796981812,7.222709655761719
faster_qwen3,6,r2_faster_qwen3_20260707T145233Z,r2,,,,,5.931,7.973,5.473,8.435,runs/r2_faster_qwen3_20260707T145233Z/02_tts/6.wav,5.52,0.007138,0.0427,-43.11,,0.003562,0.00117,0.017341,212.3,61.5,318.9,1276.0,716.0,2581.0,1540.0,440.0,0.015655,0.044752,0.0257,0.075415,0.053318,2.0335,2.4119,343.2,1079.0,2013.5,0.2473,-492.7274169921875,113.7750244140625,105.26458740234375,43.31676483154297,9.554378509521484,23.627378463745117,24.706483840942383,25.29436683654785,3.171848773956299,16.507244110107422,7.629758834838867,15.358675956726074,-2.9718267917633057,12.495528221130371,-1.5517494678497314,11.224577903747559,-6.416944980621338,12.108757972717285,5.882256984710693,9.941215515136719,-3.5344760417938232,9.914252281188965,4.8530497550964355,6.748157501220703,-0.3951506018638611,6.245843887329102
faster_qwen3,7,r2_faster_qwen3_20260707T145233Z,r2,,,,,6.26,7.942,6.595,7.32,runs/r2_faster_qwen3_20260707T145233Z/02_tts/7.wav,4.64,0.012033,0.0669,-38.71,,0.005619,0.002191,0.013699,215.2,49.1,237.8,1530.0,747.0,3031.0,1624.0,449.0,0.01605,0.043494,0.0475,0.101666,0.059374,2.1744,2.495,501.5,1337.1,2125.8,0.3283,-418.4562683105469,96.02363586425781,93.66708374023438,38.59169006347656,4.589784145355225,29.454605102539062,19.72044563293457,28.236921310424805,-3.7759780883789062,20.77530288696289,6.659387111663818,16.288949966430664,-9.641081809997559,15.316282272338867,-5.542726516723633,11.829532623291016,-9.159622192382812,11.010696411132812,11.47899055480957,13.102458953857422,-6.623452663421631,9.171576499938965,3.5508038997650146,7.938807964324951,-1.2513259649276733,7.429707050323486
faster_qwen3,8,r2_faster_qwen3_20260707T145233Z,r2,,,,,7.942,6.86,6.022,8.239,runs/r2_faster_qwen3_20260707T145233Z/02_tts/8.wav,5.44,0.015677,0.1437,-38.07,,0.007727,0.002384,0.02924,211.7,52.1,217.0,1325.0,664.0,2798.0,1578.0,497.0,0.019061,0.051739,0.0518,0.075578,0.063011,2.0081,1.6444,509.4,1240.4,1910.1,0.215,-426.834716796875,98.8165512084961,96.19974517822266,39.96457290649414,11.186798095703125,35.580284118652344,24.48260498046875,25.234251022338867,0.8965516686439514,18.118118286132812,9.564152717590332,15.771352767944336,-5.38791561126709,14.452996253967285,0.9968135952949524,12.44872760772705,-4.977882385253906,8.769542694091797,10.089775085449219,10.137185096740723,-5.409873962402344,9.267890930175781,7.913558006286621,8.431987762451172,1.706654667854309,6.690548419952393
faster_qwen3,9,r2_faster_qwen3_20260707T145233Z,r2,,,,,,,6.204,6.967,runs/r2_faster_qwen3_20260707T145233Z/02_tts/9.wav,3.92,0.011572,0.0666,-39.34,,0.004358,0.001929,0.0,215.7,50.9,220.1,1387.0,836.0,2785.0,1594.0,468.0,0.009495,0.020634,0.0446,0.081198,0.062181,2.0764,1.909,476.3,1379.1,2383.2,0.3199,-422.50872802734375,77.65502166748047,98.19261169433594,41.27597427368164,11.153532981872559,28.498931884765625,27.781911849975586,25.30245590209961,1.749606966972351,16.95619010925293,9.65925407409668,17.50970458984375,-4.176867485046387,13.162583351135254,-6.617702007293701,13.796454429626465,-9.866878509521484,12.937751770019531,13.762511253356934,9.44488525390625,-6.689302921295166,11.220551490783691,7.31612491607666,7.136524200439453,0.3509379029273987,6.873552322387695
fish_audio,1,r2_fish_audio_20260707T150723Z,r2,,,,,7.3,7.674,4.631,8.689,runs/r2_fish_audio_20260707T150723Z/02_tts/1.wav,5.059,0.189035,0.9606,-14.53,,0.09591,0.037618,0.0,238.6,15.5,70.5,1987.0,1065.0,3836.0,1752.0,455.0,0.023452,0.041505,0.6966,0.14478,0.11545,2.2447,1.9129,402.4,885.0,1593.2,0.4844,-160.08673095703125,85.04029846191406,61.8299674987793,50.34894943237305,-3.668793201446533,39.40229415893555,11.941607475280762,25.95709800720215,-15.364962577819824,23.08353042602539,-8.315629005432129,19.383756637573242,-22.995885848999023,13.744133949279785,-20.55278968811035,13.376856803894043,-21.854888916015625,11.338591575622559,-2.1590423583984375,10.147919654846191,-17.574642181396484,9.438587188720703,-0.0468757189810276,9.439305305480957,-11.501922607421875,8.819331169128418
fish_audio,10,r2_fish_audio_20260707T150723Z,r2,,,,,7.691,6.818,5.553,8.001,runs/r2_fish_audio_20260707T150723Z/02_tts/10.wav,5.1984,0.214514,0.9262,-13.87,,0.104275,0.04067,0.0,230.4,19.8,91.9,1603.0,978.0,3041.0,1568.0,564.0,0.012695,0.031089,0.7582,0.111721,0.085829,2.1193,1.808,427.5,731.2,1468.6,0.3307,-153.48521423339844,87.76727294921875,88.16038513183594,47.878639221191406,-0.8479554057121277,47.98794174194336,15.406757354736328,25.002077102661133,-10.883964538574219,18.330183029174805,-6.86669921875,17.762487411499023,-14.110249519348145,13.277843475341797,-10.314310073852539,11.069042205810547,-21.32172966003418,11.773653030395508,5.562149524688721,11.863066673278809,-12.137710571289062,11.374250411987305,1.8510315418243408,7.7738847732543945,-5.168782711029053,8.8358154296875
fish_audio,11,r2_fish_audio_20260707T150723Z,r2,,,,,7.268,7.734,6.065,7.753,runs/r2_fish_audio_20260707T150723Z/02_tts/11.wav,6.1271,0.159712,0.8334,-16.38,3.64,0.067592,0.025294,0.0,240.8,22.9,115.3,1339.0,704.0,2572.0,1464.0,482.0,0.006239,0.01704,0.466,0.07987,0.050994,2.1043,1.9673,432.3,1122.0,1741.4,0.2474,-212.6029815673828,74.97933959960938,91.68721771240234,45.79216384887695,0.3338562548160553,35.08390808105469,6.623954772949219,23.03888702392578,-27.158050537109375,19.780527114868164,-4.74102783203125,17.381681442260742,-26.001718521118164,12.610732078552246,-24.601980209350586,15.44943618774414,-22.98329734802246,10.360411643981934,-2.5662524700164795,10.767739295959473,-16.958202362060547,9.01674747467041,-1.055637240409851,9.145905494689941,-11.242935180664062,7.118134021759033
fish_audio,12,r2_fish_audio_20260707T150723Z,r2,,,,,9.195,6.585,7.226,7.1,runs/r2_fish_audio_20260707T150723Z/02_tts/12.wav,5.9878,0.174525,0.9144,-15.67,,0.093824,0.031164,0.0,227.4,22.9,115.0,1643.0,903.0,3272.0,1631.0,504.0,0.012274,0.025989,0.6069,0.113842,0.093186,2.2564,1.8854,380.4,1042.5,1904.8,0.346,-172.43055725097656,81.35729217529297,82.4710693359375,44.33386993408203,-0.5224360823631287,42.60441589355469,19.086650848388672,22.501564025878906,-10.233872413635254,16.95505142211914,-14.5518798828125,15.782588005065918,-18.19222640991211,12.142624855041504,-18.596630096435547,10.895312309265137,-23.43539810180664,11.130282402038574,0.6316969394683838,8.494087219238281,-16.259658813476562,9.129871368408203,3.462904691696167,7.342940807342529,-7.977624893188477,8.806685447692871
fish_audio,13,r2_fish_audio_20260707T150723Z,r2,,,,,7.158,8.121,4.336,8.645,runs/r2_fish_audio_20260707T150723Z/02_tts/13.wav,5.6627,0.261878,0.9459,-12.03,,0.126797,0.046243,0.0,230.7,18.5,76.0,1673.0,929.0,3374.0,1703.0,517.0,0.015733,0.033332,0.8144,0.115618,0.098682,2.1917,2.2308,343.8,982.0,1141.6,0.3537,-144.583251953125,84.27734375,78.69613647460938,47.0387077331543,4.995468616485596,27.305683135986328,11.71506404876709,23.679241180419922,-15.108246803283691,17.054718017578125,-6.0263776779174805,16.574209213256836,-21.990015029907227,10.633454322814941,-24.111873626708984,12.285682678222656,-18.032344818115234,11.168784141540527,-2.8311288356781006,12.63753890991211,-17.319459915161133,9.802794456481934,4.6860504150390625,7.798962593078613,-11.732131958007812,7.422224998474121
fish_audio,2,r2_fish_audio_20260707T150723Z,r2,,,,,6.983,8.512,5.385,8.646,runs/r2_fish_audio_20260707T150723Z/02_tts/2.wav,4.5018,0.223291,0.9345,-13.49,,0.104829,0.037274,0.0,242.8,14.9,77.9,1594.0,902.0,3154.0,1650.0,508.0,0.011268,0.027889,0.7014,0.106667,0.080676,2.0843,1.6001,446.9,1331.8,2152.7,0.3128,-163.5003662109375,77.24153137207031,80.65141296386719,41.94257736206055,-1.8512581586837769,32.1896858215332,10.213273048400879,23.244653701782227,-11.085768699645996,20.32268524169922,-13.406792640686035,16.9276123046875,-26.55245018005371,13.553621292114258,-24.590354919433594,12.882603645324707,-24.099756240844727,10.492244720458984,0.23502236604690552,11.95969009399414,-18.780290603637695,9.047289848327637,3.0629324913024902,7.6319684982299805,-13.096406936645508,7.8035125732421875
fish_audio,3,r2_fish_audio_20260707T150723Z,r2,,,,,8.7,6.838,6.43,7.474,runs/r2_fish_audio_20260707T150723Z/02_tts/3.wav,4.5018,0.149749,0.913,-17.16,,0.072148,0.024634,0.0,232.3,19.2,97.4,1970.0,1023.0,3925.0,1841.0,470.0,0.020995,0.035994,0.6165,0.143278,0.097913,2.1972,1.7261,394.9,733.8,1670.6,0.5369,-158.08709716796875,73.91011047363281,70.56504821777344,48.399566650390625,-0.28700971603393555,31.05223274230957,10.438166618347168,22.347572326660156,-7.858461856842041,20.53738021850586,-7.106237411499023,17.38701057434082,-25.62862205505371,13.832036018371582,-19.235563278198242,11.66733455657959,-18.596797943115234,12.143946647644043,-0.978672981262207,9.975326538085938,-26.309162139892578,10.334756851196289,3.0916860103607178,7.3420281410217285,-12.55352783203125,7.692777156829834
fish_audio,4,r2_fish_audio_20260707T150723Z,r2,,,,,7.211,8.0,5.395,9.222,runs/r2_fish_audio_20260707T150723Z/02_tts/4.wav,5.7556,0.10774,0.5169,-19.7,,0.054235,0.017667,0.0,229.9,17.8,88.9,1628.0,998.0,3278.0,1654.0,519.0,0.011494,0.02431,0.3558,0.106896,0.097445,2.1413,1.9583,303.1,406.5,1366.7,0.3993,-240.64617919921875,102.32401275634766,81.82295227050781,51.083377838134766,6.333123683929443,31.043352127075195,19.64198112487793,20.40325927734375,-10.267471313476562,23.276477813720703,-5.71933650970459,16.19879150390625,-18.999589920043945,15.430740356445312,-15.59766674041748,12.884576797485352,-17.226686477661133,11.816650390625,-2.8057408332824707,11.217658042907715,-23.40089225769043,9.67076301574707,2.015516519546509,7.733129024505615,-8.00289535522461,8.725619316101074
fish_audio,5,r2_fish_audio_20260707T150723Z,r2,,,,,8.001,7.533,5.259,8.213,runs/r2_fish_audio_20260707T150723Z/02_tts/5.wav,4.9661,0.203528,0.9278,-14.2,,0.095743,0.046938,0.0,225.3,23.4,95.7,1552.0,941.0,3067.0,1618.0,519.0,0.014711,0.028981,0.7078,0.104023,0.07656,2.174,1.9926,443.1,1393.9,2232.7,0.3408,-166.5885009765625,91.78333282470703,87.56377410888672,52.14025115966797,19.966554641723633,34.11925506591797,25.50813865661621,29.050331115722656,-13.293198585510254,19.561426162719727,-10.230636596679688,14.58933162689209,-17.74455451965332,13.385560035705566,-18.359872817993164,11.379717826843262,-18.921499252319336,12.3218412399292,-2.425257444381714,13.201770782470703,-14.844923973083496,9.643425941467285,-5.546513080596924,8.541491508483887,-9.177743911743164,7.8266706466674805
fish_audio,6,r2_fish_audio_20260707T150723Z,r2,,,,,6.828,8.58,5.203,8.638,runs/r2_fish_audio_20260707T150723Z/02_tts/6.wav,5.477,0.151587,0.8792,-16.86,,0.073725,0.030555,0.0,221.8,21.9,102.9,1497.0,782.0,2898.0,1564.0,440.0,0.012588,0.025162,0.4938,0.098377,0.066419,2.3263,2.9626,388.4,997.1,1217.4,0.3004,-205.0456085205078,97.4692611694336,86.88554382324219,42.86503601074219,-4.262330532073975,28.892662048339844,12.56238079071045,29.416051864624023,-13.714428901672363,21.881378173828125,-6.609714031219482,17.211984634399414,-23.9163875579834,13.7797269821167,-22.0955753326416,12.029762268066406,-21.62342643737793,11.593542098999023,-3.4244630336761475,11.038008689880371,-19.551204681396484,9.769989967346191,-0.23978769779205322,8.11090087890625,-12.587263107299805,7.883183002471924
fish_audio,7,r2_fish_audio_20260707T150723Z,r2,,,,,7.226,7.909,6.514,7.331,runs/r2_fish_audio_20260707T150723Z/02_tts/7.wav,5.0126,0.17211,0.8968,-15.35,,0.092837,0.033257,0.0,231.2,18.0,72.2,1583.0,724.0,3094.0,1608.0,446.0,0.012413,0.023215,0.5843,0.108159,0.055437,2.2842,2.5798,453.5,1299.4,1786.7,0.2992,-193.584716796875,98.48226928710938,80.72178649902344,42.35281753540039,-5.145572185516357,34.56913375854492,7.675498962402344,32.51753616333008,-14.386839866638184,23.614604949951172,-2.2501375675201416,15.788983345031738,-26.666118621826172,17.462650299072266,-20.927274703979492,12.10052490234375,-18.977937698364258,12.879843711853027,0.40363532304763794,15.875564575195312,-16.517070770263672,9.125078201293945,-0.5557864904403687,12.905524253845215,-6.053942680358887,9.162177085876465
fish_audio,8,r2_fish_audio_20260707T150723Z,r2,,,,,7.285,7.477,5.916,8.333,runs/r2_fish_audio_20260707T150723Z/02_tts/8.wav,5.1055,0.15862,0.7691,-16.21,,0.075851,0.026619,0.0,226.6,27.0,191.3,1590.0,906.0,3102.0,1606.0,541.0,0.009897,0.021495,0.5271,0.101556,0.071936,2.2252,2.0567,439.4,1254.6,1870.2,0.2851,-212.9669189453125,92.55603790283203,85.40963745117188,49.9845085144043,-1.8073155879974365,35.88661193847656,4.158382892608643,29.1188907623291,-14.488014221191406,26.485218048095703,-4.258747100830078,17.699337005615234,-23.573444366455078,13.161910057067871,-17.50431251525879,12.959611892700195,-22.04056739807129,13.43915843963623,3.2964043617248535,12.020027160644531,-18.014118194580078,8.002720832824707,3.949073076248169,9.975074768066406,-9.167451858520508,8.263355255126953
fish_audio,9,r2_fish_audio_20260707T150723Z,r2,,,,,,,6.66,6.606,runs/r2_fish_audio_20260707T150723Z/02_tts/9.wav,3.898,0.137249,0.8078,-17.85,,0.067892,0.027828,0.0,224.9,16.0,69.5,1717.0,1016.0,3305.0,1696.0,467.0,0.0126,0.023888,0.4576,0.119889,0.105162,2.1613,1.8924,421.5,1293.1,2072.7,0.3833,-207.2452392578125,81.0650634765625,75.68021392822266,49.91429138183594,7.395802974700928,32.603538513183594,10.244817733764648,28.360198974609375,-12.742244720458984,19.90650177001953,-5.180006504058838,18.26126480102539,-21.38290786743164,13.840039253234863,-28.190946578979492,12.65747356414795,-22.462833404541016,10.186351776123047,-1.3434150218963623,9.717610359191895,-21.467029571533203,8.761938095092773,5.168883800506592,8.4192476272583,-10.429764747619629,7.305262565612793
siliconflow,1,r2_siliconflow_20260707T142139Z,r2,,,,,6.502,7.487,4.84,8.445,runs/r2_siliconflow_20260707T142139Z/02_tts/1.wav,6.12,0.012456,0.1003,-37.64,3.26,0.007417,0.002404,0.010417,216.1,63.2,271.2,1648.0,919.0,3246.0,1656.0,458.0,0.023,0.066802,0.0461,0.107496,0.08578,2.0409,2.0532,496.8,1314.0,1998.1,0.3951,-436.10107421875,105.87430572509766,84.43602752685547,49.0071907043457,7.607432842254639,38.883941650390625,27.275697708129883,27.302642822265625,-1.0511102676391602,24.500234603881836,6.094290256500244,19.86259651184082,-8.384449005126953,15.97254753112793,-6.783960819244385,14.735780715942383,-9.993385314941406,12.921427726745605,8.673410415649414,9.689495086669922,-9.464940071105957,10.004045486450195,8.056899070739746,7.669555187225342,-0.8231982588768005,7.764704704284668
siliconflow,10,r2_siliconflow_20260707T142139Z,r2,,,,,3.944,6.338,5.686,7.927,runs/r2_siliconflow_20260707T142139Z/02_tts/10.wav,11.8,0.018306,0.1651,-31.93,38.09,0.014003,0.003293,0.0271,166.4,90.3,254.9,1356.0,840.0,2984.0,1687.0,523.0,0.026328,0.134112,0.0438,0.068714,0.070993,1.3874,1.5686,462.3,1134.4,1959.5,0.2679,-504.4469299316406,136.96627807617188,72.17505645751953,47.816627502441406,13.29771900177002,39.9034538269043,23.69459342956543,21.152528762817383,6.540724277496338,22.160858154296875,8.045324325561523,18.452831268310547,3.497096061706543,16.72496223449707,2.610651969909668,13.836287498474121,-5.66478157043457,16.369985580444336,7.925096035003662,8.34585189819336,-0.7070596814155579,10.479740142822266,7.707029342651367,7.194300651550293,1.514022707939148,7.482175827026367
siliconflow,11,r2_siliconflow_20260707T142139Z,r2,,,,,6.42,7.878,5.746,8.05,runs/r2_siliconflow_20260707T142139Z/02_tts/11.wav,6.64,0.013542,0.1007,-37.33,1.72,0.006867,0.002254,0.091346,228.4,47.5,242.8,1320.0,778.0,2618.0,1391.0,589.0,0.081744,0.2529,0.0486,0.08224,0.052235,2.0905,2.2622,441.1,1176.5,1871.5,0.2414,-454.79693603515625,130.87188720703125,99.94229125976562,57.59699630737305,3.1083168983459473,38.33216094970703,20.051593780517578,26.18668556213379,-14.226527214050293,23.791967391967773,6.316383361816406,16.143287658691406,-11.260385513305664,14.126895904541016,-10.716459274291992,16.24356460571289,-13.243111610412598,12.99670124053955,5.037206649780273,10.524959564208984,-8.621347427368164,10.224193572998047,7.943273544311523,8.67953109741211,-2.302144765853882,7.257716178894043
siliconflow,12,r2_siliconflow_20260707T142139Z,r2,,,,,7.863,6.789,7.136,7.044,runs/r2_siliconflow_20260707T142139Z/02_tts/12.wav,7.72,0.010803,0.076,-39.39,1.72,0.005341,0.001953,0.020661,227.7,15.1,99.1,1530.0,920.0,2911.0,1494.0,494.0,0.028655,0.124064,0.0451,0.103669,0.072973,2.256,2.5034,456.8,1208.7,1919.3,0.2828,-442.01910400390625,106.20982360839844,100.6494140625,50.64751434326172,-2.419976234436035,48.89288330078125,31.906051635742188,26.591815948486328,-9.555910110473633,22.801494598388672,-1.177476406097412,16.77163314819336,-12.453949928283691,14.274568557739258,-7.745533466339111,12.706011772155762,-16.75486183166504,11.6531343460083,7.558107376098633,9.171097755432129,-9.715821266174316,9.891706466674805,7.892477512359619,9.600726127624512,0.38497263193130493,7.4227294921875
siliconflow,13,r2_siliconflow_20260707T142139Z,r2,,,,,5.05,8.753,4.336,8.891,runs/r2_siliconflow_20260707T142139Z/02_tts/13.wav,7.64,0.012041,0.078,-38.32,1.85,0.006277,0.002188,0.012552,254.7,79.1,367.2,1428.0,810.0,2876.0,1610.0,485.0,0.019973,0.085945,0.0403,0.084183,0.061097,2.1383,2.5537,401.5,1199.7,2029.5,0.3035,-453.15704345703125,106.2386474609375,96.6575927734375,46.46992492675781,14.361474990844727,32.32399368286133,24.700695037841797,26.93388557434082,-1.907975196838379,23.605567932128906,12.268586158752441,16.73833465576172,-10.169946670532227,15.762334823608398,-12.274629592895508,15.309014320373535,-11.846800804138184,12.24779987335205,6.284185886383057,11.893113136291504,-11.191027641296387,10.88442325592041,12.647040367126465,8.130088806152344,-1.9351413249969482,9.152761459350586
siliconflow,2,r2_siliconflow_20260707T142139Z,r2,,,,,8.2,7.115,5.323,8.739,runs/r2_siliconflow_20260707T142139Z/02_tts/2.wav,4.76,0.014869,0.0888,-36.94,,0.006237,0.002903,0.026846,236.4,15.8,82.4,1604.0,983.0,3087.0,1549.0,522.0,0.033439,0.136488,0.0539,0.107261,0.076599,2.2803,2.4074,431.6,1282.1,1940.0,0.2862,-417.4109802246094,85.83233642578125,95.42081451416016,49.370849609375,-0.04381469264626503,38.13680648803711,16.585647583007812,31.440027236938477,-9.688940048217773,27.10593605041504,-0.8387492895126343,16.917713165283203,-14.394059181213379,14.330901145935059,-17.279129028320312,16.158357620239258,-19.19217300415039,11.868393898010254,4.536764621734619,12.063751220703125,-14.958502769470215,9.286417007446289,4.031173229217529,10.016731262207031,-1.8833376169204712,6.608887672424316
siliconflow,3,r2_siliconflow_20260707T142139Z,r2,,,,,7.361,7.185,6.153,7.826,runs/r2_siliconflow_20260707T142139Z/02_tts/3.wav,4.88,0.009409,0.0597,-40.95,,0.004699,0.001953,0.013072,235.1,40.0,298.9,1700.0,967.0,3343.0,1708.0,491.0,0.023577,0.073663,0.0388,0.107901,0.066639,2.3078,2.2716,426.1,1197.9,1962.3,0.4127,-436.24969482421875,90.0949478149414,91.78104400634766,50.69878387451172,10.64354133605957,34.6886100769043,24.090415954589844,26.0058536529541,-0.26622381806373596,22.000093460083008,5.095474720001221,16.874595642089844,-12.58939266204834,14.306849479675293,-7.02985143661499,10.597132682800293,-14.965134620666504,14.672131538391113,7.364502906799316,9.936354637145996,-14.682703018188477,10.124735832214355,12.157302856445312,8.594436645507812,-1.7632653713226318,8.259869575500488
siliconflow,4,r2_siliconflow_20260707T142139Z,r2,,,,,6.994,8.275,5.398,9.251,runs/r2_siliconflow_20260707T142139Z/02_tts/4.wav,5.36,0.010755,0.0631,-39.9,,0.004698,0.001906,0.005952,230.5,17.6,106.0,1445.0,912.0,2900.0,1578.0,565.0,0.016316,0.05791,0.0392,0.089576,0.062207,2.3662,2.3714,432.4,1391.9,2230.1,0.2701,-450.1871337890625,82.34954071044922,103.88394927978516,50.608638763427734,12.200092315673828,34.07529067993164,26.666841506958008,22.482717514038086,0.40240198373794556,23.143381118774414,1.6118627786636353,15.985926628112793,-13.70965576171875,13.44515323638916,-10.969639778137207,12.1035737991333,-12.672369003295898,11.356192588806152,6.2703070640563965,11.536864280700684,-16.37659454345703,8.522566795349121,5.76973819732666,6.949199676513672,-2.285703420639038,6.116395950317383
siliconflow,5,r2_siliconflow_20260707T142139Z,r2,,,,,7.267,7.333,5.089,8.305,runs/r2_siliconflow_20260707T142139Z/02_tts/5.wav,6.2,0.010631,0.08,-39.61,3.53,0.006251,0.002231,0.06701,229.6,62.2,329.7,1409.0,1073.0,2733.0,1484.0,633.0,0.07678,0.236017,0.032,0.092529,0.084486,1.9194,1.9394,422.0,641.8,1372.4,0.2863,-493.1124267578125,115.3104019165039,93.08121490478516,59.61253356933594,28.968080520629883,34.82710266113281,32.561580657958984,32.27934265136719,-5.406694412231445,24.92385482788086,2.0681726932525635,13.630260467529297,-6.694471836090088,13.43696117401123,-8.110118865966797,13.899087905883789,-14.260857582092285,13.242897987365723,4.060836315155029,11.008356094360352,-11.792853355407715,10.761724472045898,1.1357712745666504,7.776657581329346,-3.0111446380615234,7.445854663848877
siliconflow,6,r2_siliconflow_20260707T142139Z,r2,,,,,5.687,8.922,5.317,8.527,runs/r2_siliconflow_20260707T142139Z/02_tts/6.wav,5.84,0.00888,0.0598,-41.28,,0.004725,0.001869,0.027322,209.2,67.4,251.4,1313.0,778.0,2570.0,1479.0,503.0,0.039226,0.163651,0.0344,0.085921,0.055612,2.0975,2.8439,460.6,1203.8,1983.0,0.2336,-474.4814147949219,120.26524353027344,110.32483673095703,52.16027069091797,10.644699096679688,33.995059967041016,21.393285751342773,28.75400161743164,-1.6619312763214111,21.08999252319336,5.735066890716553,17.657323837280273,-9.146581649780273,15.537031173706055,-8.277475357055664,13.472392082214355,-15.829328536987305,12.984990119934082,7.826258659362793,11.049958229064941,-10.091947555541992,10.59795093536377,7.606119632720947,8.109420776367188,-1.780849575996399,7.254052639007568
siliconflow,7,r2_siliconflow_20260707T142139Z,r2,,,,,7.363,7.148,6.465,7.309,runs/r2_siliconflow_20260707T142139Z/02_tts/7.wav,4.64,0.013271,0.0902,-37.79,,0.006652,0.002867,0.041096,235.7,32.1,183.3,1564.0,916.0,2992.0,1538.0,496.0,0.04664,0.17559,0.0537,0.09874,0.048729,2.4158,2.868,486.1,578.5,1360.6,0.2645,-418.3086853027344,101.39425659179688,101.65625762939453,47.15211486816406,2.494021415710449,38.08272171020508,17.87813377380371,33.83768844604492,-10.692086219787598,22.007598876953125,5.402158260345459,17.422712326049805,-15.478240013122559,15.140364646911621,-13.546553611755371,11.346124649047852,-14.78941822052002,9.983465194702148,6.988169193267822,14.743546485900879,-10.8671875,8.365872383117676,6.746288776397705,9.119322776794434,-2.1463849544525146,7.208917140960693
siliconflow,8,r2_siliconflow_20260707T142139Z,r2,,,,,6.418,7.461,5.853,8.331,runs/r2_siliconflow_20260707T142139Z/02_tts/8.wav,6.04,0.017952,0.1119,-34.84,3.84,0.010178,0.00371,0.0,228.8,57.3,239.5,1253.0,692.0,2505.0,1519.0,525.0,0.004615,0.010659,0.0496,0.067403,0.039418,1.9102,1.925,401.8,1160.4,1897.3,0.2041,-444.49884033203125,89.79253387451172,95.25010681152344,47.47052764892578,16.458341598510742,33.937767028808594,18.819242477416992,30.551403045654297,-4.846384048461914,26.297922134399414,7.988383769989014,17.382585525512695,-8.816316604614258,16.833742141723633,-8.665305137634277,15.1332426071167,-12.520246505737305,13.218280792236328,5.666642189025879,10.165779113769531,-6.1773505210876465,12.287857055664062,8.929616928100586,8.612823486328125,2.45986008644104,7.934535503387451
siliconflow,9,r2_siliconflow_20260707T142139Z,r2,,,,,6.739,6.959,6.281,6.955,runs/r2_siliconflow_20260707T142139Z/02_tts/9.wav,5.0,0.011781,0.0591,-38.62,,0.006326,0.002288,0.038217,210.5,60.8,221.6,1354.0,923.0,2601.0,1510.0,461.0,0.040239,0.169798,0.0352,0.078128,0.071467,2.0938,2.4576,464.1,1318.5,2144.6,0.229,-475.5512390136719,110.66417694091797,100.93087005615234,46.641815185546875,12.154396057128906,33.13496017456055,22.06785774230957,31.18411636352539,-2.3665425777435303,22.572660446166992,11.257134437561035,18.266056060791016,-10.070284843444824,14.048981666564941,-11.16813850402832,12.367990493774414,-13.431559562683105,14.30587387084961,11.605798721313477,9.845193862915039,-8.786606788635254,10.83677864074707,9.124533653259277,9.232298851013184,-1.7624160051345825,7.887130260467529
gsv_tts,1,r3_gsv_tts,r3,,,,,5.709,8.298,4.839,8.562,runs/r3_gsv_tts/02_tts/1.wav,5.74,0.007602,0.0656,-42.3,,0.004635,0.00158,0.061111,231.9,15.9,93.4,1804.0,1178.0,3334.0,1532.0,575.0,0.060431,0.205197,0.0288,0.132609,0.131302,2.4521,2.63,444.0,958.0,1736.8,0.4454,-508.6622009277344,107.59386444091797,69.23828887939453,56.13329315185547,-3.3301236629486084,47.74284744262695,27.851806640625,35.68353271484375,-14.61338996887207,28.71499252319336,-4.697775840759277,18.47877311706543,-18.759572982788086,16.741220474243164,-13.280604362487793,12.447702407836914,-18.19586753845215,11.033538818359375,5.216887474060059,9.585371017456055,-15.236774444580078,9.78684139251709,5.063038349151611,7.16575813293457,-4.561755180358887,6.79205322265625
gsv_tts,10,r3_gsv_tts,r3,,,,,7.027,6.947,5.621,7.895,runs/r3_gsv_tts/02_tts/10.wav,5.54,0.006133,0.0463,-43.84,,0.003406,0.001109,0.086207,208.0,55.8,228.0,1617.0,1010.0,3093.0,1478.0,624.0,0.058629,0.208409,0.0225,0.13224,0.104233,2.0709,2.0677,415.3,893.5,1652.4,0.3341,-540.5347290039062,134.46925354003906,81.18107604980469,58.259273529052734,-11.279887199401855,54.034423828125,22.942628860473633,31.040380477905273,-12.660962104797363,22.258060455322266,-9.439391136169434,16.835590362548828,-13.365077018737793,14.890105247497559,-5.689271450042725,11.587044715881348,-22.558475494384766,15.634649276733398,10.902059555053711,8.762429237365723,-10.866394996643066,10.649888038635254,6.6243181228637695,6.19190788269043,-3.147737979888916,7.185577869415283
gsv_tts,11,r3_gsv_tts,r3,,,,,5.776,7.616,6.056,7.794,runs/r3_gsv_tts/02_tts/11.wav,9.74,0.009967,0.1001,-39.41,8.39,0.007199,0.00197,0.036066,209.5,68.5,246.2,1303.0,859.0,2529.0,1415.0,491.0,0.03988,0.177811,0.0256,0.080747,0.074256,1.9358,2.3595,487.0,580.3,1121.7,0.2369,-547.8847045898438,120.62419128417969,72.20716857910156,50.25505828857422,2.9491941928863525,41.42497253417969,21.084686279296875,29.248062133789062,-11.462553024291992,28.506290435791016,2.1980772018432617,18.233945846557617,-7.430699348449707,17.621341705322266,-9.945601463317871,17.15814971923828,-12.209054946899414,15.60146427154541,4.689566135406494,9.143867492675781,-6.269831657409668,12.285016059875488,7.440891742706299,7.214694499969482,-3.0597195625305176,8.319120407104492
gsv_tts,12,r3_gsv_tts,r3,,,,,7.382,7.041,7.08,7.168,runs/r3_gsv_tts/02_tts/12.wav,10.02,0.007864,0.0588,-41.61,2.34,0.005063,0.001734,0.050955,208.7,65.1,254.9,1510.0,983.0,2919.0,1463.0,516.0,0.042512,0.178242,0.0262,0.104718,0.100803,2.1529,2.7267,461.4,1156.4,1987.3,0.3233,-532.7078247070312,120.0366439819336,73.47502136230469,51.524085998535156,-2.724823474884033,48.934139251708984,27.69156837463379,31.825197219848633,-14.488480567932129,27.583003997802734,-2.696704149246216,14.460328102111816,-9.589700698852539,15.035101890563965,-9.05825424194336,13.297991752624512,-15.76671028137207,14.668907165527344,5.019779205322266,8.251629829406738,-5.434394836425781,10.09710693359375,6.6659393310546875,7.9253058433532715,-0.6686044335365295,7.997576713562012
gsv_tts,13,r3_gsv_tts,r3,,,,,5.939,8.205,4.341,8.86,runs/r3_gsv_tts/02_tts/13.wav,6.46,0.008648,0.0542,-41.12,1.69,0.005096,0.001883,0.079208,227.5,19.4,117.0,1460.0,1000.0,2808.0,1457.0,603.0,0.082448,0.25228,0.0277,0.101004,0.084367,2.4254,3.2597,389.1,978.6,1199.9,0.3305,-532.80419921875,132.41500854492188,79.13565063476562,55.935176849365234,1.9786947965621948,39.9996223449707,18.881521224975586,30.038541793823242,-14.759101867675781,25.008893966674805,3.763953447341919,16.542926788330078,-17.28461265563965,16.12105941772461,-16.642053604125977,13.234025001525879,-16.787858963012695,12.987147331237793,4.705084323883057,10.185717582702637,-21.7514591217041,14.667394638061523,10.504806518554688,6.911841869354248,-5.817620754241943,7.31622838973999
gsv_tts,2,r3_gsv_tts,r3,,,,,7.366,7.918,5.273,8.814,runs/r3_gsv_tts/02_tts/2.wav,5.06,0.007963,0.0554,-41.97,,0.00479,0.001764,0.069182,237.1,15.8,84.3,1412.0,949.0,2713.0,1398.0,583.0,0.0781,0.252195,0.0236,0.102441,0.083868,2.2682,2.2234,443.6,1255.3,1802.1,0.2756,-532.8197021484375,110.91490173339844,82.96205139160156,53.40717315673828,-5.353435516357422,40.15598678588867,22.55647087097168,29.51412010192871,-12.340378761291504,21.308879852294922,-5.057492256164551,16.408140182495117,-18.268857955932617,14.756430625915527,-15.7113676071167,12.091231346130371,-21.801958084106445,13.692148208618164,3.547595977783203,9.15976619720459,-15.684683799743652,11.20870590209961,3.2341108322143555,7.036378383636475,-3.2694430351257324,6.3394999504089355
gsv_tts,3,r3_gsv_tts,r3,,,,,7.228,7.228,6.457,7.569,runs/r3_gsv_tts/02_tts/3.wav,5.1,0.008189,0.0581,-41.7,,0.004972,0.00179,0.10625,224.6,19.4,113.5,1644.0,1187.0,3091.0,1525.0,658.0,0.09671,0.271984,0.0255,0.12673,0.111442,2.3741,2.2318,423.2,577.8,1682.5,0.3977,-529.1806030273438,118.604736328125,73.20854187011719,54.15963363647461,2.338334560394287,42.14009475708008,16.919519424438477,27.329967498779297,-9.349130630493164,23.69796371459961,-1.9284273386001587,15.630537986755371,-19.577167510986328,17.177988052368164,-14.781636238098145,12.412688255310059,-18.339923858642578,14.140666961669922,5.132396221160889,8.419069290161133,-21.447826385498047,13.67919921875,7.629494667053223,6.9708333015441895,-7.153933525085449,8.830496788024902
gsv_tts,4,r3_gsv_tts,r3,,,,,5.546,8.585,5.53,9.027,runs/r3_gsv_tts/02_tts/4.wav,7.5,0.009984,0.0704,-39.37,1.06,0.0064,0.001965,0.055319,195.7,68.9,246.2,1427.0,1084.0,2744.0,1443.0,580.0,0.067058,0.227904,0.0294,0.092825,0.092746,2.1287,2.8272,436.1,713.0,1468.6,0.3359,-534.7818603515625,126.61792755126953,75.06238555908203,54.6901969909668,8.77808952331543,41.63829040527344,23.54842758178711,25.14292335510254,-7.295380592346191,27.018646240234375,-3.631983518600464,16.65022087097168,-12.117688179016113,14.548750877380371,-11.997899055480957,13.505908012390137,-11.616287231445312,14.644062995910645,4.950491428375244,7.7911858558654785,-18.410181045532227,15.655298233032227,4.771815299987793,6.022092342376709,0.5699008107185364,9.448429107666016
gsv_tts,5,r3_gsv_tts,r3,,,,,6.579,8.289,5.242,8.321,runs/r3_gsv_tts/02_tts/5.wav,5.98,0.008113,0.0661,-41.8,,0.005063,0.001885,0.080214,225.7,16.1,81.9,1288.0,941.0,2577.0,1387.0,678.0,0.090251,0.269882,0.025,0.084334,0.075516,2.3067,2.4852,412.8,848.7,1267.4,0.2661,-557.9281616210938,128.59060668945312,83.8206787109375,62.10957336425781,24.190258026123047,44.46619415283203,38.122806549072266,41.62164306640625,-14.718914031982422,27.2194881439209,-8.30777645111084,17.57571029663086,-9.22160530090332,14.239326477050781,-11.883237838745117,12.408432006835938,-15.816625595092773,13.437780380249023,4.53164005279541,9.7647705078125,-17.595548629760742,14.16656494140625,0.28477829694747925,6.181272029876709,-3.069159746170044,7.383511543273926
gsv_tts,6,r3_gsv_tts,r3,,,,,4.816,9.838,5.565,8.289,runs/r3_gsv_tts/02_tts/6.wav,5.82,0.007713,0.0898,-42.79,,0.005294,0.001979,0.049451,210.9,50.3,228.0,1234.0,783.0,2378.0,1354.0,514.0,0.057531,0.21591,0.0232,0.077572,0.061657,2.3157,3.4919,419.6,857.7,1420.0,0.2187,-537.3591918945312,115.44463348388672,93.81497955322266,50.231380462646484,11.04181957244873,47.720420837402344,26.740787506103516,33.69862747192383,-7.630054950714111,22.713449478149414,-5.20353364944458,17.158437728881836,-10.15703296661377,14.554094314575195,-13.878859519958496,12.494322776794434,-18.370525360107422,12.99117374420166,6.753756046295166,10.96533489227295,-13.658088684082031,13.415786743164062,5.421506881713867,7.574904918670654,-2.8368778228759766,8.150653839111328
gsv_tts,7,r3_gsv_tts,r3,,,,,8.102,7.016,6.473,7.347,runs/r3_gsv_tts/02_tts/7.wav,5.06,0.00654,0.0521,-43.91,,0.00368,0.001452,0.056604,230.6,17.1,73.7,1466.0,850.0,2796.0,1432.0,557.0,0.059438,0.217252,0.0249,0.101093,0.070408,2.4822,2.6797,409.5,785.5,1455.7,0.2997,-518.7298583984375,117.88990783691406,88.49897766113281,52.61043167114258,-3.660867929458618,43.030906677246094,26.042232513427734,42.343162536621094,-18.215822219848633,25.518037796020508,2.239605665206909,18.582094192504883,-15.463104248046875,16.973854064941406,-10.492668151855469,10.3828706741333,-15.792389869689941,11.901250839233398,9.30415153503418,10.631452560424805,-9.985416412353516,10.712757110595703,6.050849914550781,6.784274101257324,-3.203153133392334,7.332536220550537
gsv_tts,8,r3_gsv_tts,r3,,,,,6.724,7.085,6.04,8.332,runs/r3_gsv_tts/02_tts/8.wav,4.9,0.007973,0.05,-42.13,,0.004406,0.001813,0.058442,236.0,19.6,82.1,1423.0,865.0,2742.0,1448.0,617.0,0.060024,0.220699,0.0259,0.099505,0.067015,2.4132,2.5568,431.4,1180.7,1901.0,0.2588,-521.7055053710938,99.98049926757812,86.95018768310547,50.653404235839844,6.9526214599609375,40.376651763916016,21.655723571777344,37.84971237182617,-16.000967025756836,20.530797958374023,1.7800956964492798,16.469913482666016,-13.771769523620605,13.911916732788086,-9.715490341186523,11.356071472167969,-19.777084350585938,12.208185195922852,8.475324630737305,9.25184154510498,-11.220357894897461,8.533727645874023,8.772791862487793,6.849288463592529,-0.05682254210114479,6.278653621673584
gsv_tts,9,r3_gsv_tts,r3,,,,,4.509,8.884,6.308,6.922,runs/r3_gsv_tts/02_tts/9.wav,5.38,0.00787,0.0587,-42.25,,0.004888,0.001735,0.071006,235.0,19.0,71.6,1499.0,990.0,2763.0,1437.0,522.0,0.071085,0.234833,0.0238,0.096293,0.09347,2.2707,2.6791,433.4,751.2,1408.8,0.307,-528.4369506835938,107.35985565185547,79.75650787353516,51.754581451416016,0.011489777825772762,41.43880844116211,23.67032241821289,35.286888122558594,-15.690415382385254,23.37177848815918,0.5241858959197998,18.557573318481445,-16.701608657836914,13.54920482635498,-14.553733825683594,10.958313941955566,-14.697484016418457,11.018255233764648,7.354515075683594,9.16627311706543,-12.426148414611816,11.769142150878906,7.149406909942627,5.554830551147461,-3.539227247238159,6.662083625793457
indextts2_baseline,1,r3_indextts2_baseline,r3,,,,,5.978,7.708,4.767,8.566,runs/r3_indextts2_baseline/02_tts/1.wav,5.7818,0.013204,0.0862,-37.64,,0.005946,0.002109,0.0,214.9,67.9,282.5,1657.0,1134.0,3283.0,1743.0,488.0,0.009078,0.017784,0.0554,0.101554,0.107615,2.1971,1.9356,431.6,1115.5,1829.8,0.5128,-430.2994689941406,110.1103286743164,81.47029113769531,51.382965087890625,18.803142547607422,36.54857635498047,26.89923858642578,26.12330436706543,2.0365068912506104,26.519697189331055,4.856210231781006,19.756961822509766,-5.099982738494873,15.8433256149292,-4.060644149780273,14.62232494354248,-12.129488945007324,15.129859924316406,7.360439300537109,11.148266792297363,-12.431597709655762,12.289618492126465,6.425343036651611,8.076529502868652,-0.5602492690086365,8.236101150512695
indextts2_baseline,10,r3_indextts2_baseline,r3,,,,,6.229,7.475,5.429,8.093,runs/r3_indextts2_baseline/02_tts/10.wav,5.9908,0.015213,0.102,-36.87,,0.006363,0.002377,0.0,216.1,60.6,254.9,1426.0,1066.0,2644.0,1517.0,567.0,0.006871,0.014279,0.057,0.096059,0.085817,2.108,1.7586,406.1,425.6,1456.1,0.3479,-435.6834716796875,118.57913208007812,92.42243957519531,52.1088752746582,9.48080825805664,45.93724060058594,25.048568725585938,26.949941635131836,1.4900612831115723,24.117570877075195,1.0997283458709717,19.5703067779541,-1.9960628747940063,15.739646911621094,-1.203471064567566,13.4365873336792,-16.39786148071289,15.669801712036133,9.14256763458252,11.27114486694336,-7.574709415435791,11.775474548339844,5.149075984954834,9.213184356689453,1.820746898651123,10.868088722229004
indextts2_baseline,11,r3_indextts2_baseline,r3,,,,,6.952,7.687,5.916,7.986,runs/r3_indextts2_baseline/02_tts/11.wav,7.0473,0.018263,0.1353,-34.57,1.22,0.009619,0.003251,0.0,228.6,55.8,231.2,1352.0,838.0,2647.0,1568.0,520.0,0.006442,0.015394,0.0626,0.083887,0.066598,2.2596,2.5337,318.8,548.6,1278.0,0.283,-430.3897399902344,111.8847885131836,97.44033813476562,45.906578063964844,13.906996726989746,35.763343811035156,15.65471363067627,28.2748966217041,-1.5376653671264648,24.685741424560547,10.135544776916504,21.03217887878418,-6.253462314605713,17.01097297668457,-8.444856643676758,16.062658309936523,-14.736257553100586,13.669053077697754,7.0291595458984375,14.160688400268555,-5.522610187530518,13.226353645324707,7.2519378662109375,7.658301830291748,-3.1127538681030273,8.53036117553711
indextts2_baseline,12,r3_indextts2_baseline,r3,,,,,6.495,8.391,7.186,7.052,runs/r3_indextts2_baseline/02_tts/12.wav,7.5465,0.015941,0.0838,-37.33,1.58,0.005277,0.001978,0.0,248.2,23.3,139.3,1209.0,880.0,2424.0,1475.0,533.0,0.004049,0.011575,0.0505,0.061997,0.057763,2.171,2.1305,459.5,1187.1,2045.0,0.2659,-446.1883544921875,96.60240173339844,96.01444244384766,49.53276062011719,15.745920181274414,38.46231460571289,31.79413414001465,24.115175247192383,-4.477447032928467,26.682220458984375,3.997387409210205,16.301523208618164,-3.5636003017425537,13.183588981628418,-6.8728346824646,14.9935941696167,-16.889982223510742,12.731725692749023,4.485962867736816,10.760921478271484,-8.041740417480469,11.552227973937988,8.640336990356445,9.27797794342041,1.0469872951507568,9.101310729980469
indextts2_baseline,13,r3_indextts2_baseline,r3,,,,,7.614,7.009,4.488,8.528,runs/r3_indextts2_baseline/02_tts/13.wav,7.3608,0.011831,0.0731,-38.8,0.23,0.005684,0.002014,0.0,223.0,47.5,232.8,1428.0,1007.0,2813.0,1651.0,487.0,0.006588,0.01415,0.0408,0.085037,0.082439,2.1498,2.0577,349.0,969.9,1319.5,0.372,-466.2267761230469,113.66596984863281,88.64851379394531,42.28623962402344,21.840421676635742,38.279869079589844,29.901721954345703,26.504743576049805,1.5765833854675293,23.922508239746094,6.072795867919922,14.898711204528809,-5.311559200286865,15.86917781829834,-4.033353328704834,14.421862602233887,-14.697288513183594,14.621875762939453,8.84299373626709,10.848034858703613,-11.059158325195312,12.839634895324707,10.44620418548584,7.680046558380127,-0.9271571636199951,7.730350017547607
indextts2_baseline,2,r3_indextts2_baseline,r3,,,,,7.902,6.602,5.249,8.86,runs/r3_indextts2_baseline/02_tts/2.wav,5.1433,0.01504,0.0718,-36.42,,0.007149,0.002368,0.0,209.4,73.0,242.8,1411.0,837.0,2847.0,1645.0,489.0,0.005946,0.012075,0.053,0.082701,0.06066,2.1556,1.9142,398.7,1169.1,2005.1,0.316,-438.6166687011719,119.61124420166016,93.93893432617188,42.60177230834961,14.484583854675293,36.20334243774414,25.22992515563965,27.46636390686035,3.2896177768707275,24.036645889282227,3.813166379928589,20.077051162719727,-6.4992995262146,16.798227310180664,-8.080453872680664,15.998150825500488,-16.07448959350586,14.836419105529785,7.144585132598877,10.449464797973633,-9.136109352111816,13.126299858093262,6.424997329711914,7.5175862312316895,-1.4647234678268433,6.284219741821289
indextts2_baseline,3,r3_indextts2_baseline,r3,,,,,6.958,7.081,6.217,7.745,runs/r3_indextts2_baseline/02_tts/3.wav,5.4683,0.008969,0.0593,-40.56,,0.004589,0.001396,0.0,216.0,64.1,273.0,1776.0,1198.0,3486.0,1825.0,503.0,0.012942,0.024303,0.0405,0.125728,0.113411,2.2157,1.9143,420.3,1221.7,1937.3,0.6078,-460.9503479003906,117.69525909423828,85.10932159423828,51.73081588745117,22.863636016845703,36.91861343383789,24.808364868164062,24.757293701171875,9.73601245880127,24.86744499206543,5.264964580535889,17.14809799194336,-8.05239200592041,17.796628952026367,-3.208035707473755,14.05161190032959,-11.667020797729492,15.410358428955078,8.024038314819336,11.167072296142578,-13.928242683410645,14.367173194885254,9.790498733520508,8.351900100708008,-2.8761842250823975,8.937432289123535
indextts2_baseline,4,r3_indextts2_baseline,r3,,,,,6.272,9.07,5.307,9.263,runs/r3_indextts2_baseline/02_tts/4.wav,6.223,0.015039,0.0695,-38.21,1.87,0.004871,0.001935,0.0,236.0,16.9,87.3,1332.0,1067.0,2674.0,1598.0,658.0,0.004322,0.009617,0.0494,0.063522,0.051157,2.3545,2.483,434.3,1218.1,2035.6,0.3407,-456.4621276855469,99.46922302246094,95.32015228271484,51.92095184326172,25.440916061401367,34.50285720825195,24.062734603881836,22.76384162902832,5.432280540466309,25.600173950195312,3.783684253692627,16.517099380493164,-5.773384094238281,15.791868209838867,-6.111170291900635,14.49766731262207,-10.503486633300781,14.525232315063477,6.4336652755737305,11.628711700439453,-12.575115203857422,11.775550842285156,5.434162139892578,7.928384304046631,-0.05371234565973282,8.083207130432129
indextts2_baseline,5,r3_indextts2_baseline,r3,,,,,7.209,7.467,5.321,8.08,runs/r3_indextts2_baseline/02_tts/5.wav,6.4088,0.010363,0.0747,-40.58,2.4,0.004994,0.001953,0.0,246.0,45.4,302.3,1313.0,982.0,2597.0,1608.0,540.0,0.006534,0.014223,0.0345,0.072951,0.077364,2.0191,2.0023,439.3,1311.5,2201.0,0.3334,-489.2271728515625,107.21028137207031,95.88094329833984,49.782073974609375,35.595741271972656,34.14942932128906,32.73907470703125,28.85786247253418,1.6223421096801758,23.13495445251465,4.871747016906738,16.473249435424805,-1.557105541229248,14.350945472717285,-4.727221965789795,13.966246604919434,-9.326518058776855,13.358585357666016,4.7183146476745605,12.195995330810547,-10.07142162322998,13.072751998901367,2.1709327697753906,8.224541664123535,-2.527360200881958,7.826442241668701
indextts2_baseline,6,r3_indextts2_baseline,r3,,,,,6.635,8.146,5.377,8.516,runs/r3_indextts2_baseline/02_tts/6.wav,6.0837,0.011559,0.0786,-38.86,3.07,0.006227,0.002224,0.0,219.1,66.0,334.1,1283.0,864.0,2457.0,1527.0,512.0,0.007965,0.018006,0.0399,0.077166,0.063598,2.2259,2.7926,399.9,1163.1,2004.0,0.2745,-467.7210693359375,115.03646850585938,105.14945220947266,49.703529357910156,23.0685977935791,35.27613067626953,24.934595108032227,27.84003448486328,4.555096626281738,24.138282775878906,4.230522155761719,18.557832717895508,-5.454280376434326,16.558542251586914,-4.990418910980225,14.323075294494629,-15.260926246643066,15.60947322845459,8.869582176208496,11.531049728393555,-8.616498947143555,13.351842880249023,6.634756565093994,7.994274616241455,-1.7530293464660645,9.341215133666992
indextts2_baseline,7,r3_indextts2_baseline,r3,,,,,6.907,7.847,6.468,7.325,runs/r3_indextts2_baseline/02_tts/7.wav,5.7818,0.016524,0.0954,-37.18,,0.00651,0.002629,0.0,242.5,25.9,152.0,1250.0,854.0,2485.0,1542.0,537.0,0.003836,0.007988,0.058,0.066064,0.051704,2.3045,2.3703,558.8,1279.7,2006.3,0.2942,-433.5859375,112.24417114257812,97.12039947509766,42.88900375366211,16.980480194091797,33.69972229003906,22.362607955932617,32.35886001586914,0.36150550842285156,25.098405838012695,10.494170188903809,18.757089614868164,-6.724495887756348,19.25336456298828,-6.7225422859191895,13.990731239318848,-11.05746841430664,12.76490306854248,8.190879821777344,14.412962913513184,-6.568315029144287,10.370426177978516,5.729801654815674,11.348764419555664,-0.7751260995864868,8.992146492004395
indextts2_baseline,8,r3_indextts2_baseline,r3,,,,,6.625,7.687,5.862,8.257,runs/r3_indextts2_baseline/02_tts/8.wav,5.6889,0.019724,0.1202,-35.49,,0.007978,0.003121,0.0,245.9,25.0,170.9,1243.0,849.0,2463.0,1588.0,564.0,0.003419,0.008465,0.0646,0.060053,0.043844,2.2193,1.9523,487.5,1205.3,1957.4,0.243,-430.7854309082031,101.4049301147461,99.11663055419922,47.26515579223633,21.442731857299805,36.54231643676758,18.131441116333008,31.64757537841797,-1.5127508640289307,26.186038970947266,8.463826179504395,18.703245162963867,-4.604808330535889,14.355199813842773,-4.586455345153809,15.159995079040527,-18.700275421142578,15.001822471618652,8.35594367980957,12.197772979736328,-9.679527282714844,14.639730453491211,7.6657867431640625,9.731505393981934,-1.5331776142120361,8.68994140625
indextts2_baseline,9,r3_indextts2_baseline,r3,,,,,5.704,8.178,6.371,6.855,runs/r3_indextts2_baseline/02_tts/9.wav,5.329,0.014661,0.094,-37.49,,0.007125,0.002286,0.0,202.0,79.9,254.9,1281.0,832.0,2647.0,1602.0,467.0,0.004469,0.010991,0.0463,0.067971,0.062537,2.1157,2.1535,466.9,1290.4,2131.7,0.2734,-456.3857727050781,107.30216979980469,94.06671142578125,44.061397552490234,15.495902061462402,32.03821563720703,23.305456161499023,29.752593994140625,5.077412128448486,24.399471282958984,11.558598518371582,17.350271224975586,-4.973243236541748,15.42548656463623,-7.49560546875,14.865466117858887,-12.689730644226074,16.548982620239258,10.397012710571289,11.525413513183594,-9.924947738647461,13.126813888549805,8.069581985473633,7.816195487976074,-0.1604137271642685,7.811285972595215
indextts2_emo_afraid,1,r3_indextts2_emo_afraid,r3,afraid,,,,4.611,7.669,4.623,8.683,runs/r3_indextts2_emo_afraid/02_tts/1.wav,6.9428,0.027175,0.2978,-29.01,9.91,0.019351,0.005243,0.0,328.8,149.0,490.1,1730.0,1213.0,3338.0,1815.0,424.0,0.009346,0.020594,0.1019,0.104791,0.122097,1.9094,2.5265,445.5,1203.1,2064.9,0.7899,-440.9766845703125,157.15382385253906,34.621131896972656,36.3339958190918,9.659085273742676,40.42033767700195,21.196290969848633,28.560165405273438,7.308407783508301,25.812868118286133,1.4583914279937744,22.53888702392578,-1.6323720216751099,18.586990356445312,-4.2236008644104,18.88955307006836,-6.222932815551758,20.373279571533203,2.665128469467163,11.872255325317383,-1.349853515625,12.03922176361084,11.735989570617676,13.251389503479004,10.630595207214355,17.84893798828125
indextts2_emo_afraid,10,r3_indextts2_emo_afraid,r3,afraid,,,,5.487,7.532,5.766,7.93,runs/r3_indextts2_emo_afraid/02_tts/10.wav,6.4204,0.044442,0.5851,-25.08,11.13,0.033821,0.010628,0.0,379.2,112.9,339.4,1669.0,1310.0,3128.0,1683.0,562.0,0.007781,0.014889,0.1318,0.103542,0.113901,1.8738,2.1907,488.7,1214.0,2233.5,0.6972,-401.4227294921875,128.0454559326172,36.79643249511719,47.905616760253906,11.274889945983887,40.614768981933594,13.954648971557617,23.7899112701416,-0.511638343334198,23.237245559692383,-1.4704595804214478,20.28009796142578,-3.604839324951172,16.55463218688965,-5.589641094207764,17.927419662475586,-10.893394470214844,19.5075740814209,4.598215103149414,12.09265422821045,2.512464761734009,15.85073471069336,12.50932788848877,17.390010833740234,14.327364921569824,17.30808448791504
indextts2_emo_afraid,13,r3_indextts2_emo_afraid,r3,afraid,,,,6.37,6.796,4.478,8.668,runs/r3_indextts2_emo_afraid/02_tts/13.wav,7.3608,0.035579,0.2696,-27.61,5.2,0.025326,0.007999,0.0,386.3,117.4,549.3,1749.0,1048.0,3513.0,1850.0,412.0,0.009535,0.017242,0.1022,0.098726,0.095298,1.9458,2.3748,424.5,1328.8,1384.5,0.507,-422.9870910644531,145.07095336914062,34.34611129760742,30.42519760131836,0.46746113896369934,34.36165237426758,18.075672149658203,23.95018768310547,2.94242000579834,19.182483673095703,-1.0989090204238892,17.49187469482422,-6.906630992889404,19.459278106689453,-12.583885192871094,21.311988830566406,-10.544273376464844,16.423606872558594,-1.4988666772842407,11.39633560180664,-2.6569101810455322,11.58855152130127,11.321066856384277,16.68353843688965,8.999431610107422,14.702421188354492
indextts2_emo_afraid,4,r3_indextts2_emo_afraid,r3,afraid,,,,5.214,9.67,5.462,9.155,runs/r3_indextts2_emo_afraid/02_tts/4.wav,5.4916,0.032502,0.1866,-30.14,,0.015428,0.006614,0.0,349.1,54.9,207.5,1479.0,1100.0,3029.0,1717.0,625.0,0.004631,0.010854,0.0952,0.078897,0.078939,2.4333,2.5256,305.5,386.9,1619.6,0.3848,-410.1328125,105.4345932006836,67.6620101928711,49.870967864990234,22.09858512878418,34.367942810058594,15.210504531860352,21.63689613342285,4.827807903289795,24.17581558227539,-0.42880141735076904,18.62300682067871,-10.08321475982666,15.3870210647583,-10.499809265136719,16.094425201416016,-10.15618896484375,14.05610466003418,1.6348310708999634,11.088165283203125,-12.738743782043457,14.599311828613281,0.7469427585601807,9.738543510437012,-1.660139560699463,11.014901161193848
indextts2_emo_afraid,7,r3_indextts2_emo_afraid,r3,afraid,,,,5.45,7.219,6.611,7.239,runs/r3_indextts2_emo_afraid/02_tts/7.wav,5.6425,0.031972,0.2945,-29.08,,0.019352,0.007201,0.0,368.2,121.2,522.3,1570.0,1102.0,3100.0,1727.0,545.0,0.006692,0.012631,0.1088,0.07303,0.0645,1.9858,2.4208,406.5,999.9,1968.4,0.6465,-402.5436096191406,144.70457458496094,40.02559280395508,36.779571533203125,8.272174835205078,28.017547607421875,18.56982421875,28.167367935180664,5.7823381423950195,24.396440505981445,6.387808322906494,19.76580810546875,-7.456842422485352,21.40854835510254,-5.283205986022949,17.05544662475586,-7.3167853355407715,17.860071182250977,1.1319642066955566,12.446874618530273,-1.3806440830230713,13.84878921508789,11.251622200012207,13.515140533447266,8.481698989868164,15.453497886657715
indextts2_emo_angry,1,r3_indextts2_emo_angry,r3,angry,,,,6.985,7.547,4.811,8.526,runs/r3_indextts2_emo_angry/02_tts/1.wav,5.1897,0.063168,0.5899,-22.34,,0.039523,0.014259,0.0,370.0,137.4,549.3,2237.0,1180.0,3998.0,1821.0,411.0,0.01843,0.026748,0.3296,0.162202,0.123715,2.3989,2.5532,446.5,1157.5,1917.0,1.2145,-292.3945617675781,147.24241638183594,21.216215133666992,41.84440612792969,-11.381174087524414,49.2485466003418,4.632192611694336,30.313379287719727,-13.902060508728027,26.8250732421875,-0.8791395425796509,20.016212463378906,-11.4677734375,18.94910430908203,-6.876020908355713,15.87897777557373,-10.295175552368164,14.73119831085205,4.187594890594482,11.165630340576172,-5.522119998931885,18.369340896606445,11.859703063964844,20.824275970458984,0.1598082035779953,17.31234359741211
indextts2_emo_angry,10,r3_indextts2_emo_angry,r3,angry,,,,7.546,6.593,5.436,8.119,runs/r3_indextts2_emo_angry/02_tts/10.wav,4.8646,0.082812,0.8609,-18.98,,0.063673,0.019273,0.0,321.7,141.9,528.9,1708.0,1077.0,3129.0,1632.0,552.0,0.007858,0.01424,0.3015,0.114248,0.095284,2.2145,2.1367,463.2,1121.0,1678.3,0.8447,-329.7401428222656,138.2318572998047,44.578880310058594,48.52288818359375,-11.01534652709961,56.50645446777344,3.6745712757110596,26.793691635131836,-9.235060691833496,26.47699737548828,-5.915616035461426,19.564388275146484,-5.9892578125,13.841833114624023,-6.358415126800537,16.013263702392578,-15.161169052124023,18.189321517944336,6.199236869812012,10.473133087158203,-2.313707113265991,14.700081825256348,14.480280876159668,20.783281326293945,6.131433963775635,17.826087951660156
indextts2_emo_angry,13,r3_indextts2_emo_angry,r3,angry,,,,9.089,5.824,4.554,8.512,runs/r3_indextts2_emo_angry/02_tts/13.wav,5.8282,0.06093,0.7132,-22.79,,0.039248,0.015953,0.005464,332.1,123.8,512.4,1784.0,703.0,3501.0,1691.0,411.0,0.007734,0.014724,0.3183,0.120219,0.068015,2.7088,3.7327,540.2,1265.1,1681.3,0.6798,-335.1065673828125,178.39601135253906,45.46424102783203,35.618446350097656,-26.901479721069336,50.430057525634766,10.143587112426758,29.9217529296875,-18.23151969909668,29.253868103027344,-3.5477635860443115,20.82468605041504,-15.140089988708496,21.337726593017578,-5.6954474449157715,19.396129608154297,-10.14511775970459,15.982629776000977,5.672025203704834,10.466492652893066,-9.043493270874023,15.443750381469727,5.820469856262207,12.497275352478027,-1.1135250329971313,16.49294662475586
indextts2_emo_angry,4,r3_indextts2_emo_angry,r3,angry,,,,7.875,7.746,5.198,9.288,runs/r3_indextts2_emo_angry/02_tts/4.wav,5.329,0.05033,0.7231,-24.92,,0.035273,0.009677,0.0,290.3,119.4,542.4,1549.0,998.0,3119.0,1717.0,605.0,0.005322,0.01022,0.2014,0.092478,0.079639,2.3801,2.5659,507.9,1156.9,1306.3,0.4973,-365.6338806152344,141.6719512939453,67.04589080810547,46.38687515258789,5.082351207733154,43.50141525268555,3.751507520675659,24.676658630371094,-3.9186835289001465,23.252784729003906,-4.516201019287109,19.963136672973633,-7.471461296081543,17.145383834838867,-6.723813533782959,18.389341354370117,-8.764431953430176,15.51408863067627,4.7733306884765625,11.291556358337402,-8.196852684020996,15.239768981933594,7.904568672180176,18.075925827026367,-0.022734133526682854,13.104997634887695
indextts2_emo_angry,7,r3_indextts2_emo_angry,r3,angry,,,,9.048,6.339,6.318,7.343,runs/r3_indextts2_emo_angry/02_tts/7.wav,5.6076,0.042282,0.4119,-26.81,,0.024833,0.009879,0.0,318.5,61.4,266.4,1396.0,869.0,2855.0,1565.0,600.0,0.004281,0.009944,0.1459,0.079942,0.055421,2.3779,2.4523,353.7,997.2,1551.1,0.4194,-372.63446044921875,124.64704895019531,65.14712524414062,43.62847900390625,3.401211738586426,38.096343994140625,8.274234771728516,35.93363571166992,-4.477612018585205,25.63716697692871,6.9564290046691895,19.446256637573242,-7.861620903015137,18.199743270874023,-7.284473896026611,14.60174560546875,-7.457398891448975,14.275826454162598,6.158220291137695,12.995506286621094,-8.511795997619629,12.052453994750977,5.761053562164307,11.29011058807373,-0.5604714751243591,14.556533813476562
indextts2_emo_calm,1,r3_indextts2_emo_calm,r3,calm,,,,6.388,7.74,4.527,8.642,runs/r3_indextts2_emo_calm/02_tts/1.wav,5.7818,0.020292,0.1142,-33.35,,0.010536,0.003307,0.0,229.5,88.9,350.0,1665.0,1031.0,3207.0,1696.0,489.0,0.006746,0.012519,0.0805,0.095959,0.09425,2.2188,1.8617,367.0,864.8,1709.0,0.5477,-407.4915466308594,123.1927719116211,70.6558609008789,48.92964172363281,11.85913372039795,43.14212417602539,30.18558120727539,29.75751304626465,-5.907243251800537,30.620256423950195,5.242148399353027,23.62582778930664,-5.464940071105957,17.55567169189453,-5.947122573852539,15.219301223754883,-10.761130332946777,14.655539512634277,5.700328350067139,11.12879753112793,-9.834193229675293,11.66442584991455,4.991093635559082,8.907561302185059,-1.9874317646026611,8.109928131103516
indextts2_emo_calm,10,r3_indextts2_emo_calm,r3,calm,,,,6.625,7.124,5.532,7.923,runs/r3_indextts2_emo_calm/02_tts/10.wav,5.7005,0.012439,0.0817,-37.8,,0.006315,0.002029,0.0,196.9,57.7,253.1,1529.0,1185.0,2782.0,1566.0,563.0,0.01052,0.019807,0.0563,0.104659,0.094174,2.0841,2.1866,410.6,423.2,1269.6,0.483,-451.7840576171875,154.31996154785156,78.17362213134766,59.1418342590332,13.723779678344727,44.57815933227539,23.36505699157715,29.022680282592773,-0.4724545478820801,23.880701065063477,3.720799207687378,18.9990291595459,-1.1537047624588013,15.959635734558105,-3.1354284286499023,14.254748344421387,-14.400577545166016,18.404373168945312,9.173811912536621,10.57231616973877,-7.291967868804932,12.990269660949707,6.405592441558838,9.402264595031738,-0.9467519521713257,11.645028114318848
indextts2_emo_calm,13,r3_indextts2_emo_calm,r3,calm,,,,9.385,6.238,4.358,8.704,runs/r3_indextts2_emo_calm/02_tts/13.wav,5.6657,0.032261,0.2777,-29.16,,0.017756,0.006786,0.0,249.2,111.0,376.2,1715.0,836.0,3411.0,1752.0,445.0,0.008226,0.014272,0.1564,0.105249,0.074639,2.4429,2.6417,426.2,1101.9,1917.2,0.5666,-353.9613342285156,145.65185546875,60.90812683105469,41.6472282409668,0.6596184372901917,46.20979690551758,15.11214542388916,31.420581817626953,-12.40656566619873,26.415605545043945,1.7378047704696655,18.494279861450195,-15.15478229522705,21.607147216796875,-11.523193359375,17.862205505371094,-11.295804023742676,15.491029739379883,0.45117253065109253,10.774877548217773,-9.986959457397461,14.611647605895996,6.24783992767334,8.339855194091797,-2.374783515930176,9.470170974731445
indextts2_emo_calm,4,r3_indextts2_emo_calm,r3,calm,,,,7.072,8.164,5.57,9.043,runs/r3_indextts2_emo_calm/02_tts/4.wav,5.9443,0.015596,0.0803,-38.19,,0.007332,0.002486,0.0,206.7,61.6,251.4,1432.0,1128.0,2821.0,1697.0,630.0,0.005421,0.011005,0.0561,0.069402,0.06704,2.3207,2.671,467.0,1357.5,2279.0,0.4129,-459.0839538574219,128.06849670410156,85.96754455566406,55.13507843017578,30.104629516601562,33.895084381103516,23.36067771911621,23.74715805053711,6.761580467224121,25.872177124023438,3.10709285736084,18.97332191467285,-4.097355842590332,16.001047134399414,-4.949982643127441,14.72938346862793,-8.303389549255371,14.205763816833496,6.112583160400391,10.845427513122559,-9.893736839294434,13.134241104125977,6.1984477043151855,8.270198822021484,-0.42549797892570496,8.896499633789062
indextts2_emo_calm,7,r3_indextts2_emo_calm,r3,calm,,,,8.44,6.542,6.56,7.262,runs/r3_indextts2_emo_calm/02_tts/7.wav,5.4219,0.025686,0.1557,-32.22,,0.012467,0.004957,0.0,266.2,30.4,159.1,1269.0,758.0,2568.0,1523.0,507.0,0.004143,0.009516,0.0921,0.067104,0.050341,2.3386,2.406,357.2,652.9,1383.5,0.2927,-394.8638000488281,117.18413543701172,87.91632843017578,39.52170944213867,8.315958976745605,36.908355712890625,19.86282730102539,33.90582275390625,-4.173507213592529,26.347352981567383,9.573819160461426,20.339950561523438,-8.91569709777832,19.742572784423828,-10.479976654052734,14.90825080871582,-9.188474655151367,14.415345191955566,5.5790019035339355,12.985345840454102,-5.905992031097412,10.00204086303711,4.540198802947998,10.647989273071289,-0.275726318359375,8.513257026672363
indextts2_emo_disgusted,1,r3_indextts2_emo_disgusted,r3,disgusted,,,,5.943,7.836,4.571,8.552,runs/r3_indextts2_emo_disgusted/02_tts/1.wav,5.8631,0.039496,0.5079,-27.38,,0.024127,0.008831,0.0,304.1,137.5,515.7,1904.0,1237.0,3622.0,1828.0,433.0,0.012321,0.02441,0.1543,0.123134,0.135806,2.2606,2.2848,382.8,1013.4,1884.2,0.644,-366.542724609375,138.50167846679688,45.0013542175293,45.9468879699707,8.3818998336792,39.059226989746094,18.8507080078125,31.889211654663086,-2.6451926231384277,29.212888717651367,-2.8022842407226562,22.625940322875977,-6.886626720428467,17.03817367553711,-7.9468092918396,14.494515419006348,-12.769447326660156,17.450550079345703,0.6924861669540405,10.424695014953613,-8.247228622436523,13.839750289916992,3.5886762142181396,13.711874961853027,-0.13087844848632812,13.692380905151367
indextts2_emo_disgusted,10,r3_indextts2_emo_disgusted,r3,disgusted,,,,6.524,7.679,5.484,8.037,runs/r3_indextts2_emo_disgusted/02_tts/10.wav,5.2013,0.035358,0.3303,-28.47,,0.018953,0.007219,0.0,336.1,81.9,373.2,1618.0,1142.0,2940.0,1637.0,588.0,0.007554,0.017404,0.1475,0.107958,0.094795,2.3069,2.1278,383.6,1091.8,1535.2,0.4167,-383.4326171875,149.1297149658203,65.62012481689453,53.92708969116211,0.06446436047554016,50.45387268066406,8.868460655212402,30.19992446899414,-6.471424102783203,28.15458869934082,-0.5052685141563416,21.336002349853516,-5.848178386688232,18.900907516479492,-4.505058765411377,15.947257995605469,-14.45798397064209,19.329143524169922,4.121458530426025,11.078333854675293,-6.966034412384033,12.877089500427246,6.010571002960205,11.05808162689209,-1.211034893989563,12.047882080078125
indextts2_emo_disgusted,13,r3_indextts2_emo_disgusted,r3,disgusted,,,,8.481,6.687,4.332,8.728,runs/r3_indextts2_emo_disgusted/02_tts/13.wav,6.699,0.027363,0.1836,-30.82,1.48,0.016391,0.005928,0.0,309.4,129.2,502.8,1547.0,1054.0,2974.0,1659.0,519.0,0.0059,0.013634,0.0979,0.097142,0.09301,2.2683,2.3178,425.0,1181.4,2029.8,0.3699,-405.0272216796875,128.26133728027344,72.0832290649414,45.65602111816406,4.292426586151123,44.673667907714844,10.003246307373047,26.555635452270508,0.336505264043808,25.3575496673584,2.797902822494507,19.118911743164062,-5.543216228485107,18.44507598876953,-11.513463973999023,19.411169052124023,-10.514448165893555,15.618760108947754,-1.8556604385375977,10.370187759399414,-8.809708595275879,13.341279029846191,5.396076679229736,8.224631309509277,-3.3870513439178467,13.719454765319824
indextts2_emo_disgusted,4,r3_indextts2_emo_disgusted,r3,disgusted,,,,7.234,8.167,5.194,9.367,runs/r3_indextts2_emo_disgusted/02_tts/4.wav,5.0504,0.036833,0.2734,-28.41,,0.018639,0.008475,0.0,374.8,68.3,252.0,1495.0,1105.0,2875.0,1651.0,606.0,0.005751,0.014253,0.1432,0.095261,0.091891,2.3891,2.3478,400.3,944.7,1548.9,0.3753,-377.87310791015625,133.7619171142578,73.57897186279297,51.98717498779297,9.507033348083496,36.73495101928711,5.148946285247803,26.73418617248535,-3.552053689956665,26.611909866333008,-3.6098687648773193,20.02608871459961,-10.22075080871582,17.768770217895508,-8.823444366455078,17.16382598876953,-8.004133224487305,15.81348705291748,-0.43478837609291077,11.319884300231934,-13.278332710266113,14.036476135253906,2.8818445205688477,10.042936325073242,-3.22097110748291,14.43332290649414
indextts2_emo_disgusted,7,r3_indextts2_emo_disgusted,r3,disgusted,,,,6.222,7.65,6.608,7.217,runs/r3_indextts2_emo_disgusted/02_tts/7.wav,5.7005,0.042635,0.2801,-27.03,,0.022255,0.009616,0.0,363.1,68.9,282.0,1471.0,1091.0,2785.0,1628.0,579.0,0.005754,0.012488,0.1533,0.094566,0.092439,2.2873,2.7637,397.3,1127.5,1343.0,0.4158,-376.9478759765625,134.2576141357422,62.894203186035156,46.37611770629883,11.661091804504395,33.225765228271484,10.99935245513916,31.909799575805664,-4.087737083435059,27.81734275817871,3.554206609725952,20.17675018310547,-8.983028411865234,20.305946350097656,-12.880441665649414,18.56683349609375,-11.29199504852295,17.378890991210938,-0.7304126620292664,13.176412582397461,-5.610929012298584,13.390179634094238,3.3645217418670654,11.373551368713379,0.9458685517311096,12.234143257141113
indextts2_emo_happy,1,r3_indextts2_emo_happy,r3,happy,,,,5.496,8.411,4.687,8.543,runs/r3_indextts2_emo_happy/02_tts/1.wav,4.8066,0.054833,0.6685,-23.75,,0.035148,0.011938,0.0,409.9,77.5,319.5,2101.0,1154.0,3873.0,1838.0,393.0,0.014029,0.021854,0.255,0.14726,0.120936,2.3393,2.481,436.2,1088.3,1781.6,0.9068,-328.3276062011719,151.96551513671875,30.141860961914062,39.43498611450195,-6.761815071105957,45.30078125,12.255430221557617,32.94841384887695,-7.4162797927856445,26.711767196655273,-5.862982273101807,22.853933334350586,-6.833985805511475,16.31121063232422,-9.265727996826172,18.337890625,-10.993749618530273,14.121256828308105,1.0131815671920776,13.431506156921387,-7.0120954513549805,14.215394020080566,12.683676719665527,23.060415267944336,4.371286869049072,16.075214385986328
indextts2_emo_happy,10,r3_indextts2_emo_happy,r3,happy,,,,6.631,7.758,5.746,7.931,runs/r3_indextts2_emo_happy/02_tts/10.wav,4.9691,0.069965,0.7497,-22.08,,0.046074,0.018317,0.0,401.9,97.4,369.6,2024.0,1185.0,3663.0,1757.0,528.0,0.011919,0.022018,0.2801,0.143517,0.100272,2.3189,2.193,469.5,1078.0,1782.3,0.7216,-320.1750793457031,130.01698303222656,30.67581558227539,47.11066436767578,-12.351950645446777,47.99586868286133,4.097235679626465,25.61405372619629,-11.476618766784668,26.219118118286133,-9.848551750183105,21.20073890686035,-7.08463716506958,15.317665100097656,-9.476594924926758,16.471357345581055,-15.667778015136719,18.232637405395508,4.810956954956055,14.666461944580078,1.8870511054992676,18.672639846801758,17.22170066833496,21.44577407836914,12.324628829956055,19.090782165527344
indextts2_emo_happy,13,r3_indextts2_emo_happy,r3,happy,,,,7.783,6.796,4.489,8.537,runs/r3_indextts2_emo_happy/02_tts/13.wav,5.9908,0.099179,0.8507,-19.14,,0.063283,0.025889,0.0,417.6,132.7,549.3,1869.0,963.0,3486.0,1700.0,471.0,0.008148,0.014455,0.4268,0.135514,0.092781,2.5552,2.6769,526.0,1149.5,1744.6,0.5699,-293.0173034667969,144.42234802246094,37.71075439453125,35.880462646484375,-29.389598846435547,53.205501556396484,-1.3193261623382568,30.96954345703125,-15.038846969604492,25.228965759277344,-7.751008987426758,22.50249671936035,-16.917898178100586,21.01152229309082,-16.911277770996094,21.24859619140625,-9.679974555969238,16.068538665771484,1.906062364578247,15.698933601379395,-3.7529242038726807,20.00609016418457,19.668981552124023,23.9301700592041,11.506488800048828,21.492820739746094
indextts2_emo_happy,4,r3_indextts2_emo_happy,r3,happy,,,,6.423,8.646,5.311,9.333,runs/r3_indextts2_emo_happy/02_tts/4.wav,5.2013,0.076169,0.8236,-21.49,,0.045152,0.019243,0.0,434.6,79.5,311.7,1787.0,1270.0,3276.0,1681.0,609.0,0.006876,0.012167,0.306,0.128241,0.1205,2.3826,2.4094,458.1,1054.1,1703.7,0.5963,-312.9795837402344,133.5636444091797,42.09992218017578,42.609920501708984,-9.811807632446289,43.43822479248047,-0.5229864716529846,23.632705688476562,-6.883375644683838,26.68411636352539,-8.830825805664062,22.247034072875977,-8.696157455444336,18.583921432495117,-8.222393989562988,20.053707122802734,-6.781537055969238,17.0217342376709,-2.609205722808838,14.322831153869629,-8.444327354431152,16.056917190551758,10.962038040161133,20.302034378051758,12.137740135192871,22.082197189331055
indextts2_emo_happy,7,r3_indextts2_emo_happy,r3,happy,,,,6.793,7.572,6.447,7.314,runs/r3_indextts2_emo_happy/02_tts/7.wav,4.7717,0.053846,0.3485,-24.78,,0.028535,0.01182,0.0,401.2,134.6,545.9,1724.0,1000.0,3340.0,1754.0,476.0,0.007558,0.012538,0.2159,0.108743,0.088241,2.3342,2.6235,420.9,1006.5,1548.4,0.5553,-338.8126220703125,139.3984375,43.83573532104492,35.38641357421875,-5.774526596069336,41.39281463623047,0.163330078125,30.74407386779785,-9.222283363342285,25.55096435546875,4.167973518371582,22.65532112121582,-14.8575439453125,21.941556930541992,-10.792820930480957,16.34143829345703,-7.875683784484863,17.637168884277344,2.44938325881958,14.759262084960938,-1.7724918127059937,19.15224266052246,15.475666999816895,22.92891502380371,8.754858016967773,21.251388549804688
indextts2_emo_melancholic,1,r3_indextts2_emo_melancholic,r3,melancholic,,,,5.517,7.586,4.478,8.715,runs/r3_indextts2_emo_melancholic/02_tts/1.wav,6.6061,0.010135,0.072,-39.0,1.73,0.005678,0.001475,0.014493,163.1,88.7,241.1,1706.0,1216.0,3364.0,1807.0,422.0,0.022462,0.097973,0.0425,0.087985,0.096632,1.9628,2.0809,444.5,1479.5,1978.1,0.7538,-473.1327819824219,133.91835021972656,76.0335693359375,51.43710708618164,21.06423568725586,29.26122283935547,28.779552459716797,25.79432487487793,9.334786415100098,26.02301788330078,8.737534523010254,17.193103790283203,-0.9564501047134399,15.797359466552734,-0.9245163798332214,14.961906433105469,-7.211486339569092,15.111316680908203,4.95141077041626,8.769250869750977,-8.53802490234375,11.898033142089844,8.068392753601074,8.732507705688477,-0.8941516280174255,8.393588066101074
indextts2_emo_melancholic,10,r3_indextts2_emo_melancholic,r3,melancholic,,,,5.143,7.355,5.59,7.936,runs/r3_indextts2_emo_melancholic/02_tts/10.wav,7.5581,0.009837,0.0838,-39.39,5.89,0.005214,0.001435,0.004219,158.8,86.3,220.1,1729.0,1287.0,3284.0,1690.0,498.0,0.015171,0.048953,0.0403,0.107445,0.122051,1.8815,2.1866,351.5,1339.8,2227.9,0.9094,-483.8154602050781,138.17800903320312,61.186729431152344,55.88786697387695,13.702457427978516,40.4095344543457,30.114179611206055,27.12911033630371,8.289939880371094,24.500656127929688,10.916961669921875,17.157976150512695,5.270572662353516,17.094013214111328,4.843122482299805,14.75151252746582,-10.608404159545898,16.139572143554688,5.888893127441406,8.269085884094238,-3.185980796813965,12.763341903686523,8.480172157287598,8.865307807922363,1.2638916969299316,9.869438171386719
indextts2_emo_melancholic,13,r3_indextts2_emo_melancholic,r3,melancholic,,,,5.585,7.308,4.468,8.721,runs/r3_indextts2_emo_melancholic/02_tts/13.wav,8.2199,0.007232,0.0708,-41.91,2.12,0.004002,0.001195,0.0,179.3,80.5,282.5,1645.0,1180.0,3209.0,1795.0,427.0,0.011827,0.019647,0.0314,0.087957,0.0984,1.9852,2.2626,335.8,1528.6,2083.0,0.7844,-505.4726867675781,139.42562866210938,71.49203491210938,40.48496627807617,19.87293243408203,33.33172607421875,33.532630920410156,23.28325843811035,13.545125961303711,19.2298641204834,16.062898635864258,14.60215950012207,-0.30030643939971924,15.057804107666016,2.3994863033294678,14.112088203430176,-8.030858993530273,16.29090690612793,4.646182060241699,9.058280944824219,-5.168641090393066,12.547653198242188,11.745097160339355,6.767969131469727,1.4999363422393799,9.127025604248047
indextts2_emo_melancholic,4,r3_indextts2_emo_melancholic,r3,melancholic,,,,4.89,9.122,5.308,9.242,runs/r3_indextts2_emo_melancholic/02_tts/4.wav,6.9079,0.012356,0.0625,-39.82,1.89,0.004682,0.001771,0.0,214.0,45.4,228.0,1399.0,1234.0,2773.0,1669.0,608.0,0.006498,0.014328,0.0415,0.064862,0.07766,2.1342,2.6651,436.2,1718.9,2373.0,0.5374,-482.2679748535156,118.34639739990234,81.62509155273438,49.76700210571289,22.658580780029297,29.118104934692383,28.069746017456055,20.473148345947266,16.69412612915039,22.19276237487793,9.606974601745605,15.867271423339844,-1.9400337934494019,14.559557914733887,-0.27962833642959595,15.139629364013672,-5.670688629150391,15.964670181274414,4.217731475830078,10.056253433227539,-11.54392147064209,13.216267585754395,5.814627647399902,8.478889465332031,1.229623556137085,8.638548851013184
indextts2_emo_melancholic,7,r3_indextts2_emo_melancholic,r3,melancholic,,,,5.033,7.7,6.359,7.414,runs/r3_indextts2_emo_melancholic/02_tts/7.wav,7.3608,0.010401,0.0638,-41.94,1.42,0.005086,0.001856,0.0,187.4,73.6,236.1,1323.0,1195.0,2491.0,1569.0,498.0,0.007477,0.016736,0.0349,0.063789,0.093017,1.8965,2.8621,507.5,1446.5,2193.0,0.674,-514.5888061523438,149.0226287841797,72.57291412353516,45.443389892578125,16.60761833190918,29.50286102294922,25.994516372680664,28.754674911499023,19.72755241394043,21.82147216796875,21.67957305908203,18.15717887878418,4.2557373046875,16.12139129638672,1.599503517150879,14.019270896911621,-0.3328172564506531,14.29281234741211,6.268309116363525,9.654378890991211,-1.7349097728729248,11.948856353759766,9.341632843017578,7.412421226501465,1.512736439704895,8.933892250061035
indextts2_emo_sad,1,r3_indextts2_emo_sad,r3,sad,,,,5.004,7.819,4.763,8.506,runs/r3_indextts2_emo_sad/02_tts/1.wav,6.7686,0.03987,0.4011,-25.16,11.17,0.030145,0.007872,0.0,385.0,140.6,539.0,1853.0,1182.0,3568.0,1855.0,401.0,0.012693,0.022932,0.1472,0.105565,0.108943,2.0183,2.699,466.2,1185.1,1846.6,0.7709,-413.099365234375,161.91571044921875,31.72716522216797,33.3001823425293,4.385009288787842,39.478031158447266,20.227243423461914,27.81155014038086,5.1657633781433105,26.07217788696289,-0.8081860542297363,23.318227767944336,-2.1082043647766113,20.032236099243164,-5.154269695281982,18.219036102294922,-7.798594951629639,18.399723052978516,1.8664004802703857,10.108952522277832,-2.794246196746826,11.942079544067383,13.262907028198242,12.948205947875977,12.37552547454834,15.38346004486084
indextts2_emo_sad,10,r3_indextts2_emo_sad,r3,sad,,,,5.7,8.057,5.366,8.033,runs/r3_indextts2_emo_sad/02_tts/10.wav,6.223,0.050683,0.6846,-24.23,11.59,0.03925,0.012294,0.0,380.8,118.2,365.3,1564.0,1167.0,2990.0,1673.0,546.0,0.006986,0.013393,0.1439,0.091602,0.095794,1.8408,2.1046,488.6,1259.1,2095.7,0.5518,-399.818115234375,134.92018127441406,38.629512786865234,48.01053237915039,7.270820617675781,40.889251708984375,16.477846145629883,23.872068405151367,-0.7652548551559448,23.569135665893555,-2.1548750400543213,20.040283203125,-4.7396345138549805,17.085771560668945,-7.357522487640381,18.264041900634766,-13.230749130249023,19.284120559692383,4.896306991577148,9.883934020996094,1.4871294498443604,15.431329727172852,18.32857894897461,20.618534088134766,16.203706741333008,19.144489288330078
indextts2_emo_sad,13,r3_indextts2_emo_sad,r3,sad,,,,6.461,6.557,4.432,8.691,runs/r3_indextts2_emo_sad/02_tts/13.wav,7.4884,0.034111,0.2717,-27.28,10.49,0.025361,0.008221,0.0,383.3,126.6,483.9,1854.0,1223.0,3658.0,1861.0,396.0,0.009422,0.016845,0.0963,0.116597,0.122792,1.9416,2.5019,450.5,1386.6,1392.1,0.5706,-431.9559631347656,133.50137329101562,32.116371154785156,35.88907241821289,3.6096341609954834,35.11265563964844,16.01235008239746,24.911104202270508,4.474570274353027,19.415470123291016,2.1791794300079346,18.097827911376953,-4.733319282531738,17.303504943847656,-11.653701782226562,22.690441131591797,-8.057089805603027,17.277881622314453,-1.5272642374038696,13.779764175415039,-3.445967435836792,12.371603965759277,12.500643730163574,12.906564712524414,16.899015426635742,17.9445743560791
indextts2_emo_sad,4,r3_indextts2_emo_sad,r3,sad,,,,5.122,8.806,5.279,9.331,runs/r3_indextts2_emo_sad/02_tts/4.wav,6.6642,0.036875,0.4137,-27.58,10.74,0.026932,0.009466,0.0,310.8,144.7,496.4,1417.0,1130.0,2743.0,1708.0,541.0,0.004188,0.009263,0.097,0.073541,0.086872,1.901,2.5706,511.7,1172.7,2107.7,0.506,-433.3412780761719,123.26331329345703,48.337303161621094,43.14555740356445,18.96792984008789,30.181180953979492,18.464712142944336,21.878446578979492,10.063600540161133,22.8529052734375,-1.73623788356781,20.342561721801758,-6.733309268951416,18.690359115600586,-5.739232540130615,18.159534454345703,-8.33808708190918,16.98788833618164,2.403165340423584,10.957058906555176,-2.324244976043701,13.88120174407959,11.866694450378418,17.51263999938965,11.286284446716309,18.35003662109375
indextts2_emo_sad,7,r3_indextts2_emo_sad,r3,sad,,,,4.828,7.826,6.547,7.246,runs/r3_indextts2_emo_sad/02_tts/7.wav,5.9095,0.024047,0.2054,-31.66,,0.013945,0.005678,0.0,402.2,73.2,320.8,1714.0,1259.0,3364.0,1772.0,527.0,0.008766,0.015516,0.0853,0.096352,0.100362,2.0292,2.616,418.6,1324.1,2092.7,0.7067,-419.837158203125,136.93519592285156,39.33800506591797,41.558509826660156,11.584092140197754,27.358173370361328,15.759288787841797,29.08745574951172,7.320897102355957,24.412235260009766,8.164905548095703,19.699134826660156,-8.549429893493652,21.3026065826416,-6.682446479797363,18.36770248413086,-8.894536018371582,17.245468139648438,0.03535832464694977,13.487984657287598,-1.6252539157867432,13.832392692565918,12.994874000549316,12.476006507873535,9.701009750366211,13.585559844970703
indextts2_emo_surprised,1,r3_indextts2_emo_surprised,r3,surprised,,,,5.653,8.612,4.714,8.543,runs/r3_indextts2_emo_surprised/02_tts/1.wav,4.9459,0.068503,0.6331,-22.11,,0.043626,0.015412,0.0,354.4,151.7,545.9,2105.0,1224.0,3782.0,1786.0,427.0,0.013156,0.023179,0.2947,0.150532,0.132576,2.3464,2.4419,455.4,1135.3,1879.7,0.897,-311.6495361328125,138.79454040527344,27.989591598510742,41.3873405456543,-11.638140678405762,48.02836608886719,9.885621070861816,29.826631546020508,-4.052968502044678,23.67673683166504,-7.393179893493652,22.700517654418945,-8.95991039276123,16.506576538085938,-8.92928409576416,17.00111961364746,-10.246996879577637,18.010051727294922,1.5692023038864136,15.713150024414062,-4.433522701263428,18.154220581054688,14.412650108337402,22.7719669342041,3.967149019241333,14.301932334899902
indextts2_emo_surprised,10,r3_indextts2_emo_surprised,r3,surprised,,,,6.201,7.976,5.812,7.774,runs/r3_indextts2_emo_surprised/02_tts/10.wav,5.062,0.033081,0.2707,-29.12,,0.015829,0.005899,0.0,335.6,86.4,381.2,1556.0,1152.0,2847.0,1590.0,596.0,0.008399,0.018539,0.1373,0.105208,0.09485,2.3272,2.1839,375.1,1042.4,1645.1,0.4096,-387.53863525390625,145.81544494628906,68.75916290283203,52.61182403564453,3.8380465507507324,49.79930114746094,9.275931358337402,29.3397159576416,-7.497710704803467,28.616422653198242,-0.566306471824646,21.543601989746094,-6.551157474517822,19.349937438964844,-5.734395503997803,15.741188049316406,-15.01170539855957,18.650617599487305,2.6195099353790283,11.535273551940918,-8.392831802368164,14.57474422454834,5.423534870147705,11.33788013458252,-0.9439157247543335,13.533289909362793
indextts2_emo_surprised,13,r3_indextts2_emo_surprised,r3,surprised,,,,8.618,6.456,4.415,8.687,runs/r3_indextts2_emo_surprised/02_tts/13.wav,5.5032,0.043771,0.3062,-26.29,,0.024221,0.008996,0.0,332.9,136.8,456.9,1732.0,1056.0,3316.0,1727.0,507.0,0.007606,0.015343,0.2142,0.119121,0.097453,2.5607,2.7926,434.5,1134.9,1847.6,0.5118,-353.86883544921875,164.34844970703125,56.90705490112305,47.76089096069336,-6.192974090576172,48.87084197998047,3.136569023132324,29.531639099121094,-13.59957218170166,27.013046264648438,-1.2851263284683228,20.663116455078125,-12.838242530822754,20.55747413635254,-14.636348724365234,20.681251525878906,-9.251180648803711,16.434518814086914,-3.192741870880127,12.488119125366211,-11.622506141662598,15.938703536987305,9.209195137023926,12.119863510131836,0.9630443453788757,17.643779754638672
indextts2_emo_surprised,4,r3_indextts2_emo_surprised,r3,surprised,,,,7.566,7.764,5.551,9.02,runs/r3_indextts2_emo_surprised/02_tts/4.wav,4.9111,0.031007,0.197,-30.05,,0.01467,0.00599,0.0,364.2,67.0,226.8,1475.0,1048.0,2930.0,1668.0,622.0,0.004836,0.010569,0.1183,0.083924,0.070598,2.3902,2.5666,363.5,863.0,1711.6,0.3664,-396.26751708984375,137.75550842285156,74.23887634277344,48.83998107910156,10.951279640197754,37.38824462890625,9.024068832397461,25.44553565979004,-1.2577277421951294,25.684051513671875,-2.722811698913574,19.807966232299805,-10.314826965332031,17.894317626953125,-6.725536823272705,16.85655403137207,-7.564596652984619,14.908346176147461,0.8402837514877319,10.628746032714844,-13.462906837463379,14.691720962524414,2.083306312561035,9.90458869934082,-3.5882155895233154,12.577347755432129
indextts2_emo_surprised,7,r3_indextts2_emo_surprised,r3,surprised,,,,7.327,7.025,6.474,7.301,runs/r3_indextts2_emo_surprised/02_tts/7.wav,4.6324,0.038417,0.2515,-28.16,,0.018571,0.007556,0.0,368.3,78.4,263.4,1520.0,934.0,2974.0,1685.0,530.0,0.005971,0.01218,0.1558,0.090955,0.067868,2.3112,2.516,376.4,1035.8,1520.4,0.408,-366.96771240234375,139.8301239013672,60.91341018676758,39.01951217651367,3.014130115509033,38.048622131347656,5.745110511779785,34.018272399902344,-7.744810581207275,25.78951072692871,8.293166160583496,21.85926628112793,-9.948193550109863,20.80925750732422,-9.825966835021973,16.283842086791992,-6.184793472290039,14.485908508300781,-0.5861532092094421,12.039774894714355,-8.426661491394043,14.469522476196289,6.97019100189209,11.4276123046875,-2.5515198707580566,15.907806396484375
indextts2_int_calm_a0.3,1,r3_indextts2_int_calm_a0.3,r3,calm,0.3,,,6.111,8.0,4.574,8.621,runs/r3_indextts2_int_calm_a0.3/02_tts/1.wav,5.7237,0.013913,0.0851,-36.97,,0.006749,0.002261,0.0,207.0,81.6,323.2,1698.0,1082.0,3386.0,1749.0,502.0,0.009663,0.019867,0.0582,0.105343,0.107704,2.2688,1.9936,408.2,1098.6,1769.3,0.4992,-424.69683837890625,111.43511962890625,82.68359375,50.49510192871094,14.30838680267334,40.241851806640625,26.609512329101562,27.431093215942383,-1.020666241645813,27.10814094543457,4.511030673980713,20.900455474853516,-5.338418006896973,16.38680076599121,-4.923582553863525,14.53364372253418,-11.725988388061523,13.417360305786133,6.6982502937316895,11.895272254943848,-11.807733535766602,11.18847942352295,6.170797348022461,8.152923583984375,-2.617144823074341,8.673728942871094
indextts2_int_calm_a0.3,13,r3_indextts2_int_calm_a0.3,r3,calm,0.3,,,8.255,6.424,4.258,8.811,runs/r3_indextts2_int_calm_a0.3/02_tts/13.wav,6.4436,0.013294,0.0775,-37.62,0.22,0.006492,0.00221,0.0,212.8,62.5,251.4,1445.0,981.0,2872.0,1657.0,505.0,0.005858,0.012078,0.0497,0.084971,0.077017,2.2012,1.9834,402.9,559.8,1072.3,0.3392,-451.84869384765625,123.01434326171875,91.44985961914062,43.125423431396484,20.455320358276367,42.1204719543457,26.45343017578125,27.14365577697754,-0.5945377349853516,23.07027244567871,3.257990837097168,15.71902084350586,-7.692685127258301,17.995365142822266,-5.0701069831848145,15.387441635131836,-14.723710060119629,15.026592254638672,7.290658473968506,9.024529457092285,-11.592534065246582,12.706279754638672,10.196093559265137,8.447802543640137,-0.7298990488052368,9.146347045898438
indextts2_int_calm_a0.3,7,r3_indextts2_int_calm_a0.3,r3,calm,0.3,,,7.273,7.52,6.509,7.293,runs/r3_indextts2_int_calm_a0.3/02_tts/7.wav,6.1417,0.016693,0.0942,-36.81,4.05,0.006417,0.00245,0.0,230.5,59.5,312.6,1286.0,861.0,2599.0,1567.0,520.0,0.00412,0.008785,0.0596,0.065163,0.05196,2.2504,2.2589,581.8,1309.4,2220.7,0.3058,-429.9349365234375,115.09620666503906,95.44681549072266,43.20097351074219,16.002174377441406,33.616600036621094,24.040822982788086,34.25168228149414,-2.0210273265838623,25.961339950561523,10.64281177520752,18.792654037475586,-7.08327054977417,19.309396743774414,-6.282860279083252,14.485794067382812,-11.18138599395752,12.555867195129395,8.786935806274414,12.828193664550781,-6.1916351318359375,10.834606170654297,5.995204925537109,10.76052188873291,-1.8497599363327026,8.904569625854492
indextts2_int_calm_a0.6,1,r3_indextts2_int_calm_a0.6,r3,calm,0.6,,,5.866,8.025,4.643,8.604,runs/r3_indextts2_int_calm_a0.6/02_tts/1.wav,5.9211,0.015918,0.099,-35.84,,0.007774,0.002647,0.0,234.4,66.5,284.4,1713.0,1135.0,3345.0,1724.0,502.0,0.009063,0.017315,0.063,0.109073,0.113606,2.1877,1.8695,387.8,814.7,1718.5,0.5164,-421.5838317871094,113.25363159179688,78.87850189208984,50.6984977722168,16.409353256225586,42.217098236083984,27.337434768676758,26.9514102935791,-2.5260441303253174,27.60899543762207,5.572924613952637,21.787256240844727,-6.4196271896362305,16.6636905670166,-3.978710651397705,14.614341735839844,-13.1615629196167,14.46753215789795,7.680830955505371,11.085254669189453,-9.580483436584473,10.317520141601562,4.502686977386475,8.507000923156738,-1.3866249322891235,8.343865394592285
indextts2_int_calm_a0.6,13,r3_indextts2_int_calm_a0.6,r3,calm,0.6,,,8.586,6.624,4.269,8.812,runs/r3_indextts2_int_calm_a0.6/02_tts/13.wav,5.8631,0.019373,0.1025,-34.13,,0.010837,0.003489,0.0,218.4,76.6,298.2,1416.0,827.0,2876.0,1659.0,488.0,0.005522,0.010933,0.0688,0.080657,0.059154,2.1904,2.037,340.6,959.7,1800.1,0.3109,-416.7987365722656,120.01090240478516,82.84326934814453,40.95028305053711,14.859517097473145,42.31884002685547,21.935213088989258,29.64794921875,-4.307314872741699,22.610631942749023,2.552738904953003,16.287269592285156,-9.47175407409668,16.94184684753418,-8.68702220916748,16.894250869750977,-13.15600872039795,15.177316665649414,5.19238805770874,9.636178016662598,-11.51090145111084,13.471577644348145,8.64574909210205,7.68467903137207,-1.3647838830947876,9.166106224060059
indextts2_int_calm_a0.6,7,r3_indextts2_int_calm_a0.6,r3,calm,0.6,,,7.404,7.429,6.487,7.29,runs/r3_indextts2_int_calm_a0.6/02_tts/7.wav,5.8399,0.023234,0.1375,-35.07,,0.011441,0.004238,0.0,248.0,24.1,125.2,1210.0,815.0,2418.0,1509.0,512.0,0.002793,0.005328,0.0717,0.065323,0.057223,2.2529,2.2941,611.8,1314.5,2209.4,0.2651,-419.08319091796875,115.58759307861328,94.55120849609375,41.39152145385742,14.81207275390625,35.84814453125,22.176937103271484,34.718650817871094,-3.230780839920044,25.990636825561523,10.177820205688477,18.890600204467773,-8.296225547790527,19.4736328125,-6.244407653808594,15.189269065856934,-10.093362808227539,12.68856143951416,7.2152886390686035,14.5510892868042,-5.395405292510986,10.73483943939209,4.859706401824951,11.074349403381348,-0.7466385364532471,8.381396293640137
indextts2_int_calm_a1.0,1,r3_indextts2_int_calm_a1.0,r3,calm,1.0,,,6.797,7.242,4.755,8.594,runs/r3_indextts2_int_calm_a1.0/02_tts/1.wav,5.4916,0.019624,0.1487,-33.84,,0.010283,0.00342,0.0,229.7,87.6,323.2,1670.0,1015.0,3329.0,1727.0,496.0,0.006011,0.009858,0.0782,0.093727,0.093279,2.2474,1.8986,373.1,904.4,1791.8,0.4859,-407.6726989746094,116.7987060546875,76.62074279785156,48.9429817199707,13.304301261901855,43.693511962890625,26.1557559967041,29.30501365661621,-5.864656448364258,29.10662269592285,5.477114200592041,21.351024627685547,-6.20933198928833,16.76252555847168,-7.290091037750244,14.735515594482422,-11.012139320373535,13.999009132385254,5.63198709487915,11.011434555053711,-9.762911796569824,10.699646949768066,4.358499050140381,8.940250396728516,-0.6888520121574402,8.770133972167969
indextts2_int_calm_a1.0,13,r3_indextts2_int_calm_a1.0,r3,calm,1.0,,,8.777,6.132,4.35,8.762,runs/r3_indextts2_int_calm_a1.0/02_tts/13.wav,5.3871,0.031421,0.3044,-29.14,,0.017175,0.006645,0.0,245.7,105.4,371.3,1724.0,823.0,3500.0,1769.0,422.0,0.008431,0.015459,0.1534,0.103868,0.075426,2.4077,2.568,412.6,1074.1,1902.2,0.5734,-357.5298767089844,146.17019653320312,59.213157653808594,39.659461975097656,2.459282636642456,44.11274337768555,18.18866539001465,29.196685791015625,-13.313823699951172,28.032011032104492,0.5778841376304626,21.16797637939453,-16.207658767700195,20.335508346557617,-8.850339889526367,17.609376907348633,-12.968562126159668,15.853160858154297,1.3436217308044434,10.78679084777832,-9.020941734313965,13.738626480102539,5.273680686950684,8.149202346801758,-2.0178775787353516,9.722066879272461
indextts2_int_calm_a1.0,7,r3_indextts2_int_calm_a1.0,r3,calm,1.0,,,8.063,6.962,6.515,7.277,runs/r3_indextts2_int_calm_a1.0/02_tts/7.wav,5.6425,0.026246,0.1808,-32.13,,0.013542,0.005322,0.0,265.7,33.1,225.5,1221.0,780.0,2407.0,1505.0,495.0,0.003174,0.007321,0.0868,0.064837,0.053516,2.2069,2.1676,298.3,714.6,1403.2,0.29,-399.3025207519531,110.19578552246094,83.1618423461914,39.31669616699219,10.97085189819336,35.265777587890625,19.63343620300293,34.95764923095703,-3.806784152984619,26.687631607055664,9.726095199584961,19.33999252319336,-7.26377534866333,19.22154998779297,-8.880751609802246,16.045324325561523,-7.606978416442871,13.367279052734375,6.064422130584717,12.765256881713867,-4.186061382293701,10.131918907165527,2.417135238647461,10.535904884338379,-0.3699480891227722,8.004975318908691
indextts2_int_happy_a0.3,1,r3_indextts2_int_happy_a0.3,r3,happy,0.3,,,6.468,7.453,4.663,8.596,runs/r3_indextts2_int_happy_a0.3/02_tts/1.wav,5.6889,0.014105,0.0942,-37.19,,0.006752,0.002083,0.0,230.1,62.6,246.2,1627.0,1152.0,3226.0,1738.0,492.0,0.007762,0.01418,0.0556,0.097777,0.111248,2.1895,1.866,377.5,962.0,1905.1,0.4759,-437.5419006347656,118.55571746826172,82.64039611816406,51.1595573425293,19.518516540527344,38.263206481933594,25.649194717407227,26.666040420532227,2.651329517364502,24.644746780395508,3.98246169090271,20.59852409362793,-4.8226470947265625,16.618921279907227,-2.0644240379333496,15.010411262512207,-10.906538009643555,15.189729690551758,6.686616897583008,10.367265701293945,-9.251354217529297,12.356942176818848,6.8348565101623535,8.794004440307617,-2.9816489219665527,8.494750022888184
indextts2_int_happy_a0.3,13,r3_indextts2_int_happy_a0.3,r3,happy,0.3,,,7.835,6.979,4.433,8.735,runs/r3_indextts2_int_happy_a0.3/02_tts/13.wav,7.3027,0.014367,0.0871,-36.75,1.34,0.007824,0.002484,0.0,221.9,71.2,253.1,1451.0,1037.0,2866.0,1663.0,500.0,0.005748,0.011868,0.0481,0.085831,0.081661,2.1577,2.0816,376.1,1138.7,1944.2,0.357,-467.62786865234375,123.87854766845703,85.92701721191406,44.500301361083984,21.54973793029785,42.18246078491211,25.358779907226562,27.707000732421875,2.704602003097534,22.392314910888672,3.9652531147003174,15.78899097442627,-6.555889129638672,16.494455337524414,-5.286411285400391,15.855151176452637,-14.087677001953125,15.36489486694336,8.093477249145508,9.690975189208984,-10.350630760192871,13.295116424560547,10.851890563964844,6.994133949279785,-0.34229776263237,10.159135818481445
indextts2_int_happy_a0.3,7,r3_indextts2_int_happy_a0.3,r3,happy,0.3,,,7.258,7.376,6.586,7.265,runs/r3_indextts2_int_happy_a0.3/02_tts/7.wav,5.9676,0.01753,0.0986,-36.01,,0.006651,0.002642,0.0,239.1,54.8,254.9,1252.0,903.0,2451.0,1524.0,537.0,0.004005,0.008413,0.0621,0.067103,0.054237,2.2624,2.5084,615.4,1343.9,2252.7,0.3136,-434.4926452636719,120.47332763671875,93.5608901977539,43.0479736328125,18.71595001220703,33.74113464355469,21.908349990844727,33.29204177856445,-0.5699166059494019,26.478212356567383,10.205376625061035,18.140907287597656,-7.489546298980713,19.729862213134766,-5.843295097351074,15.577888488769531,-9.939282417297363,13.420014381408691,8.118309020996094,13.166228294372559,-6.751302719116211,11.704885482788086,5.684297561645508,10.42412281036377,-1.5732184648513794,8.907407760620117
indextts2_int_happy_a0.6,1,r3_indextts2_int_happy_a0.6,r3,happy,0.6,,,6.467,7.652,4.597,8.782,runs/r3_indextts2_int_happy_a0.6/02_tts/1.wav,5.6309,0.019756,0.1253,-33.67,,0.010027,0.003035,0.0,247.2,77.9,323.2,1712.0,1165.0,3369.0,1764.0,522.0,0.007384,0.013359,0.0795,0.107749,0.11634,2.2255,1.8425,350.5,978.7,1837.1,0.5287,-409.9541931152344,119.1642837524414,71.03539276123047,50.831390380859375,17.934343338012695,42.355403900146484,21.276277542114258,27.25539779663086,0.2135794311761856,24.743593215942383,1.2697895765304565,19.775379180908203,-4.64906644821167,16.630136489868164,-5.1794047355651855,14.291248321533203,-11.945430755615234,15.211225509643555,5.544745922088623,9.709078788757324,-10.398921012878418,12.506857872009277,5.595588207244873,9.055313110351562,-2.5638363361358643,9.187034606933594
indextts2_int_happy_a0.6,13,r3_indextts2_int_happy_a0.6,r3,happy,0.6,,,8.469,6.397,4.254,8.863,runs/r3_indextts2_int_happy_a0.6/02_tts/13.wav,6.7222,0.041545,0.3187,-26.82,4.81,0.025547,0.008895,0.0,301.9,111.4,431.2,1645.0,1066.0,3148.0,1684.0,525.0,0.006201,0.014091,0.159,0.108179,0.097345,2.3588,2.6116,402.1,1079.8,1541.8,0.4661,-389.93060302734375,142.70233154296875,61.22505187988281,40.924964904785156,-3.318140745162964,54.117942810058594,14.434809684753418,31.089900970458984,-1.868726372718811,25.019792556762695,-1.999732255935669,18.59337043762207,-5.442905902862549,17.48877716064453,-9.748176574707031,17.565872192382812,-10.561208724975586,16.085838317871094,3.30949068069458,10.608370780944824,-9.42012882232666,14.276527404785156,6.279628753662109,10.466384887695312,-2.025136709213257,11.81610107421875
indextts2_int_happy_a0.6,7,r3_indextts2_int_happy_a0.6,r3,happy,0.6,,,7.991,6.764,6.618,7.243,runs/r3_indextts2_int_happy_a0.6/02_tts/7.wav,5.805,0.022009,0.1414,-33.73,,0.009973,0.003627,0.0,256.7,64.2,388.7,1290.0,890.0,2470.0,1576.0,531.0,0.003978,0.008007,0.0775,0.0709,0.060217,2.2615,2.5135,287.9,757.1,1424.0,0.3103,-418.0193176269531,120.92759704589844,85.564697265625,42.825435638427734,18.24015998840332,35.122798919677734,17.622819900512695,34.02082824707031,-0.6845992207527161,24.2819766998291,8.216123580932617,17.57616424560547,-7.452032566070557,18.78136444091797,-6.03995943069458,15.115809440612793,-8.657844543457031,13.404394149780273,6.458887100219727,12.740874290466309,-7.1254143714904785,11.04401683807373,5.438730716705322,10.47808837890625,-0.2731916904449463,9.070494651794434
indextts2_int_happy_a1.0,1,r3_indextts2_int_happy_a1.0,r3,happy,1.0,,,6.062,7.995,4.692,8.553,runs/r3_indextts2_int_happy_a1.0/02_tts/1.wav,4.9923,0.058275,0.5419,-23.49,,0.036544,0.012631,0.0,366.9,131.7,490.1,2123.0,1273.0,3881.0,1844.0,455.0,0.011071,0.019359,0.2664,0.141763,0.133813,2.3866,2.6244,462.8,1064.2,1895.5,0.8503,-331.0249938964844,153.0972900390625,29.009641647338867,42.22368240356445,-4.87756872177124,47.612857818603516,6.479491233825684,30.81200408935547,-5.392336368560791,25.393173217773438,-3.390775442123413,23.60921287536621,-7.962795734405518,16.278223037719727,-5.420632362365723,18.186777114868164,-12.793437004089355,16.7946720123291,-1.649857997894287,11.962427139282227,-9.786706924438477,14.387890815734863,12.104921340942383,20.014169692993164,8.218404769897461,20.164297103881836
indextts2_int_happy_a1.0,13,r3_indextts2_int_happy_a1.0,r3,happy,1.0,,,7.776,7.023,4.396,8.761,runs/r3_indextts2_int_happy_a1.0/02_tts/13.wav,5.7702,0.086094,0.6799,-20.67,,0.052784,0.020272,0.0,399.2,121.8,535.6,1827.0,890.0,3596.0,1763.0,463.0,0.008041,0.017723,0.3303,0.121471,0.083631,2.4936,2.5819,427.4,1045.7,1639.5,0.4863,-307.6506042480469,129.355712890625,37.71156692504883,34.4546012878418,-21.57686996459961,49.74298858642578,1.8500618934631348,28.172040939331055,-12.356148719787598,23.0931339263916,-7.218933582305908,20.629974365234375,-11.397865295410156,17.85201644897461,-16.74874496459961,21.02859878540039,-12.703446388244629,17.730016708374023,-0.29972654581069946,13.388741493225098,-7.873655796051025,20.308744430541992,14.404647827148438,23.78342056274414,8.20449447631836,22.39820098876953
indextts2_int_happy_a1.0,7,r3_indextts2_int_happy_a1.0,r3,happy,1.0,,,6.69,7.385,6.462,7.374,runs/r3_indextts2_int_happy_a1.0/02_tts/7.wav,4.7717,0.051922,0.3795,-24.93,,0.028257,0.012419,0.0,457.5,80.6,268.7,1835.0,1085.0,3488.0,1797.0,506.0,0.008651,0.013337,0.2243,0.119342,0.094305,2.3151,2.5954,461.4,1137.8,1730.4,0.635,-339.6889953613281,144.20541381835938,39.45590591430664,36.504981994628906,-5.339669227600098,39.59526443481445,-2.9290339946746826,31.890323638916016,-5.702964782714844,23.418298721313477,-0.5305216312408447,23.813955307006836,-14.291287422180176,22.122512817382812,-10.68457317352295,16.45608901977539,-8.282127380371094,18.02806854248047,5.056318759918213,15.510687828063965,1.7032681703567505,22.816442489624023,20.001127243041992,24.282251358032227,11.7056884765625,21.71630096435547
emo_afraid_bothnorm,1,r4_bothnorm_emo_afraid,r4,afraid,,bothnorm,,3.854,7.859,4.807,8.508,runs/r4_bothnorm_emo_afraid/02_tts/1.wav,6.9428,0.054307,0.5952,-23.0,9.91,0.038672,0.010477,0.0,328.8,149.0,490.1,1735.0,1209.0,3357.0,1822.0,421.0,0.010419,0.022761,0.2037,0.104791,0.122097,1.9094,2.5266,445.5,1203.1,2065.0,0.7899,-372.9353332519531,157.15188598632812,34.62310028076172,36.33402633666992,9.662510871887207,40.419559478759766,21.197649002075195,28.55864715576172,7.307636737823486,25.812917709350586,1.4572787284851074,22.537063598632812,-1.6310787200927734,18.587261199951172,-4.220103740692139,18.889341354370117,-6.223932266235352,20.37386703491211,2.661846160888672,11.872693061828613,-1.3487961292266846,12.038853645324707,11.732808113098145,13.249685287475586,10.628817558288574,17.85066795349121
emo_afraid_bothnorm,10,r4_bothnorm_emo_afraid,r4,afraid,,bothnorm,,4.345,8.137,5.439,8.025,runs/r4_bothnorm_emo_afraid/02_tts/10.wav,6.4204,0.056456,0.7433,-23.0,11.13,0.042964,0.0135,0.0,379.2,112.9,339.4,1673.0,1307.0,3131.0,1691.0,555.0,0.008909,0.016996,0.1674,0.103542,0.113901,1.8737,2.1907,488.7,1214.0,2233.5,0.6973,-377.904296875,128.04379272460938,36.7999267578125,47.90419006347656,11.274739265441895,40.61493682861328,13.95720386505127,23.789323806762695,-0.5077837109565735,23.237504959106445,-1.4692325592041016,20.277957916259766,-3.6059510707855225,16.554105758666992,-5.589938640594482,17.929019927978516,-10.894775390625,19.506465911865234,4.598875045776367,12.092498779296875,2.514333963394165,15.849637031555176,12.504615783691406,17.389400482177734,14.324759483337402,17.30675506591797
emo_afraid_bothnorm,13,r4_bothnorm_emo_afraid,r4,afraid,,bothnorm,,5.293,7.576,4.431,8.686,runs/r4_bothnorm_emo_afraid/02_tts/13.wav,7.3608,0.060506,0.4584,-23.0,5.2,0.043071,0.013603,0.0,386.3,117.4,549.3,1765.0,1034.0,3575.0,1872.0,405.0,0.010897,0.019604,0.1738,0.098726,0.095298,1.9458,2.3747,424.5,1328.9,1384.3,0.5071,-370.8009948730469,145.06919860839844,34.349727630615234,30.42499542236328,0.4698132276535034,34.3576545715332,18.077117919921875,23.9476375579834,2.9433369636535645,19.182601928710938,-1.1000206470489502,17.494796752929688,-6.906848907470703,19.458545684814453,-12.581169128417969,21.311588287353516,-10.53911304473877,16.423236846923828,-1.4974515438079834,11.398019790649414,-2.657766580581665,11.591135025024414,11.322441101074219,16.682130813598633,9.000056266784668,14.701595306396484
emo_afraid_bothnorm,4,r4_bothnorm_emo_afraid,r4,afraid,,bothnorm,,4.138,10.03,5.194,9.26,runs/r4_bothnorm_emo_afraid/02_tts/4.wav,5.4916,0.073927,0.4244,-23.0,,0.035092,0.015044,0.0,349.1,54.9,207.5,1480.0,1100.0,3030.0,1719.0,623.0,0.005073,0.011797,0.2166,0.078897,0.078939,2.4333,2.5255,305.5,386.9,1619.5,0.3849,-329.3785400390625,105.43276977539062,67.66248321533203,49.87162399291992,22.1008243560791,34.3695068359375,15.210135459899902,21.6376895904541,4.822780132293701,24.172809600830078,-0.4303814172744751,18.624897003173828,-10.081212043762207,15.387089729309082,-10.499846458435059,16.0946102142334,-10.15495777130127,14.053217887878418,1.63337242603302,11.0867919921875,-12.740643501281738,14.602365493774414,0.7463162541389465,9.739214897155762,-1.660605549812317,11.014900207519531
emo_afraid_bothnorm,7,r4_bothnorm_emo_afraid,r4,afraid,,bothnorm,,4.17,8.299,6.656,7.172,runs/r4_bothnorm_emo_afraid/02_tts/7.wav,5.6425,0.064417,0.5933,-23.0,,0.038991,0.014509,0.0,368.2,121.2,522.3,1571.0,1101.0,3101.0,1731.0,541.0,0.007425,0.013867,0.2193,0.07303,0.0645,1.9858,2.4208,406.5,999.9,1968.5,0.6466,-333.70379638671875,144.7030029296875,40.02558517456055,36.77853012084961,8.273566246032715,28.017841339111328,18.569154739379883,28.166505813598633,5.780301094055176,24.39509391784668,6.388770580291748,19.766653060913086,-7.456730365753174,21.407732009887695,-5.283198356628418,17.055009841918945,-7.3178019523620605,17.860904693603516,1.1320252418518066,12.448822975158691,-1.3799856901168823,13.850399017333984,11.25216007232666,13.514527320861816,8.483345031738281,15.452771186828613
emo_angry_bothnorm,1,r4_bothnorm_emo_angry,r4,angry,,bothnorm,,5.648,7.883,4.856,8.52,runs/r4_bothnorm_emo_angry/02_tts/1.wav,5.1897,0.058563,0.5469,-23.0,,0.036642,0.013219,0.0,370.0,137.4,549.3,2243.0,1172.0,4014.0,1832.0,402.0,0.021401,0.031,0.3056,0.162202,0.123715,2.3989,2.5531,446.5,1157.5,1916.9,1.2144,-299.8260498046875,147.23284912109375,21.220815658569336,41.84598159790039,-11.37932300567627,49.24732971191406,4.635388374328613,30.313552856445312,-13.898808479309082,26.829307556152344,-0.8742591738700867,20.01947593688965,-11.466544151306152,18.950693130493164,-6.875704765319824,15.875672340393066,-10.29786205291748,14.726123809814453,4.183276176452637,11.162424087524414,-5.525365829467773,18.36723518371582,11.858773231506348,20.824886322021484,0.15778298676013947,17.310020446777344
emo_angry_bothnorm,10,r4_bothnorm_emo_angry,r4,angry,,bothnorm,,6.748,7.034,5.545,8.067,runs/r4_bothnorm_emo_angry/02_tts/10.wav,4.8646,0.052103,0.5416,-23.0,,0.04006,0.012126,0.0,321.7,141.9,528.9,1716.0,1068.0,3151.0,1648.0,545.0,0.009394,0.01681,0.1897,0.114248,0.095284,2.2145,2.1366,463.1,1121.0,1678.4,0.8447,-375.2708740234375,138.22882080078125,44.5771484375,48.51822280883789,-11.013874053955078,56.5061149597168,3.674910068511963,26.794696807861328,-9.236945152282715,26.47670555114746,-5.917665958404541,19.56746482849121,-5.98988676071167,13.843632698059082,-6.358495712280273,16.01091766357422,-15.160114288330078,18.18771743774414,6.200570106506348,10.47184944152832,-2.3126275539398193,14.6981840133667,14.483015060424805,20.782302856445312,6.134756565093994,17.825618743896484
emo_angry_bothnorm,13,r4_bothnorm_emo_angry,r4,angry,,bothnorm,,7.636,6.938,4.534,8.554,runs/r4_bothnorm_emo_angry/02_tts/13.wav,5.8282,0.059498,0.6964,-23.0,,0.038325,0.015578,0.005464,332.1,123.8,512.4,1821.0,700.0,3588.0,1717.0,446.0,0.009398,0.017026,0.3109,0.120219,0.068015,2.7086,3.7323,540.1,1265.1,1681.1,0.6798,-337.44610595703125,178.4022674560547,45.459842681884766,35.625404357910156,-26.902070999145508,50.42780303955078,10.147848129272461,29.922746658325195,-18.23086166381836,29.252450942993164,-3.5570216178894043,20.815567016601562,-15.149199485778809,21.323373794555664,-5.705452919006348,19.388343811035156,-10.151078224182129,15.974202156066895,5.665194034576416,10.469490051269531,-9.044713973999023,15.439671516418457,5.824917316436768,12.49681282043457,-1.1146435737609863,16.49056053161621
emo_angry_bothnorm,4,r4_bothnorm_emo_angry,r4,angry,,bothnorm,,7.81,7.333,5.415,9.135,runs/r4_bothnorm_emo_angry/02_tts/4.wav,5.329,0.062758,0.9017,-23.0,,0.043983,0.012067,0.0,290.3,119.4,542.4,1553.0,995.0,3132.0,1723.0,604.0,0.006049,0.011438,0.2511,0.092478,0.079639,2.3801,2.5658,507.9,1156.8,1306.3,0.4974,-343.9463195800781,141.67172241210938,67.04621887207031,46.38440704345703,5.084688663482666,43.50031280517578,3.7518463134765625,24.674097061157227,-3.9197559356689453,23.254417419433594,-4.516541004180908,19.964027404785156,-7.470313549041748,17.145158767700195,-6.726061820983887,18.391223907470703,-8.76535415649414,15.512989044189453,4.774971008300781,11.28815746307373,-8.195990562438965,15.239956855773926,7.903945446014404,18.076993942260742,-0.022989239543676376,13.104511260986328
emo_angry_bothnorm,7,r4_bothnorm_emo_angry,r4,angry,,bothnorm,,7.476,7.171,6.515,7.345,runs/r4_bothnorm_emo_angry/02_tts/7.wav,5.6076,0.065576,0.6389,-23.0,,0.038513,0.01532,0.0,318.5,61.4,266.4,1399.0,866.0,2855.0,1573.0,589.0,0.004821,0.011037,0.2262,0.079942,0.055421,2.378,2.4525,353.6,997.2,1551.1,0.4195,-329.5133972167969,124.64944458007812,65.14303588867188,43.62992858886719,3.4035041332244873,38.09592819213867,8.278448104858398,35.93444061279297,-4.473567485809326,25.636781692504883,6.9539265632629395,19.445833206176758,-7.860830307006836,18.197832107543945,-7.286044597625732,14.602580070495605,-7.454662799835205,14.277544975280762,6.158708095550537,12.995176315307617,-8.510369300842285,12.051939964294434,5.759995937347412,11.29045581817627,-0.5612207055091858,14.554659843444824
emo_calm_bothnorm,1,r4_bothnorm_emo_calm,r4,calm,,bothnorm,,5.618,7.804,4.813,8.432,runs/r4_bothnorm_emo_calm/02_tts/1.wav,5.7818,0.066834,0.3761,-23.0,,0.034702,0.010891,0.0,229.5,88.9,350.0,1666.0,1031.0,3208.0,1697.0,489.0,0.007347,0.01354,0.2652,0.095959,0.09425,2.2187,1.8617,367.0,864.7,1709.0,0.5477,-290.3548889160156,123.19583892822266,70.65211486816406,48.92567443847656,11.862031936645508,43.14228439331055,30.188919067382812,29.755128860473633,-5.902527809143066,30.621570587158203,5.241434097290039,23.62120819091797,-5.468120574951172,17.55133056640625,-5.950351715087891,15.218291282653809,-10.760540008544922,14.657234191894531,5.6985578536987305,11.128463745117188,-9.83039665222168,11.663863182067871,4.991525173187256,8.909213066101074,-1.9855643510818481,8.111698150634766
emo_calm_bothnorm,10,r4_bothnorm_emo_calm,r4,calm,,bothnorm,,6.995,7.148,5.508,7.931,runs/r4_bothnorm_emo_calm/02_tts/10.wav,5.7005,0.068374,0.449,-23.0,,0.034712,0.011153,0.0,196.9,57.7,253.1,1531.0,1183.0,2783.0,1570.0,560.0,0.011135,0.020837,0.3094,0.104659,0.094174,2.0841,2.1865,410.6,422.7,1269.6,0.483,-284.322509765625,154.31863403320312,78.17446899414062,59.14079284667969,13.725754737854004,44.577693939208984,23.365442276000977,29.02288818359375,-0.47104859352111816,23.88134002685547,3.7205193042755127,18.998414993286133,-1.1561866998672485,15.955942153930664,-3.1358823776245117,14.252477645874023,-14.403936386108398,18.4035701751709,9.174161911010742,10.57162094116211,-7.292168140411377,12.990982055664062,6.405189514160156,9.404744148254395,-0.9458217620849609,11.644637107849121
emo_calm_bothnorm,13,r4_bothnorm_emo_calm,r4,calm,,bothnorm,,7.763,7.394,4.283,8.848,runs/r4_bothnorm_emo_calm/02_tts/13.wav,5.6657,0.065534,0.564,-23.0,,0.036069,0.013785,0.0,249.2,111.0,376.2,1716.0,835.0,3416.0,1754.0,444.0,0.009243,0.015879,0.3177,0.105249,0.074639,2.4429,2.6416,426.2,1101.9,1917.2,0.5666,-284.3175354003906,145.6522979736328,60.906028747558594,41.647117614746094,0.6589903831481934,46.20967483520508,15.11274242401123,31.42143440246582,-12.405492782592773,26.417375564575195,1.740510106086731,18.49685287475586,-15.153180122375488,21.61067008972168,-11.521928787231445,17.86450958251953,-11.294678688049316,15.492965698242188,0.4515478014945984,10.77476978302002,-9.987977981567383,14.610334396362305,6.245500087738037,8.338708877563477,-2.375525951385498,9.46887493133545
emo_calm_bothnorm,4,r4_bothnorm_emo_calm,r4,calm,,bothnorm,,7.077,7.94,5.313,9.279,runs/r4_bothnorm_emo_calm/02_tts/4.wav,5.9443,0.08963,0.4614,-23.0,,0.042137,0.014286,0.0,206.7,61.6,251.4,1433.0,1128.0,2823.0,1698.0,630.0,0.005743,0.011646,0.3227,0.069402,0.06704,2.3208,2.6711,467.0,1357.5,2279.0,0.4129,-287.2405090332031,128.06784057617188,85.96484375,55.132850646972656,30.10453987121582,33.89419937133789,23.35740089416504,23.746444702148438,6.760441780090332,25.871654510498047,3.108051300048828,18.97371482849121,-4.096333026885986,16.001855850219727,-4.947972297668457,14.730507850646973,-8.303699493408203,14.205860137939453,6.111901760101318,10.845954895019531,-9.891539573669434,13.135872840881348,6.19955587387085,8.270278930664062,-0.4258471131324768,8.89597225189209
emo_calm_bothnorm,7,r4_bothnorm_emo_calm,r4,calm,,bothnorm,,7.643,7.429,6.657,7.19,runs/r4_bothnorm_emo_calm/02_tts/7.wav,5.4219,0.074209,0.4497,-23.0,,0.036019,0.014321,0.0,266.2,30.4,159.1,1270.0,758.0,2569.0,1524.0,506.0,0.004559,0.010434,0.2661,0.067104,0.050341,2.3387,2.406,357.2,652.9,1383.6,0.2928,-290.601806640625,117.17921447753906,87.91676330566406,39.522151947021484,8.312891960144043,36.90583801269531,19.860937118530273,33.905670166015625,-4.1739044189453125,26.3452205657959,9.572379112243652,20.33903694152832,-8.913860321044922,19.744098663330078,-10.479753494262695,14.911659240722656,-9.187183380126953,14.418718338012695,5.581387996673584,12.987225532531738,-5.907108306884766,9.999710083007812,4.540463447570801,10.64543628692627,-0.2735808789730072,8.5151948928833
emo_disgusted_bothnorm,1,r4_bothnorm_emo_disgusted,r4,disgusted,,bothnorm,,5.95,7.477,4.583,8.565,runs/r4_bothnorm_emo_disgusted/02_tts/1.wav,5.8631,0.065433,0.8414,-23.0,,0.03997,0.014631,0.0,304.1,137.5,515.7,1905.0,1236.0,3628.0,1830.0,432.0,0.013763,0.02706,0.2557,0.123134,0.135806,2.2605,2.2847,382.8,1013.4,1884.2,0.644,-316.9304504394531,138.4977569580078,45.004180908203125,45.94953918457031,8.382087707519531,39.06084060668945,18.8514461517334,31.8891544342041,-2.64467716217041,29.209928512573242,-2.8059122562408447,22.62270736694336,-6.891668796539307,17.034095764160156,-7.947519779205322,14.490476608276367,-12.769903182983398,17.448274612426758,0.6915255784988403,10.425166130065918,-8.245306015014648,13.843484878540039,3.592705488204956,13.714577674865723,-0.12748917937278748,13.692961692810059
emo_disgusted_bothnorm,10,r4_bothnorm_emo_disgusted,r4,disgusted,,bothnorm,,5.541,7.945,5.528,7.975,runs/r4_bothnorm_emo_disgusted/02_tts/10.wav,5.2013,0.066383,0.6201,-23.0,,0.035582,0.013552,0.0,336.1,81.9,373.2,1620.0,1140.0,2945.0,1641.0,587.0,0.008437,0.019415,0.277,0.107958,0.094795,2.3069,2.1278,383.6,1091.8,1535.2,0.4167,-321.52545166015625,149.12356567382812,65.62271118164062,53.91903305053711,0.06598462164402008,50.45333480834961,8.86662483215332,30.199539184570312,-6.474296569824219,28.152122497558594,-0.509719729423523,21.332603454589844,-5.852578163146973,18.895896911621094,-4.508196830749512,15.942712783813477,-14.45627498626709,19.326248168945312,4.122056484222412,11.077718734741211,-6.9626946449279785,12.879385948181152,6.0112762451171875,11.063641548156738,-1.206650733947754,12.051920890808105
emo_disgusted_bothnorm,13,r4_bothnorm_emo_disgusted,r4,disgusted,,bothnorm,,7.586,7.4,4.38,8.642,runs/r4_bothnorm_emo_disgusted/02_tts/13.wav,6.699,0.067314,0.4518,-23.0,1.48,0.040321,0.014582,0.0,309.4,129.2,502.8,1548.0,1053.0,2976.0,1661.0,519.0,0.006532,0.014993,0.241,0.097142,0.09301,2.2683,2.3177,425.0,1181.4,2029.8,0.3699,-316.564208984375,128.26023864746094,72.08360290527344,45.653377532958984,4.294330596923828,44.672847747802734,10.004934310913086,26.557222366333008,0.3371175229549408,25.357376098632812,2.7970492839813232,19.119333267211914,-5.544353485107422,18.44470977783203,-11.513571739196777,19.409204483032227,-10.513052940368652,15.617947578430176,-1.8537564277648926,10.370466232299805,-8.809778213500977,13.341827392578125,5.3951239585876465,8.223995208740234,-3.388153076171875,13.719413757324219
emo_disgusted_bothnorm,4,r4_bothnorm_emo_disgusted,r4,disgusted,,bothnorm,,5.783,8.897,5.323,9.276,runs/r4_bothnorm_emo_disgusted/02_tts/4.wav,5.0504,0.068629,0.5093,-23.0,,0.034731,0.01579,0.0,374.8,68.3,252.0,1496.0,1104.0,2876.0,1653.0,605.0,0.00644,0.015828,0.2668,0.095261,0.091891,2.3891,2.3479,400.3,944.6,1548.9,0.3754,-316.7165832519531,133.76327514648438,73.57899475097656,51.98609924316406,9.50847053527832,36.736053466796875,5.1494293212890625,26.73436164855957,-3.5531461238861084,26.610353469848633,-3.6114954948425293,20.0259952545166,-10.219489097595215,17.76927947998047,-8.821310043334961,17.16463279724121,-8.00249195098877,15.81387996673584,-0.4333530366420746,11.319762229919434,-13.278778076171875,14.035819053649902,2.878992795944214,10.042961120605469,-3.2235183715820312,14.430500030517578
emo_disgusted_bothnorm,7,r4_bothnorm_emo_disgusted,r4,disgusted,,bothnorm,,5.686,7.693,6.395,7.304,runs/r4_bothnorm_emo_disgusted/02_tts/7.wav,5.7005,0.067845,0.4458,-23.0,,0.035415,0.015301,0.0,363.1,68.9,282.0,1472.0,1090.0,2786.0,1631.0,577.0,0.006458,0.013986,0.244,0.094566,0.092439,2.2873,2.7639,397.3,1127.5,1342.8,0.4158,-331.29437255859375,134.25466918945312,62.892845153808594,46.3731689453125,11.663412094116211,33.22770690917969,10.99914264678955,31.91128158569336,-4.091219425201416,27.81270980834961,3.5519814491271973,20.173852920532227,-8.984993934631348,20.30263328552246,-12.881511688232422,18.564617156982422,-11.29218578338623,17.37779426574707,-0.7305591702461243,13.176268577575684,-5.608005523681641,13.392059326171875,3.3643949031829834,11.37436580657959,0.9476473331451416,12.234724044799805
emo_happy_bothnorm,1,r4_bothnorm_emo_happy,r4,happy,,bothnorm,,4.319,8.919,4.648,8.571,runs/r4_bothnorm_emo_happy/02_tts/1.wav,4.8066,0.059748,0.7284,-23.0,,0.038297,0.013008,0.0,409.9,77.5,319.5,2107.0,1147.0,3897.0,1846.0,389.0,0.016082,0.024913,0.2778,0.14726,0.120936,2.3393,2.4811,436.1,1088.3,1781.6,0.9068,-319.8892517089844,151.9580078125,30.141672134399414,39.43489074707031,-6.76018762588501,45.303131103515625,12.257001876831055,32.95319747924805,-7.414877414703369,26.714611053466797,-5.864070892333984,22.855287551879883,-6.836752414703369,16.30866050720215,-9.27035140991211,18.332416534423828,-10.995830535888672,14.118955612182617,1.015703797340393,13.429404258728027,-7.0106048583984375,14.210418701171875,12.6844482421875,23.060434341430664,4.37469482421875,16.076332092285156
emo_happy_bothnorm,10,r4_bothnorm_emo_happy,r4,happy,,bothnorm,,5.49,7.986,5.487,8.066,runs/r4_bothnorm_emo_happy/02_tts/10.wav,4.9691,0.062949,0.6745,-23.0,,0.041453,0.01648,0.0,401.9,97.4,369.6,2028.0,1181.0,3676.0,1763.0,526.0,0.013967,0.025797,0.252,0.143517,0.100272,2.319,2.193,469.5,1078.0,1782.3,0.7216,-330.5597839355469,130.01736450195312,30.67473030090332,47.10862731933594,-12.350102424621582,47.992733001708984,4.09656286239624,25.6140193939209,-11.474803924560547,26.21868133544922,-9.848529815673828,21.201936721801758,-7.083911418914795,15.319245338439941,-9.475547790527344,16.471492767333984,-15.66934585571289,18.235437393188477,4.81243896484375,14.665802955627441,1.8880399465560913,18.67243003845215,17.222352981567383,21.445880889892578,12.322880744934082,19.09369659423828
emo_happy_bothnorm,13,r4_bothnorm_emo_happy,r4,happy,,bothnorm,,6.619,7.045,4.335,8.893,runs/r4_bothnorm_emo_happy/02_tts/13.wav,5.9908,0.063622,0.5457,-23.0,,0.040595,0.016607,0.0,417.6,132.7,549.3,1875.0,957.0,3516.0,1709.0,471.0,0.009851,0.017296,0.2738,0.135514,0.092781,2.5552,2.677,526.0,1149.4,1744.6,0.5699,-336.6440734863281,144.42019653320312,37.708126068115234,35.879085540771484,-29.38660430908203,53.210933685302734,-1.3205702304840088,30.96927261352539,-15.042950630187988,25.224817276000977,-7.751519203186035,22.501310348510742,-16.9145450592041,21.012311935424805,-16.903932571411133,21.250934600830078,-9.678366661071777,16.067943572998047,1.9046621322631836,15.697850227355957,-3.7516212463378906,20.00543212890625,19.6715087890625,23.93016815185547,11.508747100830078,21.491802215576172
emo_happy_bothnorm,4,r4_bothnorm_emo_happy,r4,happy,,bothnorm,,5.625,8.867,5.403,9.139,runs/r4_bothnorm_emo_happy/02_tts/4.wav,5.2013,0.064028,0.6924,-23.0,,0.037955,0.016175,0.0,434.6,79.5,311.7,1789.0,1268.0,3278.0,1686.0,603.0,0.007972,0.014051,0.2572,0.128241,0.1205,2.3826,2.4095,458.1,1054.1,1703.6,0.5964,-330.0416259765625,133.5600128173828,42.101871490478516,42.609466552734375,-9.814154624938965,43.43973922729492,-0.5253115892410278,23.63322639465332,-6.8844404220581055,26.683696746826172,-8.830082893371582,22.243867874145508,-8.698953628540039,18.58261489868164,-8.223237037658691,20.05202865600586,-6.781040191650391,17.019384384155273,-2.608959436416626,14.32243824005127,-8.442523002624512,16.054214477539062,10.961337089538574,20.30350112915039,12.139779090881348,22.084320068359375
emo_happy_bothnorm,7,r4_bothnorm_emo_happy,r4,happy,,bothnorm,,5.943,7.983,6.498,7.269,runs/r4_bothnorm_emo_happy/02_tts/7.wav,4.7717,0.066082,0.4277,-23.0,,0.035019,0.014505,0.0,401.2,134.6,545.9,1725.0,998.0,3342.0,1757.0,474.0,0.008615,0.014242,0.2649,0.108743,0.088241,2.3345,2.6233,420.9,1006.5,1548.3,0.5553,-318.6900939941406,139.3944549560547,43.83449935913086,35.386451721191406,-5.779231548309326,41.387733459472656,0.16016072034835815,30.740392684936523,-9.219681739807129,25.549768447875977,4.171335220336914,22.660343170166016,-14.855650901794434,21.94330596923828,-10.794812202453613,16.340831756591797,-7.876684665679932,17.637271881103516,2.448956251144409,14.760696411132812,-1.7727687358856201,19.15178680419922,15.475954055786133,22.931697845458984,8.754840850830078,21.250696182250977
emo_melancholic_bothnorm,1,r4_bothnorm_emo_melancholic,r4,melancholic,,bothnorm,,4.876,8.415,4.759,8.501,runs/r4_bothnorm_emo_melancholic/02_tts/1.wav,6.6061,0.063965,0.4543,-23.0,1.73,0.035838,0.009306,0.014493,165.3,88.1,241.1,1699.0,1193.0,3368.0,1812.0,431.0,0.021867,0.090676,0.2682,0.087999,0.096626,1.9628,2.0809,444.6,1479.6,1978.2,0.7538,-292.0792236328125,133.9072723388672,76.0303726196289,51.43595886230469,21.06309700012207,29.257036209106445,28.775068283081055,25.793386459350586,9.336018562316895,26.02206039428711,8.739630699157715,17.192371368408203,-0.9595276713371277,15.795088768005371,-0.9265429973602295,14.960223197937012,-7.206418037414551,15.116098403930664,4.950562477111816,8.770646095275879,-8.538166999816895,11.896020889282227,8.07266616821289,8.734313011169434,-0.8993058800697327,8.390751838684082
emo_melancholic_bothnorm,10,r4_bothnorm_emo_melancholic,r4,melancholic,,bothnorm,,4.761,8.011,5.499,7.9,runs/r4_bothnorm_emo_melancholic/02_tts/10.wav,7.5581,0.064909,0.553,-23.0,5.89,0.034409,0.009471,0.004219,180.6,100.3,528.9,1730.0,1287.0,3286.0,1692.0,497.0,0.015378,0.043422,0.2661,0.108265,0.122196,1.8815,2.1864,351.6,1339.8,2227.9,0.9094,-298.3890686035156,138.1728515625,61.18535614013672,55.88726806640625,13.701911926269531,40.40802001953125,30.113691329956055,27.12913703918457,8.290170669555664,24.49954605102539,10.917542457580566,17.157026290893555,5.270731449127197,17.095773696899414,4.842155933380127,14.751389503479004,-10.60795783996582,16.139232635498047,5.888794422149658,8.269682884216309,-3.184364080429077,12.762980461120605,8.479371070861816,8.868295669555664,1.2630878686904907,9.867669105529785
emo_melancholic_bothnorm,13,r4_bothnorm_emo_melancholic,r4,melancholic,,bothnorm,,5.767,7.637,4.347,8.744,runs/r4_bothnorm_emo_melancholic/02_tts/13.wav,8.2199,0.063765,0.6243,-23.0,2.12,0.035292,0.010539,0.0,179.3,80.5,282.5,1646.0,1180.0,3210.0,1796.0,427.0,0.01229,0.020389,0.2766,0.087957,0.0984,1.9852,2.2626,335.8,1528.6,2083.0,0.7844,-291.5618591308594,139.4194793701172,71.48628997802734,40.483558654785156,19.87736701965332,33.3332405090332,33.53021240234375,23.282045364379883,13.545429229736328,19.23151206970215,16.0606746673584,14.60123348236084,-0.29695627093315125,15.060650825500488,2.402891159057617,14.11453628540039,-8.034320831298828,16.288097381591797,4.647274494171143,9.056974411010742,-5.168903350830078,12.54748821258545,11.744552612304688,6.768526554107666,1.4995523691177368,9.128033638000488
emo_melancholic_bothnorm,4,r4_bothnorm_emo_melancholic,r4,melancholic,,bothnorm,,4.414,9.757,5.484,9.2,runs/r4_bothnorm_emo_melancholic/02_tts/4.wav,6.9079,0.08568,0.4336,-23.0,1.89,0.032468,0.01228,0.0,214.0,45.4,228.0,1399.0,1234.0,2773.0,1669.0,608.0,0.006837,0.015086,0.2876,0.064862,0.07766,2.1342,2.665,436.3,1718.9,2373.0,0.5374,-291.9656066894531,118.34437561035156,81.62398529052734,49.765201568603516,22.660634994506836,29.118284225463867,28.06876564025879,20.47215461730957,16.692975997924805,22.190034866333008,9.605039596557617,15.86530876159668,-1.9371962547302246,14.562613487243652,-0.28156140446662903,15.139392852783203,-5.670565128326416,15.962502479553223,4.219698905944824,10.0593900680542,-11.543035507202148,13.212224006652832,5.810102462768555,8.476692199707031,1.2264655828475952,8.634090423583984
emo_melancholic_bothnorm,7,r4_bothnorm_emo_melancholic,r4,melancholic,,bothnorm,,4.845,8.237,6.38,7.343,runs/r4_bothnorm_emo_melancholic/02_tts/7.wav,7.3608,0.092108,0.565,-23.0,1.42,0.045039,0.016432,0.0,187.4,73.6,236.1,1323.0,1195.0,2492.0,1570.0,497.0,0.007753,0.017341,0.309,0.063789,0.093017,1.8964,2.8617,507.5,1446.5,2193.0,0.674,-300.2566223144531,149.01708984375,72.57362365722656,45.44279861450195,16.608503341674805,29.50261878967285,25.991954803466797,28.7552490234375,19.726871490478516,21.819576263427734,21.67796516418457,18.15549087524414,4.256810188293457,16.122888565063477,1.5998010635375977,14.019248008728027,-0.3320724666118622,14.290752410888672,6.269162178039551,9.655242919921875,-1.7325385808944702,11.952646255493164,9.342331886291504,7.409769058227539,1.509526252746582,8.930644035339355
emo_sad_bothnorm,1,r4_bothnorm_emo_sad,r4,sad,,bothnorm,,3.589,8.61,4.764,8.545,runs/r4_bothnorm_emo_sad/02_tts/1.wav,6.7686,0.051107,0.5142,-23.0,11.17,0.03864,0.010091,0.0,385.0,140.6,539.0,1858.0,1177.0,3589.0,1865.0,395.0,0.014528,0.026143,0.1886,0.105565,0.108943,2.0182,2.6988,466.2,1185.1,1846.6,0.7709,-388.6960754394531,161.91116333007812,31.731155395507812,33.30122375488281,4.389324188232422,39.481483459472656,20.229578018188477,27.813674926757812,5.163051605224609,26.069482803344727,-0.8156571388244629,23.31561279296875,-2.1130008697509766,20.025461196899414,-5.155341148376465,18.21780776977539,-7.794467449188232,18.40264892578125,1.8668429851531982,10.108442306518555,-2.7882049083709717,11.942380905151367,13.267918586730957,12.94639778137207,12.374809265136719,15.382460594177246
emo_sad_bothnorm,10,r4_bothnorm_emo_sad,r4,sad,,bothnorm,,4.628,8.264,5.398,7.996,runs/r4_bothnorm_emo_sad/02_tts/10.wav,6.223,0.058367,0.7884,-23.0,11.59,0.045201,0.014157,0.0,380.8,118.2,365.3,1571.0,1162.0,3007.0,1686.0,539.0,0.007995,0.015159,0.1657,0.091602,0.095794,1.8408,2.1045,488.6,1259.1,2095.7,0.5519,-385.9438171386719,134.91876220703125,38.63109588623047,48.010406494140625,7.27104377746582,40.88827133178711,16.47586441040039,23.872417449951172,-0.7641046047210693,23.570531845092773,-2.153663158416748,20.039560317993164,-4.7406182289123535,17.08405876159668,-7.356828212738037,18.26337432861328,-13.230706214904785,19.283607482910156,4.899834156036377,9.882238388061523,1.488598346710205,15.429765701293945,18.32767105102539,20.620820999145508,16.202922821044922,19.143558502197266
emo_sad_bothnorm,13,r4_bothnorm_emo_sad,r4,sad,,bothnorm,,5.186,7.471,4.479,8.568,runs/r4_bothnorm_emo_sad/02_tts/13.wav,7.4884,0.055816,0.4446,-23.0,10.49,0.041498,0.013451,0.0,383.3,126.6,483.9,1864.0,1216.0,3696.0,1874.0,394.0,0.01085,0.019311,0.1576,0.116597,0.122792,1.9417,2.5021,450.5,1386.0,1392.1,0.5707,-383.5652160644531,133.5004119873047,32.11513900756836,35.89021301269531,3.608910083770752,35.11358642578125,16.012039184570312,24.911584854125977,4.472982406616211,19.41384506225586,2.1753029823303223,18.096710205078125,-4.733076572418213,17.30154800415039,-11.652042388916016,22.690027236938477,-8.056113243103027,17.27486801147461,-1.5297240018844604,13.780512809753418,-3.448153257369995,12.372583389282227,12.498392105102539,12.905147552490234,16.897220611572266,17.94595718383789
emo_sad_bothnorm,4,r4_bothnorm_emo_sad,r4,sad,,bothnorm,,4.348,9.308,5.52,9.001,runs/r4_bothnorm_emo_sad/02_tts/4.wav,6.6642,0.062479,0.7009,-23.0,10.74,0.045631,0.016038,0.0,310.8,144.7,496.4,1420.0,1128.0,2750.0,1714.0,538.0,0.004708,0.010328,0.1643,0.073541,0.086872,1.9011,2.5705,511.7,1172.7,2107.7,0.5061,-381.5210876464844,123.26329040527344,48.33791732788086,43.144004821777344,18.96535301208496,30.178464889526367,18.465106964111328,21.879968643188477,10.064699172973633,22.854084014892578,-1.7329601049423218,20.34174346923828,-6.730461597442627,18.691612243652344,-5.74009370803833,18.162038803100586,-8.337278366088867,16.989242553710938,2.4062185287475586,10.957436561584473,-2.322878837585449,13.88187313079834,11.865456581115723,17.513124465942383,11.283990859985352,18.350101470947266
emo_sad_bothnorm,7,r4_bothnorm_emo_sad,r4,sad,,bothnorm,,3.89,8.323,6.532,7.16,runs/r4_bothnorm_emo_sad/02_tts/7.wav,5.9095,0.065136,0.5563,-23.0,,0.037775,0.015379,0.0,402.2,73.2,320.8,1715.0,1258.0,3364.0,1774.0,525.0,0.009621,0.016926,0.231,0.096352,0.100362,2.0292,2.6159,418.6,1324.1,2092.7,0.7067,-321.913818359375,136.93655395507812,39.33551025390625,41.557735443115234,11.582381248474121,27.356901168823242,15.75846004486084,29.08797264099121,7.322896957397461,24.41106605529785,8.163853645324707,19.697437286376953,-8.549026489257812,21.302881240844727,-6.681846618652344,18.36885643005371,-8.894810676574707,17.246681213378906,0.033798959106206894,13.48781967163086,-1.6251276731491089,13.833415985107422,12.996696472167969,12.476387977600098,9.704421997070312,13.58522891998291
emo_surprised_bothnorm,1,r4_bothnorm_emo_surprised,r4,surprised,,bothnorm,,4.701,8.861,4.865,8.564,runs/r4_bothnorm_emo_surprised/02_tts/1.wav,4.9459,0.061816,0.5713,-23.0,,0.039367,0.013907,0.0,354.4,151.7,545.9,2108.0,1220.0,3793.0,1792.0,424.0,0.015259,0.026669,0.2659,0.150532,0.132576,2.3463,2.4418,455.4,1135.3,1879.7,0.897,-321.736328125,138.78271484375,27.997037887573242,41.38951873779297,-11.634649276733398,48.03128433227539,9.88426685333252,29.82418441772461,-4.0564470291137695,23.67061996459961,-7.394136905670166,22.698497772216797,-8.961512565612793,16.50826072692871,-8.928481101989746,16.999740600585938,-10.247092247009277,18.010473251342773,1.570720911026001,15.71041202545166,-4.432729244232178,18.15178108215332,14.409740447998047,22.773822784423828,3.967932939529419,14.302523612976074
emo_surprised_bothnorm,10,r4_bothnorm_emo_surprised,r4,surprised,,bothnorm,,5.709,7.846,5.584,7.978,runs/r4_bothnorm_emo_surprised/02_tts/10.wav,5.062,0.066956,0.5478,-23.0,,0.032038,0.011939,0.0,335.6,86.4,381.2,1556.0,1151.0,2847.0,1592.0,595.0,0.009366,0.020606,0.2779,0.105208,0.09485,2.3272,2.1838,375.1,1042.4,1645.1,0.4097,-318.25018310546875,145.8137969970703,68.76067352294922,52.6085319519043,3.838158130645752,49.79682922363281,9.272442817687988,29.33832359313965,-7.497527122497559,28.61404800415039,-0.5674831867218018,21.5418643951416,-6.55318021774292,19.343849182128906,-5.738495349884033,15.735255241394043,-15.013447761535645,18.647611618041992,2.625777244567871,11.532946586608887,-8.392291069030762,14.577753067016602,5.424779891967773,11.337770462036133,-0.9414990544319153,13.534741401672363
emo_surprised_bothnorm,13,r4_bothnorm_emo_surprised,r4,surprised,,bothnorm,,7.406,7.171,4.559,8.508,runs/r4_bothnorm_emo_surprised/02_tts/13.wav,5.5032,0.063923,0.4471,-23.0,,0.035371,0.013137,0.0,332.9,136.8,456.9,1736.0,1052.0,3332.0,1733.0,506.0,0.00866,0.017407,0.3129,0.119121,0.097453,2.5605,2.7926,434.5,1134.9,1847.6,0.5118,-316.6514892578125,164.35015869140625,56.90301513671875,47.7610969543457,-6.196656703948975,48.86737823486328,3.1321861743927,29.526851654052734,-13.603562355041504,27.010543823242188,-1.283588171005249,20.662805557250977,-12.836161613464355,20.55924415588379,-14.634867668151855,20.684432983398438,-9.249504089355469,16.439002990722656,-3.19191837310791,12.491715431213379,-11.619817733764648,15.940583229064941,9.210659980773926,12.116989135742188,0.9664848446846008,17.644577026367188
emo_surprised_bothnorm,4,r4_bothnorm_emo_surprised,r4,surprised,,bothnorm,,6.711,8.396,5.258,9.382,runs/r4_bothnorm_emo_surprised/02_tts/4.wav,4.9111,0.069827,0.4437,-23.0,,0.033038,0.013491,0.0,364.2,67.0,226.8,1477.0,1046.0,2937.0,1671.0,621.0,0.005388,0.011719,0.2665,0.083924,0.070598,2.3901,2.5664,363.5,863.0,1711.6,0.3664,-316.4893798828125,137.75059509277344,74.24224090576172,48.8395881652832,10.952132225036621,37.389617919921875,9.024124145507812,25.444496154785156,-1.2558777332305908,25.686132431030273,-2.7213973999023438,19.81032943725586,-10.313230514526367,17.895532608032227,-6.726400852203369,16.857959747314453,-7.5657501220703125,14.907721519470215,0.8371025323867798,10.625734329223633,-13.467551231384277,14.686051368713379,2.0811314582824707,9.90037727355957,-3.5896122455596924,12.577383041381836
emo_surprised_bothnorm,7,r4_bothnorm_emo_surprised,r4,surprised,,bothnorm,,5.522,8.033,6.464,7.395,runs/r4_bothnorm_emo_surprised/02_tts/7.wav,4.6324,0.069588,0.4556,-23.0,,0.03364,0.013686,0.0,368.3,78.4,263.4,1521.0,933.0,2976.0,1687.0,529.0,0.006647,0.013453,0.2823,0.090955,0.067868,2.3113,2.516,376.4,1035.8,1520.4,0.408,-308.5807189941406,139.81944274902344,60.92109298706055,39.014766693115234,3.0208237171173096,38.054832458496094,5.745927333831787,34.01961898803711,-7.748013019561768,25.78447151184082,8.289454460144043,21.852916717529297,-9.952095031738281,20.7999267578125,-9.828893661499023,16.275968551635742,-6.1879191398620605,14.48440170288086,-0.5891003608703613,12.041936874389648,-8.426762580871582,14.472437858581543,6.97234582901001,11.427051544189453,-2.549159049987793,15.90805721282959
fish_bothnorm,1,r4_bothnorm_fish,r4,,,bothnorm,fish,4.625,9.307,4.788,8.493,runs/r4_bothnorm_fish/02_tts/1.wav,5.059,0.071311,0.3624,-23.0,,0.036181,0.014191,0.0,238.6,15.5,70.5,1988.0,1064.0,3839.0,1754.0,454.0,0.025493,0.044569,0.2628,0.14478,0.11545,2.2446,1.9127,402.4,885.0,1593.3,0.4844,-255.88473510742188,85.0374984741211,61.83259582519531,50.347900390625,-3.6658191680908203,39.40005874633789,11.941435813903809,25.95869255065918,-15.358423233032227,23.086030960083008,-8.31152057647705,19.386796951293945,-22.99123191833496,13.744478225708008,-20.553298950195312,13.375783920288086,-21.85324478149414,11.336713790893555,-2.159475564956665,10.15009593963623,-17.572490692138672,9.4385404586792,-0.045337557792663574,9.438334465026855,-11.495613098144531,8.82295036315918
fish_bothnorm,10,r4_bothnorm_fish,r4,,,bothnorm,fish,5.695,8.219,5.257,8.108,runs/r4_bothnorm_fish/02_tts/10.wav,5.1984,0.074958,0.3236,-23.0,,0.036437,0.014212,0.0,230.4,19.8,91.9,1604.0,977.0,3042.0,1570.0,563.0,0.013689,0.03308,0.265,0.111202,0.085492,2.1193,1.8081,427.5,731.2,1468.6,0.3308,-256.8042907714844,87.76039123535156,88.15929412841797,47.876834869384766,-0.8514872193336487,47.98210906982422,15.403712272644043,24.99934196472168,-10.881805419921875,18.327911376953125,-6.8647027015686035,17.760833740234375,-14.11064624786377,13.275498390197754,-10.316768646240234,11.066080093383789,-21.323057174682617,11.768081665039062,5.563759803771973,11.862520217895508,-12.135710716247559,11.375749588012695,1.854038119316101,7.776597499847412,-5.167945384979248,8.837403297424316
fish_bothnorm,11,r4_bothnorm_fish,r4,,,bothnorm,fish,5.448,8.708,6.002,7.911,runs/r4_bothnorm_fish/02_tts/11.wav,6.1271,0.074538,0.3889,-23.0,3.64,0.031545,0.011805,0.0,240.8,22.9,115.3,1340.0,703.0,2576.0,1466.0,482.0,0.00683,0.018576,0.2175,0.07987,0.050994,2.1042,1.9672,432.3,1122.0,1741.4,0.2474,-287.482177734375,74.97795104980469,91.69271087646484,45.791404724121094,0.3415650427341461,35.079132080078125,6.628105640411377,23.03383445739746,-27.151159286499023,19.77328872680664,-4.7342400550842285,17.381053924560547,-25.99408531188965,12.606189727783203,-24.596343994140625,15.447589874267578,-22.975210189819336,10.36076545715332,-2.5606024265289307,10.764815330505371,-16.94921875,9.014670372009277,-1.0483754873275757,9.146783828735352,-11.23595142364502,7.117352485656738
fish_bothnorm,12,r4_bothnorm_fish,r4,,,bothnorm,fish,7.67,7.24,7.189,7.006,runs/r4_bothnorm_fish/02_tts/12.wav,5.9878,0.075073,0.3933,-23.0,,0.040359,0.013405,0.0,227.4,22.9,115.0,1645.0,903.0,3277.0,1634.0,506.0,0.013397,0.027854,0.2611,0.113619,0.093066,2.2564,1.8855,380.4,1042.5,1904.9,0.346,-255.33038330078125,81.35737609863281,82.47185516357422,44.3334846496582,-0.5198429226875305,42.601966857910156,19.089702606201172,22.49958038330078,-10.233451843261719,16.956466674804688,-14.551114082336426,15.782402038574219,-18.18929672241211,12.142680168151855,-18.5941104888916,10.89490032196045,-23.434642791748047,11.131736755371094,0.6326950192451477,8.494280815124512,-16.258092880249023,9.130329132080078,3.465397357940674,7.3427653312683105,-7.97642183303833,8.805013656616211
fish_bothnorm,13,r4_bothnorm_fish,r4,,,bothnorm,fish,5.353,8.617,4.458,8.658,runs/r4_bothnorm_fish/02_tts/13.wav,5.6627,0.074073,0.2675,-23.0,,0.035865,0.01308,0.00565,230.7,18.5,76.0,1675.0,929.0,3383.0,1707.0,517.0,0.017431,0.036697,0.2304,0.115618,0.098682,2.1918,2.231,343.8,982.1,1141.7,0.3537,-268.67926025390625,84.27661895751953,78.69828033447266,47.03628158569336,5.000647068023682,27.30661964416504,11.720527648925781,23.67926025390625,-15.104671478271484,17.055030822753906,-6.023345947265625,16.575056076049805,-21.98845863342285,10.63668155670166,-24.110227584838867,12.28771686553955,-18.027206420898438,11.169987678527832,-2.8281195163726807,12.638534545898438,-17.31586265563965,9.806624412536621,4.689045429229736,7.797676086425781,-11.72921371459961,7.424642086029053
fish_bothnorm,2,r4_bothnorm_fish,r4,,,bothnorm,fish,5.641,8.603,5.34,8.75,runs/r4_bothnorm_fish/02_tts/2.wav,4.5018,0.074717,0.3127,-23.0,,0.035077,0.012472,0.0,242.8,14.9,77.9,1595.0,901.0,3157.0,1652.0,508.0,0.012253,0.030071,0.2347,0.106667,0.080676,2.0842,1.5999,446.9,1331.8,2152.7,0.3128,-271.0796203613281,77.24079895019531,80.65509796142578,41.94145584106445,-1.848698377609253,32.18748474121094,10.216811180114746,23.24520492553711,-11.080196380615234,20.32465171813965,-13.401168823242188,16.9293270111084,-26.54713249206543,13.55086898803711,-24.58708953857422,12.884246826171875,-24.09438705444336,10.4933443069458,0.23913054168224335,11.958592414855957,-18.777631759643555,9.044187545776367,3.0660011768341064,7.635287761688232,-13.094335556030273,7.799663543701172
fish_bothnorm,3,r4_bothnorm_fish,r4,,,bothnorm,fish,6.249,8.45,6.231,7.776,runs/r4_bothnorm_fish/02_tts/3.wav,4.5018,0.076475,0.4662,-23.0,,0.036845,0.01258,0.0,232.3,19.2,97.4,1970.0,1023.0,3927.0,1842.0,470.0,0.02275,0.038725,0.3149,0.143278,0.097913,2.1971,1.7261,394.9,733.8,1670.6,0.5369,-224.12155151367188,73.91011047363281,70.566650390625,48.399051666259766,-0.2842925190925598,31.048810958862305,10.440572738647461,22.348155975341797,-7.854228973388672,20.538496017456055,-7.102638244628906,17.388134002685547,-25.624269485473633,13.832411766052246,-19.234268188476562,11.667638778686523,-18.59345245361328,12.142595291137695,-0.9769776463508606,9.973848342895508,-26.308135986328125,10.331356048583984,3.0941367149353027,7.342796325683594,-12.549812316894531,7.693179130554199
fish_bothnorm,4,r4_bothnorm_fish,r4,,,bothnorm,fish,5.668,8.636,5.33,9.231,runs/r4_bothnorm_fish/02_tts/4.wav,5.7556,0.073693,0.3535,-23.0,,0.037096,0.012084,0.0,229.9,17.8,88.9,1629.0,997.0,3280.0,1655.0,519.0,0.012413,0.026021,0.2433,0.106896,0.097445,2.1413,1.9583,303.5,406.6,1366.8,0.3993,-277.9666748046875,102.32162475585938,81.82144165039062,51.07793045043945,6.3324198722839355,31.041118621826172,19.643144607543945,20.403409957885742,-10.263555526733398,23.280460357666016,-5.71645450592041,16.201169967651367,-18.997217178344727,15.434999465942383,-15.598201751708984,12.88522720336914,-17.228252410888672,11.813703536987305,-2.808037281036377,11.21745777130127,-23.401092529296875,9.666651725769043,2.01712703704834,7.733080863952637,-8.002592086791992,8.726665496826172
fish_bothnorm,5,r4_bothnorm_fish,r4,,,bothnorm,fish,6.172,8.466,5.253,8.314,runs/r4_bothnorm_fish/02_tts/5.wav,4.9661,0.073887,0.3368,-23.0,,0.034758,0.01704,0.0,225.3,23.4,95.7,1555.0,940.0,3075.0,1623.0,521.0,0.015908,0.030984,0.2569,0.103666,0.076333,2.1738,1.9925,443.1,1393.9,2232.7,0.3408,-266.1578674316406,91.77845001220703,87.56471252441406,52.138587951660156,19.964994430541992,34.116050720214844,25.50684928894043,29.04844856262207,-13.291854858398438,19.557815551757812,-10.23188304901123,14.585503578186035,-17.74770164489746,13.385127067565918,-18.359283447265625,11.38059139251709,-18.91811180114746,12.324777603149414,-2.424936294555664,13.201986312866211,-14.844834327697754,9.644720077514648,-5.544007301330566,8.540303230285645,-9.179073333740234,7.825122356414795
fish_bothnorm,6,r4_bothnorm_fish,r4,,,bothnorm,fish,5.388,9.461,5.359,8.546,runs/r4_bothnorm_fish/02_tts/6.wav,5.477,0.074773,0.4337,-23.0,,0.036366,0.015072,0.0,221.8,21.9,102.9,1499.0,782.0,2903.0,1565.0,442.0,0.014057,0.027687,0.2436,0.098321,0.066297,2.3263,2.9624,388.4,997.1,1217.3,0.3004,-274.4869689941406,97.46578979492188,86.88301849365234,42.859275817871094,-4.256668567657471,28.890901565551758,12.564850807189941,29.416810989379883,-13.710619926452637,21.883087158203125,-6.605035305023193,17.212379455566406,-23.9143123626709,13.77955150604248,-22.091257095336914,12.030048370361328,-21.618738174438477,11.595768928527832,-3.422996759414673,11.040496826171875,-19.54991340637207,9.767637252807617,-0.23891693353652954,8.109593391418457,-12.585457801818848,7.881906032562256
fish_bothnorm,7,r4_bothnorm_fish,r4,,,bothnorm,fish,6.163,7.898,6.496,7.255,runs/r4_bothnorm_fish/02_tts/7.wav,5.0126,0.071361,0.3718,-23.0,,0.038493,0.013789,0.0,231.2,18.0,72.2,1587.0,722.0,3108.0,1613.0,450.0,0.013743,0.025716,0.2423,0.10801,0.055139,2.2842,2.5801,453.5,1299.3,1786.6,0.2992,-280.0979309082031,98.48726654052734,80.72077178955078,42.35158157348633,-5.142980098724365,34.565914154052734,7.679407596588135,32.518524169921875,-14.382275581359863,23.614179611206055,-2.2462100982666016,15.789798736572266,-26.662893295288086,17.46468734741211,-20.924837112426758,12.102405548095703,-18.976444244384766,12.881671905517578,0.40434518456459045,15.876575469970703,-16.51304817199707,9.12651252746582,-0.5543516874313354,12.906794548034668,-6.0537919998168945,9.1603422164917
fish_bothnorm,8,r4_bothnorm_fish,r4,,,bothnorm,fish,5.761,8.527,5.942,8.303,runs/r4_bothnorm_fish/02_tts/8.wav,5.1055,0.072553,0.3518,-23.0,,0.034695,0.012176,0.0,226.6,27.0,191.3,1591.0,906.0,3106.0,1608.0,542.0,0.011019,0.023556,0.2411,0.101556,0.071936,2.2252,2.0566,439.4,1254.5,1870.2,0.2851,-289.8300476074219,92.55378723144531,85.40785217285156,49.98262023925781,-1.8046823740005493,35.88738250732422,4.159460544586182,29.11712646484375,-14.490839004516602,26.481334686279297,-4.253811359405518,17.698476791381836,-23.570186614990234,13.163778305053711,-17.50526237487793,12.961445808410645,-22.041635513305664,13.436040878295898,3.296379804611206,12.022419929504395,-18.01296615600586,8.003458976745605,3.951357364654541,9.971569061279297,-9.16845989227295,8.262051582336426
fish_bothnorm,9,r4_bothnorm_fish,r4,,,bothnorm,fish,,,6.254,6.868,runs/r4_bothnorm_fish/02_tts/9.wav,3.898,0.075855,0.4464,-23.0,,0.037523,0.01538,0.0,224.9,16.0,69.5,1719.0,1016.0,3308.0,1698.0,468.0,0.013603,0.025482,0.2529,0.119889,0.105162,2.1614,1.8926,421.5,1293.1,2072.7,0.3833,-265.5137023925781,81.06297302246094,75.68598937988281,49.91498947143555,7.398382663726807,32.60025405883789,10.246395111083984,28.36075210571289,-12.736311912536621,19.90861701965332,-5.174435615539551,18.265396118164062,-21.376176834106445,13.843402862548828,-28.185840606689453,12.659756660461426,-22.457820892333984,10.190295219421387,-1.3441919088363647,9.719246864318848,-21.46263313293457,8.761330604553223,5.174344539642334,8.42125415802002,-10.42471981048584,7.3074049949646
gsv_bothnorm,1,r4_bothnorm_gsv,r4,,,bothnorm,gsv,6.148,7.913,4.612,8.73,runs/r4_bothnorm_gsv/02_tts/1.wav,5.74,0.070162,0.6057,-23.0,,0.042775,0.014585,0.05,231.9,15.9,93.4,1785.0,1110.0,3336.0,1547.0,580.0,0.060864,0.205183,0.2657,0.132718,0.131486,2.4521,2.6298,444.0,958.1,1736.9,0.4454,-290.26971435546875,107.5908432006836,69.24092864990234,56.130516052246094,-3.326512336730957,47.741336822509766,27.855186462402344,35.683650970458984,-14.610986709594727,28.71077537536621,-4.6951069831848145,18.47954559326172,-18.756973266601562,16.741010665893555,-13.277525901794434,12.446941375732422,-18.191864013671875,11.033445358276367,5.219645023345947,9.582143783569336,-15.233061790466309,9.787684440612793,5.06788444519043,7.165769577026367,-4.558063983917236,6.793268203735352
gsv_bothnorm,10,r4_bothnorm_gsv,r4,,,bothnorm,gsv,6.292,7.564,5.436,8.065,runs/r4_bothnorm_gsv/02_tts/10.wav,5.54,0.067581,0.5105,-23.0,,0.03753,0.012224,0.045977,208.0,55.8,228.0,1579.0,1007.0,3021.0,1450.0,635.0,0.058938,0.208439,0.2482,0.13233,0.10418,2.0709,2.0679,415.3,893.5,1652.4,0.3341,-304.7165832519531,134.46563720703125,81.1785888671875,58.257835388183594,-11.277400970458984,54.02992248535156,22.942068099975586,31.03866195678711,-12.660588264465332,22.252843856811523,-9.43421459197998,16.844541549682617,-13.359598159790039,14.900714874267578,-5.685698986053467,11.589052200317383,-22.554393768310547,15.639442443847656,10.905550956726074,8.759800910949707,-10.866440773010254,10.648420333862305,6.624750137329102,6.188116073608398,-3.1429836750030518,7.19124698638916
gsv_bothnorm,11,r4_bothnorm_gsv,r4,,,bothnorm,gsv,6.368,7.536,5.914,7.986,runs/r4_bothnorm_gsv/02_tts/11.wav,9.74,0.065958,0.6623,-23.05,8.39,0.047644,0.013034,0.032787,209.5,68.5,246.2,1282.0,794.0,2511.0,1416.0,506.0,0.040241,0.177858,0.1697,0.080773,0.074254,1.9357,2.3594,487.1,580.0,1121.5,0.2369,-362.16876220703125,120.62345886230469,72.21248626708984,50.255287170410156,2.9530444145202637,41.421905517578125,21.085662841796875,29.249282836914062,-11.45772933959961,28.503055572509766,2.2044568061828613,18.233190536499023,-7.426203727722168,17.617515563964844,-9.941333770751953,17.156429290771484,-12.206281661987305,15.59782600402832,4.691987991333008,9.142402648925781,-6.26746129989624,12.28149700164795,7.4450201988220215,7.212435722351074,-3.054896831512451,8.31682014465332
gsv_bothnorm,12,r4_bothnorm_gsv,r4,,,bothnorm,gsv,7.835,6.41,6.964,7.197,runs/r4_bothnorm_gsv/02_tts/12.wav,10.02,0.066968,0.5008,-23.0,2.34,0.043121,0.01477,0.035032,208.7,65.1,254.9,1487.0,972.0,2883.0,1452.0,529.0,0.0409,0.171008,0.2228,0.105066,0.100806,2.1529,2.7267,461.6,1156.3,1986.9,0.3233,-322.2130126953125,120.03511810302734,73.47636413574219,51.52305603027344,-2.723877429962158,48.93330764770508,27.69066619873047,31.82599449157715,-14.487531661987305,27.58074188232422,-2.6972200870513916,14.45903205871582,-9.590208053588867,15.032204627990723,-9.057497024536133,13.29492473602295,-15.767792701721191,14.66550350189209,5.020480155944824,8.249513626098633,-5.43369197845459,10.096084594726562,6.665315628051758,7.925239086151123,-0.6663073897361755,7.9980340003967285
gsv_bothnorm,13,r4_bothnorm_gsv,r4,,,bothnorm,gsv,6.101,8.096,4.414,8.673,runs/r4_bothnorm_gsv/02_tts/13.wav,6.46,0.069636,0.4367,-23.0,1.69,0.041036,0.015161,0.069307,227.5,19.4,117.0,1459.0,993.0,2813.0,1461.0,607.0,0.081294,0.247382,0.2234,0.101159,0.084526,2.4252,3.2593,389.1,978.6,1199.8,0.3305,-327.8153381347656,132.41433715820312,79.13701629638672,55.93414306640625,1.9802885055541992,39.99544906616211,18.88348960876465,30.035751342773438,-14.756364822387695,25.00331687927246,3.7636561393737793,16.5452823638916,-17.27802085876465,16.121286392211914,-16.639785766601562,13.236330032348633,-16.785099029541016,12.989483833312988,4.709716796875,10.183789253234863,-21.75101089477539,14.662485122680664,10.505094528198242,6.911982536315918,-5.817789077758789,7.311544418334961
gsv_bothnorm,2,r4_bothnorm_gsv,r4,,,bothnorm,gsv,7.148,8.446,5.256,8.748,runs/r4_bothnorm_gsv/02_tts/2.wav,5.06,0.07074,0.4926,-23.0,,0.042556,0.015668,0.069182,237.1,15.8,84.3,1417.0,960.0,2719.0,1401.0,588.0,0.074549,0.242473,0.2094,0.103252,0.085239,2.2681,2.2234,443.6,1255.3,1802.1,0.2756,-318.1655578613281,110.91643524169922,82.96723175048828,53.4063606262207,-5.348058223724365,40.152523040771484,22.555965423583984,29.51340675354004,-12.332329750061035,21.305513381958008,-5.048323154449463,16.407278060913086,-18.262298583984375,14.74614143371582,-15.706208229064941,12.08873462677002,-21.795509338378906,13.69483757019043,3.5506484508514404,9.157971382141113,-15.681796073913574,11.206050872802734,3.24164080619812,7.030877113342285,-3.2633912563323975,6.337900161743164
gsv_bothnorm,3,r4_bothnorm_gsv,r4,,,bothnorm,gsv,7.615,7.269,6.266,7.686,runs/r4_bothnorm_gsv/02_tts/3.wav,5.1,0.070525,0.5004,-23.09,,0.042815,0.015416,0.0875,224.6,19.4,113.5,1581.0,1123.0,3007.0,1501.0,679.0,0.092479,0.262432,0.2197,0.126852,0.111493,2.3739,2.2318,423.2,577.8,1682.5,0.3977,-317.5845031738281,118.60612487792969,73.21440124511719,54.16069793701172,2.34728741645813,42.136634826660156,16.92616081237793,27.330528259277344,-9.33981990814209,23.69285011291504,-1.9200172424316406,15.632913589477539,-19.570213317871094,17.17441177368164,-14.772253036499023,12.408831596374512,-18.331668853759766,14.139097213745117,5.1410698890686035,8.421751022338867,-21.440847396850586,13.677961349487305,7.639196872711182,6.971073150634766,-7.1443281173706055,8.83283519744873
gsv_bothnorm,4,r4_bothnorm_gsv,r4,,,bothnorm,gsv,5.97,8.735,5.45,9.127,runs/r4_bothnorm_gsv/02_tts/4.wav,7.5,0.065745,0.4638,-23.0,1.06,0.042145,0.01294,0.055319,195.7,68.9,246.2,1404.0,1029.0,2718.0,1443.0,586.0,0.067547,0.227856,0.1935,0.093058,0.092721,2.1286,2.8271,436.2,713.0,1468.4,0.3359,-349.5583801269531,126.61803436279297,75.06147003173828,54.687679290771484,8.779541015625,41.63533020019531,23.552139282226562,25.145469665527344,-7.296407699584961,27.017913818359375,-3.6317694187164307,16.651952743530273,-12.11499309539795,14.547982215881348,-11.996463775634766,13.506699562072754,-11.614797592163086,14.640095710754395,4.951174259185791,7.7877984046936035,-18.410322189331055,15.65068244934082,4.771151065826416,6.018571853637695,0.5665972232818604,9.445462226867676
gsv_bothnorm,5,r4_bothnorm_gsv,r4,,,bothnorm,gsv,6.864,8.101,5.389,8.129,runs/r4_bothnorm_gsv/02_tts/5.wav,5.98,0.070682,0.5759,-23.0,,0.044114,0.016418,0.080214,225.7,16.1,81.9,1293.0,947.0,2584.0,1389.0,679.0,0.087578,0.262586,0.218,0.086653,0.075994,2.3067,2.485,412.8,848.8,1267.3,0.2661,-345.20166015625,128.59141540527344,83.81916809082031,62.108367919921875,24.19306182861328,44.469993591308594,38.1237907409668,41.62489700317383,-14.720197677612305,27.219518661499023,-8.307665824890137,17.57828712463379,-9.220077514648438,14.24088191986084,-11.880278587341309,12.408360481262207,-15.818338394165039,13.439122200012207,4.531712055206299,9.76559829711914,-17.599323272705078,14.158987045288086,0.28276246786117554,6.177748203277588,-3.067105770111084,7.385852336883545
gsv_bothnorm,6,r4_bothnorm_gsv,r4,,,bothnorm,gsv,5.486,9.613,5.311,8.391,runs/r4_bothnorm_gsv/02_tts/6.wav,5.82,0.075302,0.877,-23.09,,0.051689,0.019324,0.049451,210.9,50.3,228.0,1238.0,791.0,2383.0,1356.0,516.0,0.054974,0.206693,0.2266,0.079458,0.061725,2.3156,3.492,419.8,858.4,1417.0,0.2187,-313.4398498535156,115.44493865966797,93.81497955322266,50.22972869873047,11.043625831604004,47.72127151489258,26.74398422241211,33.700870513916016,-7.628159046173096,22.712133407592773,-5.202610015869141,17.157012939453125,-10.157082557678223,14.551764488220215,-13.878446578979492,12.494943618774414,-18.369247436523438,12.990011215209961,6.756978988647461,10.964526176452637,-13.656368255615234,13.41664981842041,5.422408103942871,7.5753278732299805,-2.837010622024536,8.15075969696045
gsv_bothnorm,7,r4_bothnorm_gsv,r4,,,bothnorm,gsv,7.855,7.536,6.372,7.415,runs/r4_bothnorm_gsv/02_tts/7.wav,5.06,0.072652,0.5784,-23.0,,0.040885,0.016131,0.050314,230.6,17.1,73.7,1465.0,846.0,2795.0,1433.0,558.0,0.059643,0.217239,0.2765,0.101215,0.070339,2.4819,2.6794,409.5,785.5,1455.9,0.2997,-282.11871337890625,117.88802337646484,88.49879455566406,52.60856246948242,-3.6608309745788574,43.028743743896484,26.039249420166016,42.342220306396484,-18.215362548828125,25.51839828491211,2.2418885231018066,18.58367347717285,-15.461466789245605,16.973602294921875,-10.491949081420898,10.380508422851562,-15.793171882629395,11.900581359863281,9.302652359008789,10.633399963378906,-9.986942291259766,10.709659576416016,6.052339553833008,6.786953449249268,-3.2014012336730957,7.332901477813721
gsv_bothnorm,8,r4_bothnorm_gsv,r4,,,bothnorm,gsv,6.829,7.64,5.761,8.476,runs/r4_bothnorm_gsv/02_tts/8.wav,4.9,0.072117,0.4522,-23.0,,0.039854,0.016396,0.051948,236.0,19.6,82.1,1425.0,869.0,2744.0,1449.0,618.0,0.060238,0.22031,0.2342,0.099606,0.06697,2.4129,2.5569,431.4,1180.7,1901.0,0.2588,-305.2894592285156,99.97843933105469,86.94773864746094,50.65142822265625,6.9514994621276855,40.37274932861328,21.656021118164062,37.849369049072266,-15.997631072998047,20.527992248535156,1.7820557355880737,16.46869659423828,-13.773760795593262,13.905510902404785,-9.716825485229492,11.356317520141602,-19.772558212280273,12.212658882141113,8.476211547851562,9.247918128967285,-11.220027923583984,8.53223991394043,8.771528244018555,6.8515543937683105,-0.05531737208366394,6.279531955718994
gsv_bothnorm,9,r4_bothnorm_gsv,r4,,,bothnorm,gsv,5.04,8.439,6.551,6.644,runs/r4_bothnorm_gsv/02_tts/9.wav,5.38,0.072146,0.538,-23.0,,0.04481,0.015907,0.059172,235.0,19.0,71.6,1416.0,960.0,2609.0,1383.0,546.0,0.071165,0.234685,0.2184,0.096362,0.093449,2.2707,2.679,433.4,751.2,1408.9,0.307,-310.7016906738281,107.3609619140625,79.75756072998047,51.75416946411133,0.012238812632858753,41.4371452331543,23.670623779296875,35.28435516357422,-15.688453674316406,23.3690185546875,0.5244295001029968,18.558900833129883,-16.701091766357422,13.547783851623535,-14.552638053894043,10.95801067352295,-14.694546699523926,11.01805305480957,7.357698440551758,9.165634155273438,-12.426535606384277,11.769847869873047,7.1487627029418945,5.555495262145996,-3.5370547771453857,6.661036014556885
indextts2_bothnorm,1,r4_bothnorm_indextts2,r4,,,bothnorm,indextts2,5.345,8.665,4.774,8.539,runs/r4_bothnorm_indextts2/02_tts/1.wav,5.7818,0.071254,0.4651,-23.0,,0.032087,0.01138,0.0,214.9,67.9,282.5,1657.0,1134.0,3283.0,1743.0,487.0,0.009591,0.018727,0.2991,0.101554,0.107615,2.197,1.9355,431.7,1115.6,1829.9,0.5129,-264.6419982910156,110.10375213623047,81.46637725830078,51.38169479370117,18.80400848388672,36.548587799072266,26.89741325378418,26.12173843383789,2.035856246948242,26.518545150756836,4.858111381530762,19.75835418701172,-5.098647117614746,15.845409393310547,-4.062694072723389,14.618654251098633,-12.128117561340332,15.12979507446289,7.3592705726623535,11.147480964660645,-12.43178653717041,12.287877082824707,6.42848014831543,8.07779312133789,-0.5597812533378601,8.236772537231445
indextts2_bothnorm,10,r4_bothnorm_indextts2,r4,,,bothnorm,indextts2,6.446,7.634,5.675,7.794,runs/r4_bothnorm_indextts2/02_tts/10.wav,5.9908,0.075095,0.5036,-23.0,,0.031411,0.011731,0.0,216.1,60.6,254.9,1426.0,1066.0,2645.0,1518.0,566.0,0.007318,0.015154,0.2813,0.096059,0.085817,2.108,1.7586,406.1,425.5,1456.1,0.348,-278.78619384765625,118.57669830322266,92.4188003540039,52.10787582397461,9.482329368591309,45.936214447021484,25.047821044921875,26.949230194091797,1.4886784553527832,24.119007110595703,1.1005797386169434,19.572650909423828,-1.9972748756408691,15.739934921264648,-1.203630805015564,13.43422794342041,-16.39788246154785,15.668879508972168,9.14277172088623,11.270112037658691,-7.571406364440918,11.779539108276367,5.151622295379639,9.212008476257324,1.819876790046692,10.86715030670166
indextts2_bothnorm,11,r4_bothnorm_indextts2,r4,,,bothnorm,indextts2,6.432,7.915,5.882,7.94,runs/r4_bothnorm_indextts2/02_tts/11.wav,7.0473,0.069171,0.5125,-23.0,1.22,0.036434,0.012313,0.0,228.6,55.8,231.2,1352.0,838.0,2647.0,1569.0,520.0,0.006941,0.016529,0.2372,0.083887,0.066598,2.2595,2.5338,318.8,548.6,1277.7,0.283,-299.5145263671875,111.87017059326172,97.4405746459961,45.902488708496094,13.904974937438965,35.759639739990234,15.655152320861816,28.27425193786621,-1.5392378568649292,24.68454360961914,10.133158683776855,21.031177520751953,-6.2512617111206055,17.00863265991211,-8.443623542785645,16.06517219543457,-14.740527153015137,13.66568660736084,7.025633335113525,14.157501220703125,-5.519279479980469,13.22481632232666,7.2540388107299805,7.658329486846924,-3.113783121109009,8.5316743850708
indextts2_bothnorm,12,r4_bothnorm_indextts2,r4,,,bothnorm,indextts2,6.447,8.521,7.062,7.19,runs/r4_bothnorm_indextts2/02_tts/12.wav,7.5465,0.083022,0.4366,-23.0,1.58,0.027482,0.0103,0.0,248.2,23.3,139.3,1209.0,880.0,2424.0,1475.0,533.0,0.004295,0.012223,0.2633,0.061997,0.057763,2.171,2.1303,459.4,1187.0,2044.9,0.2659,-284.02484130859375,96.60052490234375,96.01292419433594,49.5311393737793,15.746733665466309,38.463905334472656,31.795242309570312,24.11469268798828,-4.476995944976807,26.681673049926758,3.9960052967071533,16.301862716674805,-3.5602142810821533,13.18405532836914,-6.874794960021973,14.992363929748535,-16.890228271484375,12.729175567626953,4.483907222747803,10.762300491333008,-8.039643287658691,11.551478385925293,8.640474319458008,9.278173446655273,1.0453567504882812,9.099733352661133
indextts2_bothnorm,13,r4_bothnorm_indextts2,r4,,,bothnorm,indextts2,7.556,7.101,4.449,8.716,runs/r4_bothnorm_indextts2/02_tts/13.wav,7.3608,0.072983,0.4508,-23.0,0.23,0.035061,0.012426,0.0,223.0,47.5,232.8,1428.0,1007.0,2814.0,1652.0,487.0,0.006971,0.014949,0.2519,0.085037,0.082439,2.1497,2.0579,349.0,969.9,1319.4,0.372,-287.421142578125,113.66210174560547,88.64939880371094,42.2841796875,21.838205337524414,38.27825164794922,29.902069091796875,26.504045486450195,1.5738412141799927,23.916391372680664,6.072031497955322,14.8980131149292,-5.310486793518066,15.871703147888184,-4.032998561859131,14.421932220458984,-14.69609260559082,14.622472763061523,8.84777545928955,10.848420143127441,-11.059325218200684,12.838128089904785,10.442742347717285,7.681526184082031,-0.92618328332901,7.730655670166016
indextts2_bothnorm,2,r4_bothnorm_indextts2,r4,,,bothnorm,indextts2,6.343,8.289,5.456,8.589,runs/r4_bothnorm_indextts2/02_tts/2.wav,5.1433,0.070487,0.3363,-23.0,,0.033502,0.011099,0.0,209.4,73.0,242.8,1411.0,836.0,2848.0,1646.0,489.0,0.00637,0.012895,0.2485,0.082701,0.06066,2.1555,1.9141,398.7,1169.2,2005.1,0.316,-286.81085205078125,119.59889221191406,93.93789672851562,42.602657318115234,14.480262756347656,36.201629638671875,25.22728157043457,27.465394973754883,3.2956907749176025,24.039175033569336,3.8079423904418945,20.07447624206543,-6.499602794647217,16.801166534423828,-8.077723503112793,16.00279998779297,-16.074296951293945,14.831992149353027,7.1446661949157715,10.449333190917969,-9.139710426330566,13.124460220336914,6.422079563140869,7.517978668212891,-1.4634954929351807,6.2812676429748535
indextts2_bothnorm,3,r4_bothnorm_indextts2,r4,,,bothnorm,indextts2,6.881,7.6,6.013,7.836,runs/r4_bothnorm_indextts2/02_tts/3.wav,5.4683,0.067748,0.4475,-23.0,,0.034661,0.010544,0.0,216.0,64.1,273.0,1776.0,1198.0,3487.0,1826.0,503.0,0.01356,0.025507,0.3062,0.125728,0.113411,2.2157,1.9143,420.3,1221.7,1937.3,0.6078,-262.24578857421875,117.68496704101562,85.10747528076172,51.731327056884766,22.864227294921875,36.919715881347656,24.80689811706543,24.75650978088379,9.735219955444336,24.86693572998047,5.26306676864624,17.146198272705078,-8.050626754760742,17.80035972595215,-3.2048068046569824,14.055702209472656,-11.669257164001465,15.407095909118652,8.02486801147461,11.16836166381836,-13.927294731140137,14.36966609954834,9.790912628173828,8.353731155395508,-2.8779819011688232,8.935270309448242
indextts2_bothnorm,4,r4_bothnorm_indextts2,r4,,,bothnorm,indextts2,6.85,8.256,5.515,9.133,runs/r4_bothnorm_indextts2/02_tts/4.wav,6.223,0.08668,0.4006,-23.0,1.87,0.028078,0.011151,0.0,236.0,16.9,87.3,1332.0,1067.0,2674.0,1598.0,658.0,0.004582,0.010171,0.2847,0.063522,0.051157,2.3546,2.4831,434.3,1218.1,2035.6,0.3407,-284.3309631347656,99.46765899658203,95.31566619873047,51.91865539550781,25.44245719909668,34.50341796875,24.062170028686523,22.76418685913086,5.43681001663208,25.601272583007812,3.7817625999450684,16.517385482788086,-5.771664142608643,15.79345417022705,-6.111668586730957,14.49305534362793,-10.507681846618652,14.520761489868164,6.435609340667725,11.629907608032227,-12.575763702392578,11.77613639831543,5.433845520019531,7.92924690246582,-0.05249250307679176,8.08202838897705
indextts2_bothnorm,5,r4_bothnorm_indextts2,r4,,,bothnorm,indextts2,6.091,8.136,5.212,8.243,runs/r4_bothnorm_indextts2/02_tts/5.wav,6.4088,0.078427,0.5654,-23.0,2.4,0.037793,0.014777,0.0,246.0,45.4,302.3,1313.0,981.0,2598.0,1609.0,540.0,0.006841,0.014851,0.261,0.072951,0.077364,2.019,2.0023,439.2,1311.5,2201.0,0.3334,-290.3350830078125,107.21001434326172,95.88036346435547,49.78546142578125,35.59369659423828,34.148799896240234,32.74365997314453,28.858564376831055,1.6236721277236938,23.13564109802246,4.870001316070557,16.47018814086914,-1.559580683708191,14.349203109741211,-4.725401878356934,13.969085693359375,-9.326351165771484,13.359931945800781,4.716930389404297,12.19742488861084,-10.070170402526855,13.07433032989502,2.1715199947357178,8.222867012023926,-2.5265517234802246,7.8245158195495605
indextts2_bothnorm,6,r4_bothnorm_indextts2,r4,,,bothnorm,indextts2,6.617,8.199,5.537,8.293,runs/r4_bothnorm_indextts2/02_tts/6.wav,6.0837,0.07175,0.4877,-23.0,3.07,0.038653,0.013807,0.0,219.1,66.0,334.1,1283.0,864.0,2458.0,1527.0,512.0,0.008422,0.019002,0.248,0.077166,0.063598,2.226,2.7925,399.9,1163.1,2003.9,0.2745,-288.2998046875,115.03123474121094,105.14984893798828,49.701778411865234,23.067638397216797,35.273624420166016,24.93569564819336,27.840898513793945,4.55771017074585,24.139516830444336,4.228673458099365,18.557586669921875,-5.456410884857178,16.557525634765625,-4.99267053604126,14.321473121643066,-15.260637283325195,15.606806755065918,8.871740341186523,11.530275344848633,-8.614534378051758,13.353904724121094,6.633570671081543,7.995136737823486,-1.7556674480438232,9.336288452148438
indextts2_bothnorm,7,r4_bothnorm_indextts2,r4,,,bothnorm,indextts2,6.835,7.967,6.399,7.29,runs/r4_bothnorm_indextts2/02_tts/7.wav,5.7818,0.084502,0.488,-23.0,,0.033291,0.013446,0.0,242.5,25.9,152.0,1250.0,854.0,2485.0,1543.0,537.0,0.004106,0.008549,0.2965,0.066064,0.051704,2.3045,2.3703,558.8,1279.7,2006.3,0.2942,-273.20513916015625,112.2356948852539,97.12068176269531,42.88644790649414,16.982358932495117,33.70000076293945,22.358535766601562,32.356101989746094,0.3571005165576935,25.09260368347168,10.495922088623047,18.756532669067383,-6.720656394958496,19.258108139038086,-6.721559524536133,13.991069793701172,-11.058432579040527,12.765193939208984,8.187198638916016,14.412492752075195,-6.567208766937256,10.368118286132812,5.7268266677856445,11.35034465789795,-0.7755742073059082,8.99074649810791
indextts2_bothnorm,8,r4_bothnorm_indextts2,r4,,,bothnorm,indextts2,6.3,8.277,5.764,8.358,runs/r4_bothnorm_indextts2/02_tts/8.wav,5.6889,0.083128,0.5063,-23.0,,0.033623,0.013153,0.0,245.9,25.0,170.9,1244.0,849.0,2463.0,1589.0,564.0,0.003663,0.009023,0.2723,0.060053,0.043844,2.2195,1.9521,487.4,1205.1,1957.3,0.243,-289.4193420410156,101.40106201171875,99.11174774169922,47.266502380371094,21.44553565979004,36.542964935302734,18.130451202392578,31.64828872680664,-1.5127638578414917,26.187959671020508,8.464344024658203,18.70476531982422,-4.604908466339111,14.355443000793457,-4.587663650512695,15.16203498840332,-18.696596145629883,15.001285552978516,8.354044914245605,12.195122718811035,-9.679551124572754,14.636445999145508,7.663361549377441,9.731884956359863,-1.5322266817092896,8.691753387451172
indextts2_bothnorm,9,r4_bothnorm_indextts2,r4,,,bothnorm,indextts2,6.361,7.569,6.44,6.821,runs/r4_bothnorm_indextts2/02_tts/9.wav,5.329,0.077768,0.4984,-23.0,,0.037793,0.012127,0.0,202.0,79.9,254.9,1282.0,832.0,2648.0,1603.0,467.0,0.004739,0.011567,0.2454,0.067971,0.062537,2.1159,2.1534,466.8,1290.4,2131.7,0.2734,-292.4161682128906,107.30186462402344,94.061279296875,44.06076431274414,15.495409965515137,32.035926818847656,23.310827255249023,29.75182342529297,5.078310012817383,24.401691436767578,11.555712699890137,17.34930419921875,-4.969534873962402,15.428069114685059,-7.497614860534668,14.86327838897705,-12.689924240112305,16.549091339111328,10.397053718566895,11.526860237121582,-9.92590045928955,13.124197959899902,8.071338653564453,7.81566858291626,-0.16047343611717224,7.81135368347168
emo_afraid_durnorm,1,r4_durnorm_emo_afraid,r4,afraid,,durnorm,,3.763,7.826,4.871,8.425,runs/r4_durnorm_emo_afraid/02_tts/1.wav,6.9428,0.027175,0.2978,-29.01,9.91,0.019351,0.005242,0.0,328.8,149.0,490.1,1745.0,1200.0,3405.0,1838.0,414.0,0.010893,0.023736,0.1019,0.104791,0.122097,1.9094,2.5264,445.4,1203.1,2065.1,0.7901,-440.96435546875,157.14645385742188,34.62208557128906,36.33534240722656,9.661018371582031,40.41935729980469,21.201589584350586,28.558021545410156,7.317692756652832,25.80799102783203,1.4636073112487793,22.54014015197754,-1.6277714967727661,18.585004806518555,-4.225775718688965,18.888713836669922,-6.22189474105835,20.370664596557617,2.6613521575927734,11.873449325561523,-1.359053611755371,12.038591384887695,11.725415229797363,13.2477445602417,10.62739086151123,17.847637176513672
emo_afraid_durnorm,10,r4_durnorm_emo_afraid,r4,afraid,,durnorm,,4.47,7.872,5.538,7.995,runs/r4_durnorm_emo_afraid/02_tts/10.wav,6.4204,0.044442,0.5851,-25.08,11.13,0.033821,0.010628,0.0,379.2,112.9,339.4,1676.0,1304.0,3133.0,1698.0,550.0,0.009038,0.017201,0.1318,0.103542,0.113901,1.8738,2.1908,488.7,1214.0,2233.5,0.6973,-401.4213562011719,128.0418701171875,36.798641204833984,47.90278625488281,11.27941608428955,40.620933532714844,13.95725154876709,23.793399810791016,-0.5146380662918091,23.23799705505371,-1.472216248512268,20.28028678894043,-3.602884292602539,16.552112579345703,-5.590007781982422,17.925079345703125,-10.896008491516113,19.508928298950195,4.596395492553711,12.094751358032227,2.513361930847168,15.85292911529541,12.51331615447998,17.39202117919922,14.324934959411621,17.3076229095459
emo_afraid_durnorm,13,r4_durnorm_emo_afraid,r4,afraid,,durnorm,,5.327,7.322,4.31,8.763,runs/r4_durnorm_emo_afraid/02_tts/13.wav,7.3608,0.035579,0.2696,-27.61,5.2,0.025326,0.007999,0.0,386.4,117.4,549.3,1817.0,999.0,3826.0,1929.0,425.0,0.011384,0.020225,0.1022,0.098726,0.095298,1.9457,2.3746,424.5,1328.9,1384.2,0.5073,-422.9781494140625,145.0658416748047,34.35081100463867,30.423768997192383,0.4682416319847107,34.36317443847656,18.075645446777344,23.94458770751953,2.942756175994873,19.18288230895996,-1.1008003950119019,17.49351692199707,-6.906387805938721,19.45838737487793,-12.579391479492188,21.31226921081543,-10.53930377960205,16.41992950439453,-1.4981926679611206,11.395743370056152,-2.6589999198913574,11.590217590332031,11.319015502929688,16.68210220336914,8.996652603149414,14.701464653015137
emo_afraid_durnorm,4,r4_durnorm_emo_afraid,r4,afraid,,durnorm,,3.701,10.264,5.292,9.243,runs/r4_durnorm_emo_afraid/02_tts/4.wav,5.4916,0.032502,0.1866,-30.14,,0.015428,0.006614,0.0,349.1,54.9,207.5,1483.0,1097.0,3034.0,1725.0,619.0,0.00532,0.012349,0.0952,0.078897,0.078939,2.4332,2.5252,305.5,386.9,1619.5,0.385,-410.12109375,105.42321014404297,67.66209411621094,49.86442565917969,22.093341827392578,34.363983154296875,15.209174156188965,21.629520416259766,4.8236823081970215,24.170656204223633,-0.4298097491264343,18.622682571411133,-10.077566146850586,15.390071868896484,-10.49511432647705,16.09944725036621,-10.150643348693848,14.063048362731934,1.6308512687683105,11.084126472473145,-12.740097999572754,14.597543716430664,0.7461771368980408,9.738218307495117,-1.6673108339309692,11.009602546691895
emo_afraid_durnorm,7,r4_durnorm_emo_afraid,r4,afraid,,durnorm,,3.633,8.311,6.65,7.179,runs/r4_durnorm_emo_afraid/02_tts/7.wav,5.6425,0.031972,0.2944,-29.08,,0.019353,0.007201,0.0,368.2,121.2,522.3,1576.0,1096.0,3103.0,1742.0,530.0,0.007733,0.014383,0.1088,0.07303,0.0645,1.9857,2.4206,406.5,999.9,1968.4,0.6467,-402.5414123535156,144.70237731933594,40.025386810302734,36.77876281738281,8.272149085998535,28.01393699645996,18.569984436035156,28.16683578491211,5.784322261810303,24.39461898803711,6.387613773345947,19.766542434692383,-7.4564208984375,21.4089298248291,-5.284605026245117,17.055204391479492,-7.3160529136657715,17.859092712402344,1.1290894746780396,12.450807571411133,-1.3794052600860596,13.84618854522705,11.253608703613281,13.515616416931152,8.484940528869629,15.454079627990723
emo_angry_durnorm,1,r4_durnorm_emo_angry,r4,angry,,durnorm,,5.631,7.974,4.748,8.503,runs/r4_durnorm_emo_angry/02_tts/1.wav,5.1897,0.063168,0.5899,-22.34,,0.039523,0.014259,0.0,370.0,137.4,549.3,2244.0,1171.0,4018.0,1834.0,401.0,0.021239,0.030718,0.3296,0.162202,0.123715,2.3989,2.5529,446.5,1157.5,1917.0,1.2145,-292.38800048828125,147.2357940673828,21.22234535217285,41.84457015991211,-11.375200271606445,49.24817657470703,4.634213924407959,30.31158447265625,-13.902206420898438,26.82500648498535,-0.8789413571357727,20.016374588012695,-11.466690063476562,18.946882247924805,-6.875155925750732,15.876111030578613,-10.296832084655762,14.730158805847168,4.1847991943359375,11.164042472839355,-5.525046348571777,18.367145538330078,11.858469009399414,20.822216033935547,0.16087856888771057,17.30897331237793
emo_angry_durnorm,10,r4_durnorm_emo_angry,r4,angry,,durnorm,,6.776,6.983,5.551,7.942,runs/r4_durnorm_emo_angry/02_tts/10.wav,4.8646,0.082813,0.8609,-18.98,,0.063673,0.019273,0.0,321.7,141.9,528.9,1713.0,1072.0,3143.0,1642.0,548.0,0.009149,0.016422,0.3015,0.114248,0.095284,2.2145,2.1366,463.2,1121.0,1678.3,0.8447,-329.7399597167969,138.2287139892578,44.577754974365234,48.522850036621094,-11.015278816223145,56.50813293457031,3.672234535217285,26.794504165649414,-9.235908508300781,26.477928161621094,-5.915076732635498,19.56548500061035,-5.9870500564575195,13.846291542053223,-6.358935832977295,16.01789665222168,-15.160941123962402,18.192848205566406,6.199854373931885,10.47261905670166,-2.3118112087249756,14.698915481567383,14.480340957641602,20.784255981445312,6.1318039894104,17.82709503173828
emo_angry_durnorm,13,r4_durnorm_emo_angry,r4,angry,,durnorm,,7.912,6.786,4.371,8.666,runs/r4_durnorm_emo_angry/02_tts/13.wav,5.8282,0.060931,0.7132,-22.79,,0.039248,0.015953,0.0,366.3,71.9,321.8,1838.0,703.0,3633.0,1730.0,467.0,0.009459,0.016959,0.3183,0.120219,0.068015,2.7087,3.732,540.1,1265.1,1681.1,0.6799,-335.102294921875,178.39141845703125,45.46757507324219,35.61653137207031,-26.901268005371094,50.428531646728516,10.142162322998047,29.92292594909668,-18.227855682373047,29.25209617614746,-3.5487051010131836,20.823789596557617,-15.14346694946289,21.33187484741211,-5.6939616203308105,19.393817901611328,-10.145698547363281,15.980786323547363,5.674338340759277,10.462366104125977,-9.043452262878418,15.445915222167969,5.822573184967041,12.496566772460938,-1.1101877689361572,16.49477195739746
emo_angry_durnorm,4,r4_durnorm_emo_angry,r4,angry,,durnorm,,7.042,8.055,5.379,9.177,runs/r4_durnorm_emo_angry/02_tts/4.wav,5.329,0.05033,0.7231,-24.92,,0.035273,0.009677,0.0,290.3,119.4,542.4,1555.0,994.0,3138.0,1726.0,604.0,0.006145,0.011552,0.2014,0.092478,0.079639,2.3801,2.5658,507.9,1156.8,1306.3,0.4974,-365.62945556640625,141.67433166503906,67.04156494140625,46.386634826660156,5.079299449920654,43.4995002746582,3.748173236846924,24.676620483398438,-3.919318199157715,23.25344467163086,-4.5154242515563965,19.96028709411621,-7.473787784576416,17.1452579498291,-6.725061893463135,18.387836456298828,-8.764796257019043,15.515114784240723,4.774726390838623,11.293998718261719,-8.19450855255127,15.241573333740234,7.908179759979248,18.07465171813965,-0.020543446764349937,13.104449272155762
emo_angry_durnorm,7,r4_durnorm_emo_angry,r4,angry,,durnorm,,7.405,7.132,6.591,7.256,runs/r4_durnorm_emo_angry/02_tts/7.wav,5.6076,0.042284,0.412,-26.81,,0.024833,0.009878,0.0,318.5,61.4,266.4,1403.0,860.0,2855.0,1589.0,570.0,0.00495,0.011334,0.1459,0.079942,0.055421,2.3779,2.4521,353.6,997.2,1551.1,0.4196,-372.63055419921875,124.64392852783203,65.1436767578125,43.62551498413086,3.402198076248169,38.093894958496094,8.274521827697754,35.93547058105469,-4.4730610847473145,25.637447357177734,6.9541215896606445,19.446182250976562,-7.8617262840271,18.197481155395508,-7.285611152648926,14.60238265991211,-7.456737041473389,14.271472930908203,6.157654285430908,12.993545532226562,-8.511148452758789,12.047813415527344,5.759101867675781,11.290704727172852,-0.5616193413734436,14.555708885192871
emo_calm_durnorm,1,r4_durnorm_emo_calm,r4,calm,,durnorm,,5.423,7.811,4.708,8.521,runs/r4_durnorm_emo_calm/02_tts/1.wav,5.7818,0.020293,0.1142,-33.35,,0.010537,0.003306,0.0,229.5,88.9,350.0,1668.0,1028.0,3215.0,1702.0,486.0,0.007897,0.014448,0.0805,0.095959,0.09425,2.219,1.8607,367.0,864.7,1709.0,0.5478,-407.4449768066406,123.13819122314453,70.66400146484375,48.91434097290039,11.848017692565918,43.125667572021484,30.15934181213379,29.74040412902832,-5.911243438720703,30.606935501098633,5.246110439300537,23.62876319885254,-5.44985818862915,17.558284759521484,-5.937195301055908,15.227288246154785,-10.76007080078125,14.66259765625,5.687708854675293,11.120401382446289,-9.849809646606445,11.636877059936523,4.981423854827881,8.904755592346191,-1.9986985921859741,8.105486869812012
emo_calm_durnorm,10,r4_durnorm_emo_calm,r4,calm,,durnorm,,6.177,7.067,5.5,7.983,runs/r4_durnorm_emo_calm/02_tts/10.wav,5.7005,0.01244,0.0817,-37.8,,0.006316,0.002029,0.0,196.9,57.7,253.1,1592.0,1130.0,2918.0,1680.0,529.0,0.012323,0.022908,0.0563,0.104659,0.094174,2.0837,2.186,410.6,419.2,1269.6,0.4838,-451.7569885253906,154.32049560546875,78.15825653076172,59.11525344848633,13.717022895812988,44.553375244140625,23.354251861572266,29.02121925354004,-0.45723050832748413,23.866127014160156,3.7144973278045654,18.98955535888672,-1.1520673036575317,15.9541654586792,-3.140488386154175,14.253179550170898,-14.390365600585938,18.397216796875,9.175226211547852,10.565150260925293,-7.28300142288208,12.991230964660645,6.405430316925049,9.399748802185059,-0.9373542070388794,11.643689155578613
emo_calm_durnorm,13,r4_durnorm_emo_calm,r4,calm,,durnorm,,7.265,7.739,4.428,8.61,runs/r4_durnorm_emo_calm/02_tts/13.wav,5.6657,0.032261,0.2777,-29.16,,0.017756,0.006786,0.0,249.2,111.0,376.2,1719.0,832.0,3427.0,1758.0,444.0,0.009646,0.016511,0.1564,0.105249,0.074639,2.4431,2.6411,426.2,1101.9,1917.2,0.5666,-353.95556640625,145.64410400390625,60.91038513183594,41.64519500732422,0.6573396921157837,46.20690155029297,15.113194465637207,31.418575286865234,-12.405946731567383,26.419097900390625,1.7400739192962646,18.4945125579834,-15.153582572937012,21.604856491088867,-11.527390480041504,17.859220504760742,-11.298969268798828,15.487995147705078,0.4506922662258148,10.773853302001953,-9.984640121459961,14.609186172485352,6.245652198791504,8.338007926940918,-2.3786470890045166,9.467684745788574
emo_calm_durnorm,4,r4_durnorm_emo_calm,r4,calm,,durnorm,,6.46,8.27,5.341,9.352,runs/r4_durnorm_emo_calm/02_tts/4.wav,5.9443,0.015597,0.0803,-38.19,,0.007333,0.002486,0.0,206.7,61.6,251.4,1440.0,1124.0,2846.0,1709.0,627.0,0.006362,0.012785,0.0562,0.069402,0.06704,2.3206,2.6682,467.1,1357.5,2279.0,0.4131,-459.0253601074219,127.99454498291016,85.97457885742188,55.095741271972656,30.106172561645508,33.882049560546875,23.336145401000977,23.72953987121582,6.753256320953369,25.855010986328125,3.0883960723876953,18.966548919677734,-4.092337131500244,15.994571685791016,-4.944273471832275,14.728422164916992,-8.30659294128418,14.1972074508667,6.102176666259766,10.840839385986328,-9.894292831420898,13.120623588562012,6.197352409362793,8.261113166809082,-0.4243236184120178,8.898652076721191
emo_calm_durnorm,7,r4_durnorm_emo_calm,r4,calm,,durnorm,,7.815,6.703,6.415,7.325,runs/r4_durnorm_emo_calm/02_tts/7.wav,5.4219,0.025686,0.1557,-32.22,,0.012467,0.004957,0.0,266.2,30.4,159.1,1271.0,757.0,2573.0,1527.0,505.0,0.004865,0.011069,0.0921,0.067104,0.050341,2.3387,2.4063,357.3,652.9,1383.5,0.2929,-394.8438415527344,117.1601791381836,87.92074584960938,39.50741195678711,8.31595516204834,36.90528106689453,19.855867385864258,33.904335021972656,-4.177192687988281,26.335615158081055,9.562274932861328,20.323989868164062,-8.919235229492188,19.736143112182617,-10.484806060791016,14.904160499572754,-9.186578750610352,14.41883659362793,5.582472801208496,12.989806175231934,-5.900579452514648,10.012860298156738,4.5447235107421875,10.652287483215332,-0.27119800448417664,8.512018203735352
emo_disgusted_durnorm,1,r4_durnorm_emo_disgusted,r4,disgusted,,durnorm,,5.686,7.778,4.816,8.553,runs/r4_durnorm_emo_disgusted/02_tts/1.wav,5.8631,0.039497,0.5079,-27.38,,0.024126,0.008831,0.0,304.1,137.5,515.7,1908.0,1233.0,3638.0,1834.0,431.0,0.014147,0.027805,0.1543,0.123134,0.135806,2.2607,2.2851,382.8,1013.4,1884.3,0.644,-366.54718017578125,138.5063018798828,44.992897033691406,45.946922302246094,8.385318756103516,39.059146881103516,18.8585147857666,31.892927169799805,-2.633678913116455,29.22196388244629,-2.7936627864837646,22.63273811340332,-6.885087966918945,17.040189743041992,-7.94868803024292,14.4911527633667,-12.76754093170166,17.447965621948242,0.6904004216194153,10.420914649963379,-8.249781608581543,13.837342262268066,3.5869061946868896,13.711331367492676,-0.13553528487682343,13.691375732421875
emo_disgusted_durnorm,10,r4_durnorm_emo_disgusted,r4,disgusted,,durnorm,,5.695,7.854,5.534,7.991,runs/r4_durnorm_emo_disgusted/02_tts/10.wav,5.2013,0.035359,0.3303,-28.47,,0.018953,0.007218,0.0,336.1,81.9,373.2,1623.0,1137.0,2958.0,1647.0,585.0,0.008756,0.02013,0.1475,0.107958,0.094795,2.3071,2.1274,383.6,1091.8,1535.2,0.4168,-383.41748046875,149.11227416992188,65.62950897216797,53.914981842041016,0.07761125266551971,50.456485748291016,8.872632026672363,30.19951629638672,-6.469432353973389,28.15186882019043,-0.5021244287490845,21.334739685058594,-5.854666233062744,18.891727447509766,-4.514495849609375,15.937871932983398,-14.462339401245117,19.31436538696289,4.118028163909912,11.071868896484375,-6.968475818634033,12.865408897399902,6.006709098815918,11.058363914489746,-1.2118685245513916,12.046204566955566
emo_disgusted_durnorm,13,r4_durnorm_emo_disgusted,r4,disgusted,,durnorm,,7.214,7.555,4.508,8.6,runs/r4_durnorm_emo_disgusted/02_tts/13.wav,6.699,0.027363,0.1836,-30.82,1.48,0.016389,0.005927,0.0,309.4,129.2,502.8,1551.0,1051.0,2990.0,1667.0,519.0,0.0069,0.015712,0.098,0.097142,0.09301,2.2683,2.3175,425.0,1181.4,2029.9,0.37,-405.0114440917969,128.2476348876953,72.08412170410156,45.64664077758789,4.290770530700684,44.66852569580078,9.995733261108398,26.54815673828125,0.33005544543266296,25.350122451782227,2.7926087379455566,19.114046096801758,-5.540525436401367,18.447696685791016,-11.507156372070312,19.412046432495117,-10.512734413146973,15.620977401733398,-1.8562144041061401,10.366477966308594,-8.806817054748535,13.345222473144531,5.391800403594971,8.220319747924805,-3.393754005432129,13.711591720581055
emo_disgusted_durnorm,4,r4_durnorm_emo_disgusted,r4,disgusted,,durnorm,,6.008,8.917,5.342,9.257,runs/r4_durnorm_emo_disgusted/02_tts/4.wav,5.0504,0.036833,0.2733,-28.41,,0.01864,0.008475,0.0,374.8,68.3,252.0,1497.0,1103.0,2878.0,1657.0,603.0,0.006663,0.016332,0.1432,0.095261,0.091891,2.3889,2.3475,400.3,944.6,1548.9,0.3754,-377.8620300292969,133.7562713623047,73.57482147216797,51.98160934448242,9.502760887145996,36.72669982910156,5.1427154541015625,26.726783752441406,-3.553077459335327,26.612539291381836,-3.6045825481414795,20.02839469909668,-10.214539527893066,17.774812698364258,-8.821328163146973,17.16853141784668,-8.005038261413574,15.810888290405273,-0.4406757652759552,11.314579963684082,-13.281765937805176,14.031698226928711,2.8815627098083496,10.039751052856445,-3.2210543155670166,14.436102867126465
emo_disgusted_durnorm,7,r4_durnorm_emo_disgusted,r4,disgusted,,durnorm,,5.289,7.937,6.554,7.229,runs/r4_durnorm_emo_disgusted/02_tts/7.wav,5.7005,0.042636,0.2801,-27.03,,0.022255,0.009616,0.0,363.1,68.9,282.0,1473.0,1089.0,2788.0,1633.0,576.0,0.006606,0.014248,0.1533,0.094566,0.092439,2.2873,2.7634,397.3,1127.5,1342.7,0.4158,-376.9390563964844,134.24891662597656,62.89553451538086,46.37388229370117,11.662742614746094,33.22420120239258,11.002708435058594,31.908649444580078,-4.087982177734375,27.818769454956055,3.55234432220459,20.171369552612305,-8.988611221313477,20.30467414855957,-12.880171775817871,18.5677547454834,-11.295042991638184,17.37497901916504,-0.7302156686782837,13.173784255981445,-5.6104416847229,13.389059066772461,3.3597159385681152,11.37574291229248,0.9424529075622559,12.232991218566895
emo_happy_durnorm,1,r4_durnorm_emo_happy,r4,happy,,durnorm,,4.16,9.296,4.774,8.556,runs/r4_durnorm_emo_happy/02_tts/1.wav,4.8066,0.054834,0.6685,-23.75,,0.035148,0.011938,0.0,409.9,77.5,319.5,2110.0,1144.0,3911.0,1850.0,388.0,0.016188,0.02506,0.255,0.14726,0.120936,2.3392,2.4808,436.1,1088.3,1781.6,0.9068,-328.31634521484375,151.95680236816406,30.148910522460938,39.43462371826172,-6.76044225692749,45.300743103027344,12.25540542602539,32.942386627197266,-7.414247512817383,26.709707260131836,-5.862090587615967,22.85207176208496,-6.830196380615234,16.309309005737305,-9.266132354736328,18.336851119995117,-10.997319221496582,14.11655330657959,1.010240077972412,13.432612419128418,-7.015700340270996,14.214526176452637,12.687264442443848,23.053590774536133,4.3751301765441895,16.07278823852539
emo_happy_durnorm,10,r4_durnorm_emo_happy,r4,happy,,durnorm,,5.489,7.989,5.381,8.098,runs/r4_durnorm_emo_happy/02_tts/10.wav,4.9691,0.069965,0.7497,-22.08,,0.046074,0.018317,0.0,401.9,97.4,369.6,2028.0,1181.0,3674.0,1763.0,526.0,0.013879,0.025638,0.2801,0.143517,0.100272,2.3189,2.193,469.5,1078.0,1782.3,0.7216,-320.1745300292969,130.0159912109375,30.676015853881836,47.11199951171875,-12.352028846740723,47.995723724365234,4.097285270690918,25.611919403076172,-11.477790832519531,26.220367431640625,-9.846484184265137,21.202808380126953,-7.085372447967529,15.318952560424805,-9.47473430633545,16.473791122436523,-15.665813446044922,18.23657989501953,4.815688610076904,14.66830825805664,1.8903276920318604,18.67780113220215,17.224567413330078,21.445781707763672,12.322755813598633,19.091232299804688
emo_happy_durnorm,13,r4_durnorm_emo_happy,r4,happy,,durnorm,,6.803,7.244,4.456,8.754,runs/r4_durnorm_emo_happy/02_tts/13.wav,5.9908,0.099179,0.8507,-19.14,,0.063283,0.025889,0.0,417.6,132.7,549.3,1872.0,960.0,3504.0,1705.0,471.0,0.009578,0.016864,0.4268,0.135514,0.092781,2.5552,2.6766,526.0,1149.5,1744.6,0.5699,-293.0140380859375,144.41873168945312,37.71125411987305,35.878963470458984,-29.383399963378906,53.20646667480469,-1.316571831703186,30.971418380737305,-15.035184860229492,25.231332778930664,-7.750204086303711,22.503623962402344,-16.91805648803711,21.009599685668945,-16.910137176513672,21.250404357910156,-9.679368019104004,16.068763732910156,1.9066847562789917,15.700240135192871,-3.751798629760742,20.00436019897461,19.667667388916016,23.928619384765625,11.503547668457031,21.493661880493164
emo_happy_durnorm,4,r4_durnorm_emo_happy,r4,happy,,durnorm,,5.43,8.842,5.362,9.12,runs/r4_durnorm_emo_happy/02_tts/4.wav,5.2013,0.076169,0.8236,-21.49,,0.045152,0.019243,0.0,434.6,79.5,311.7,1789.0,1268.0,3277.0,1686.0,604.0,0.007911,0.013938,0.306,0.128241,0.1205,2.3825,2.4092,458.1,1054.1,1703.7,0.5964,-312.97845458984375,133.56417846679688,42.101348876953125,42.610450744628906,-9.812098503112793,43.43424606323242,-0.522430956363678,23.632022857666016,-6.881884574890137,26.683923721313477,-8.828252792358398,22.24747657775879,-8.696223258972168,18.582988739013672,-8.221778869628906,20.056255340576172,-6.779677867889404,17.02522087097168,-2.605659008026123,14.324217796325684,-8.441549301147461,16.058744430541992,10.962313652038574,20.303064346313477,12.140918731689453,22.08226776123047
emo_happy_durnorm,7,r4_durnorm_emo_happy,r4,happy,,durnorm,,5.903,7.936,6.416,7.354,runs/r4_durnorm_emo_happy/02_tts/7.wav,4.7717,0.053847,0.3485,-24.78,,0.028535,0.01182,0.0,401.2,134.6,545.9,1726.0,998.0,3343.0,1758.0,473.0,0.008764,0.014472,0.2159,0.108743,0.088241,2.3345,2.6232,420.9,1006.5,1548.4,0.5553,-338.8060302734375,139.39100646972656,43.8386116027832,35.381710052490234,-5.7717437744140625,41.39434051513672,0.1669299304485321,30.747459411621094,-9.219173431396484,25.553621292114258,4.170393466949463,22.656930923461914,-14.859681129455566,21.936384201049805,-10.797174453735352,16.334550857543945,-7.882128715515137,17.629350662231445,2.4477593898773193,14.754549980163574,-1.7760237455368042,19.143409729003906,15.470003128051758,22.92901039123535,8.751925468444824,21.249067306518555
emo_melancholic_durnorm,1,r4_durnorm_emo_melancholic,r4,melancholic,,durnorm,,3.826,8.319,4.691,8.624,runs/r4_durnorm_emo_melancholic/02_tts/1.wav,6.6061,0.010138,0.072,-39.0,1.73,0.005679,0.001474,0.014493,165.3,88.1,241.1,1711.0,1198.0,3395.0,1827.0,434.0,0.019288,0.07463,0.0425,0.087801,0.09669,1.9625,2.0785,444.9,1479.5,1978.7,0.754,-472.90374755859375,133.64173889160156,75.83455657958984,51.333717346191406,21.146883010864258,29.247875213623047,28.745805740356445,25.777000427246094,9.355356216430664,25.996543884277344,8.756353378295898,17.17936897277832,-0.9729480147361755,15.783007621765137,-0.9247421622276306,14.960436820983887,-7.201074123382568,15.094947814941406,4.968356132507324,8.76458740234375,-8.528482437133789,11.890934944152832,8.072637557983398,8.744810104370117,-0.8965448141098022,8.383221626281738
emo_melancholic_durnorm,10,r4_durnorm_emo_melancholic,r4,melancholic,,durnorm,,4.336,7.412,5.655,7.9,runs/r4_durnorm_emo_melancholic/02_tts/10.wav,7.5581,0.009837,0.0838,-39.39,5.89,0.005214,0.001435,0.004219,181.6,100.0,528.9,1744.0,1281.0,3306.0,1716.0,485.0,0.015183,0.026789,0.0403,0.106905,0.12213,1.882,2.1836,351.5,1339.8,2227.8,0.91,-483.6903991699219,138.0485382080078,61.14076614379883,55.8304328918457,13.68960189819336,40.36627197265625,30.09876823425293,27.110721588134766,8.285995483398438,24.458126068115234,10.909900665283203,17.136823654174805,5.275538921356201,17.074453353881836,4.854492664337158,14.76629638671875,-10.59176254272461,16.139802932739258,5.890434741973877,8.257723808288574,-3.1882712841033936,12.744413375854492,8.479875564575195,8.851101875305176,1.2633540630340576,9.864917755126953
emo_melancholic_durnorm,13,r4_durnorm_emo_melancholic,r4,melancholic,,durnorm,,4.827,7.485,4.235,8.822,runs/r4_durnorm_emo_melancholic/02_tts/13.wav,8.2199,0.007233,0.0708,-41.91,2.12,0.004003,0.001195,0.0,179.3,80.5,282.5,1654.0,1173.0,3233.0,1810.0,418.0,0.014043,0.022973,0.0314,0.087957,0.0984,1.9816,2.2573,335.9,1528.6,2083.1,0.7848,-504.9477844238281,138.76840209960938,71.11283874511719,40.357078552246094,19.99117660522461,33.297218322753906,33.482505798339844,23.23806381225586,13.496245384216309,19.13290023803711,16.035568237304688,14.583561897277832,-0.32686904072761536,15.004716873168945,2.4309985637664795,14.143628120422363,-8.038153648376465,16.26361846923828,4.6942362785339355,9.061110496520996,-5.195061206817627,12.506507873535156,11.752862930297852,6.776194095611572,1.4421510696411133,9.081832885742188
emo_melancholic_durnorm,4,r4_durnorm_emo_melancholic,r4,melancholic,,durnorm,,4.107,9.535,5.172,9.445,runs/r4_durnorm_emo_melancholic/02_tts/4.wav,6.9079,0.012356,0.0625,-39.82,1.89,0.004682,0.00177,0.0,214.0,45.4,228.0,1402.0,1232.0,2778.0,1677.0,602.0,0.00764,0.016841,0.0415,0.064862,0.07766,2.1329,2.6578,436.2,1718.9,2372.9,0.5377,-482.014892578125,118.01129150390625,81.42461395263672,49.707855224609375,22.71261215209961,29.080617904663086,28.055200576782227,20.45415496826172,16.680673599243164,22.16240882873535,9.634624481201172,15.884673118591309,-1.9619513750076294,14.511320114135742,-0.24838539958000183,15.167303085327148,-5.694039821624756,15.93310832977295,4.2024455070495605,10.05063533782959,-11.510909080505371,13.199803352355957,5.775729179382324,8.47319221496582,1.2024821043014526,8.620241165161133
emo_melancholic_durnorm,7,r4_durnorm_emo_melancholic,r4,melancholic,,durnorm,,4.067,7.964,6.509,7.239,runs/r4_durnorm_emo_melancholic/02_tts/7.wav,7.3608,0.010401,0.0638,-41.94,1.42,0.005085,0.001856,0.0,187.4,73.6,236.1,1334.0,1187.0,2500.0,1596.0,478.0,0.008734,0.019392,0.0349,0.063789,0.093017,1.898,2.8541,507.5,1446.5,2193.0,0.6747,-514.32861328125,148.744873046875,72.49237060546875,45.352821350097656,16.610586166381836,29.438302993774414,25.987123489379883,28.707862854003906,19.667102813720703,21.766740798950195,21.624753952026367,18.1358585357666,4.255316257476807,16.10633659362793,1.6274592876434326,14.047636032104492,-0.33459267020225525,14.271190643310547,6.234711170196533,9.624295234680176,-1.7363061904907227,11.95192813873291,9.367931365966797,7.39476203918457,1.50830078125,8.927750587463379
emo_sad_durnorm,1,r4_durnorm_emo_sad,r4,sad,,durnorm,,3.756,8.248,4.732,8.628,runs/r4_durnorm_emo_sad/02_tts/1.wav,6.7686,0.03987,0.4011,-25.16,11.17,0.030145,0.007872,0.0,385.0,140.6,539.0,1863.0,1172.0,3613.0,1873.0,391.0,0.014793,0.026581,0.1472,0.105565,0.108943,2.0184,2.699,466.1,1185.1,1846.6,0.771,-413.0942687988281,161.9137725830078,31.724201202392578,33.30035400390625,4.3828654289245605,39.474761962890625,20.224395751953125,27.811702728271484,5.163896083831787,26.069198608398438,-0.807956337928772,23.317989349365234,-2.1064770221710205,20.031620025634766,-5.147533416748047,18.22030258178711,-7.7965779304504395,18.397825241088867,1.8666929006576538,10.108598709106445,-2.7891459465026855,11.946572303771973,13.26850700378418,12.945271492004395,12.37867259979248,15.382063865661621
emo_sad_durnorm,10,r4_durnorm_emo_sad,r4,sad,,durnorm,,4.746,8.334,5.356,8.071,runs/r4_durnorm_emo_sad/02_tts/10.wav,6.223,0.050684,0.6846,-24.23,11.59,0.039251,0.012294,0.0,380.8,118.2,365.3,1577.0,1157.0,3026.0,1696.0,536.0,0.008073,0.015281,0.1439,0.091602,0.095794,1.8407,2.1046,488.6,1259.1,2095.7,0.552,-399.8125915527344,134.92205810546875,38.631343841552734,48.00914764404297,7.267809867858887,40.88725280761719,16.47246551513672,23.870407104492188,-0.7669861912727356,23.565637588500977,-2.158165454864502,20.03864288330078,-4.741868019104004,17.08670997619629,-7.355539321899414,18.261816024780273,-13.22873592376709,19.277965545654297,4.896545886993408,9.88413143157959,1.4867663383483887,15.43298053741455,18.32673454284668,20.61738395690918,16.199018478393555,19.145353317260742
emo_sad_durnorm,13,r4_durnorm_emo_sad,r4,sad,,durnorm,,5.228,7.146,4.299,8.778,runs/r4_durnorm_emo_sad/02_tts/13.wav,7.4884,0.034111,0.2717,-27.28,10.49,0.025361,0.008221,0.0,383.3,126.6,483.9,1889.0,1200.0,3807.0,1901.0,397.0,0.011283,0.019916,0.0963,0.116597,0.122792,1.9414,2.5017,450.5,1385.5,1392.1,0.5709,-431.94635009765625,133.50042724609375,32.122676849365234,35.88637924194336,3.6154940128326416,35.10955810546875,16.01412010192871,24.90599822998047,4.475687026977539,19.414325714111328,2.180260419845581,18.0960636138916,-4.733266353607178,17.300880432128906,-11.653759002685547,22.692392349243164,-8.05274486541748,17.276058197021484,-1.5262128114700317,13.77877140045166,-3.448164224624634,12.371350288391113,12.500204086303711,12.900835037231445,16.897846221923828,17.940937042236328
emo_sad_durnorm,4,r4_durnorm_emo_sad,r4,sad,,durnorm,,4.272,9.262,5.415,9.191,runs/r4_durnorm_emo_sad/02_tts/4.wav,6.6642,0.036875,0.4137,-27.58,10.74,0.026932,0.009466,0.0,310.8,144.7,496.4,1426.0,1124.0,2768.0,1724.0,533.0,0.004871,0.010648,0.097,0.073541,0.086872,1.901,2.5704,511.7,1172.7,2107.7,0.5062,-433.336669921875,123.26089477539062,48.339599609375,43.144065856933594,18.971763610839844,30.17848777770996,18.467479705810547,21.878650665283203,10.06319522857666,22.85148048400879,-1.7406178712844849,20.342342376708984,-6.733128070831299,18.68621063232422,-5.7424635887146,18.15257453918457,-8.340484619140625,16.984193801879883,2.3995168209075928,10.955245018005371,-2.323582887649536,13.880706787109375,11.866996765136719,17.516000747680664,11.286131858825684,18.352724075317383
emo_sad_durnorm,7,r4_durnorm_emo_sad,r4,sad,,durnorm,,3.862,8.012,6.531,7.23,runs/r4_durnorm_emo_sad/02_tts/7.wav,5.9095,0.024047,0.2054,-31.66,,0.013946,0.005678,0.0,402.3,73.0,320.8,1718.0,1255.0,3366.0,1781.0,517.0,0.010193,0.017919,0.0853,0.096352,0.100362,2.0292,2.6159,418.6,1324.2,2092.8,0.7068,-419.8335876464844,136.93414306640625,39.336002349853516,41.55570983886719,11.585837364196777,27.357969284057617,15.761711120605469,29.087671279907227,7.319260597229004,24.412925720214844,8.169280052185059,19.700315475463867,-8.540214538574219,21.303930282592773,-6.679881572723389,18.368873596191406,-8.894845008850098,17.24979591369629,0.03381166234612465,13.492646217346191,-1.6240259408950806,13.83202838897705,12.996360778808594,12.473901748657227,9.697118759155273,13.584157943725586
emo_surprised_durnorm,1,r4_durnorm_emo_surprised,r4,surprised,,durnorm,,4.322,9.03,4.764,8.404,runs/r4_durnorm_emo_surprised/02_tts/1.wav,4.9459,0.068504,0.6331,-22.11,,0.043627,0.015412,0.0,354.4,151.7,545.9,2108.0,1220.0,3794.0,1792.0,424.0,0.015171,0.02652,0.2947,0.150532,0.132576,2.3464,2.4418,455.4,1135.3,1879.7,0.897,-311.6480712890625,138.7914276123047,27.99166488647461,41.3890266418457,-11.636164665222168,48.03074264526367,9.884282112121582,29.825428009033203,-4.055128574371338,23.677671432495117,-7.391700744628906,22.700359344482422,-8.956722259521484,16.504703521728516,-8.930317878723145,16.997968673706055,-10.246173858642578,18.008716583251953,1.5706733465194702,15.71412467956543,-4.433002471923828,18.15401840209961,14.412890434265137,22.76934814453125,3.9696922302246094,14.301115036010742
emo_surprised_durnorm,10,r4_durnorm_emo_surprised,r4,surprised,,durnorm,,6.261,7.292,5.68,7.976,runs/r4_durnorm_emo_surprised/02_tts/10.wav,5.062,0.033082,0.2706,-29.12,,0.01583,0.005898,0.0,335.7,86.5,381.2,1558.0,1150.0,2850.0,1596.0,593.0,0.009702,0.021284,0.1373,0.105208,0.09485,2.3269,2.1838,375.1,1042.4,1645.1,0.4097,-387.53125,145.81460571289062,68.75458526611328,52.60539245605469,3.8499019145965576,49.804054260253906,9.272814750671387,29.344533920288086,-7.5026164054870605,28.5989990234375,-0.5756732225418091,21.535764694213867,-6.555519104003906,19.338777542114258,-5.742013454437256,15.732977867126465,-15.012969017028809,18.641616821289062,2.6206748485565186,11.53089714050293,-8.392255783081055,14.575695991516113,5.430906772613525,11.336875915527344,-0.9397455453872681,13.535808563232422
emo_surprised_durnorm,13,r4_durnorm_emo_surprised,r4,surprised,,durnorm,,7.244,7.334,4.352,8.695,runs/r4_durnorm_emo_surprised/02_tts/13.wav,5.5032,0.043771,0.3062,-26.29,,0.02422,0.008996,0.0,332.9,136.8,456.9,1740.0,1048.0,3355.0,1739.0,506.0,0.008878,0.017822,0.2143,0.119121,0.097453,2.5608,2.7924,434.5,1134.9,1847.6,0.5119,-353.8729248046875,164.35594177246094,56.902469635009766,47.76233673095703,-6.195265769958496,48.86882400512695,3.133603096008301,29.53118896484375,-13.600914001464844,27.013288497924805,-1.2826323509216309,20.663928985595703,-12.834769248962402,20.55919075012207,-14.63634967803955,20.684303283691406,-9.2483491897583,16.433319091796875,-3.188236713409424,12.49266529083252,-11.617319107055664,15.94486141204834,9.211116790771484,12.120251655578613,0.9695653915405273,17.643173217773438
emo_surprised_durnorm,4,r4_durnorm_emo_surprised,r4,surprised,,durnorm,,6.601,8.336,5.377,9.278,runs/r4_durnorm_emo_surprised/02_tts/4.wav,4.9111,0.031006,0.197,-30.05,,0.01467,0.005991,0.0,364.2,67.0,226.8,1483.0,1043.0,2964.0,1680.0,620.0,0.005641,0.012226,0.1183,0.083924,0.070598,2.3902,2.5658,363.5,863.0,1711.6,0.3665,-396.2484436035156,137.7340545654297,74.2451171875,48.8253288269043,10.954310417175293,37.38484191894531,9.018526077270508,25.43511962890625,-1.2668060064315796,25.67153549194336,-2.7319023609161377,19.801008224487305,-10.316152572631836,17.887046813964844,-6.72904109954834,16.849538803100586,-7.568682670593262,14.90954875946045,0.847258448600769,10.628644943237305,-13.463455200195312,14.689977645874023,2.085845947265625,9.905694007873535,-3.590121269226074,12.57944393157959
emo_surprised_durnorm,7,r4_durnorm_emo_surprised,r4,surprised,,durnorm,,5.925,7.675,6.515,7.327,runs/r4_durnorm_emo_surprised/02_tts/7.wav,4.6324,0.038418,0.2516,-28.16,,0.018571,0.007555,0.0,368.3,78.4,263.4,1523.0,931.0,2980.0,1690.0,527.0,0.006867,0.013811,0.1558,0.090955,0.067868,2.3112,2.5158,376.4,1035.8,1520.4,0.4081,-366.9556579589844,139.81459045410156,60.922264099121094,39.01161193847656,3.0197842121124268,38.05143737792969,5.74254846572876,34.0197639465332,-7.743626117706299,25.78333854675293,8.287848472595215,21.85761070251465,-9.958219528198242,20.797941207885742,-9.82784652709961,16.27790069580078,-6.181326389312744,14.479479789733887,-0.5952248573303223,12.031001091003418,-8.435646057128906,14.461892127990723,6.962764739990234,11.424551010131836,-2.552236795425415,15.904858589172363
fish_durnorm,1,r4_durnorm_fish,r4,,,durnorm,fish,5.471,8.865,4.714,8.634,runs/r4_durnorm_fish/02_tts/1.wav,5.059,0.189035,0.9606,-14.53,,0.09591,0.037618,0.0,238.6,15.5,70.5,1987.0,1065.0,3837.0,1752.0,455.0,0.024802,0.043543,0.6967,0.14478,0.11545,2.2447,1.9128,402.4,885.0,1593.2,0.4844,-160.08621215820312,85.04010772705078,61.831214904785156,50.34920120239258,-3.6671414375305176,39.4022216796875,11.942545890808105,25.957475662231445,-15.36367416381836,23.08431625366211,-8.315618515014648,19.383529663085938,-22.995397567749023,13.744475364685059,-20.551877975463867,13.377198219299316,-21.85364532470703,11.338970184326172,-2.156968116760254,10.147563934326172,-17.573545455932617,9.438770294189453,-0.04621076211333275,9.440513610839844,-11.500541687011719,8.820294380187988
fish_durnorm,10,r4_durnorm_fish,r4,,,durnorm,fish,6.164,7.946,5.727,7.863,runs/r4_durnorm_fish/02_tts/10.wav,5.1984,0.214514,0.9261,-13.87,,0.104275,0.04067,0.0,230.4,19.8,91.9,1603.0,977.0,3041.0,1569.0,564.0,0.01332,0.032388,0.7582,0.111496,0.085671,2.1193,1.8081,427.5,731.2,1468.6,0.3307,-153.48568725585938,87.76908874511719,88.15950775146484,47.87837600708008,-0.8477715849876404,47.988285064697266,15.40766716003418,25.002452850341797,-10.883749008178711,18.33032989501953,-6.866947650909424,17.76172637939453,-14.11158275604248,13.276631355285645,-10.31445026397705,11.067351341247559,-21.322429656982422,11.773448944091797,5.563415050506592,11.862369537353516,-12.136751174926758,11.375646591186523,1.8512513637542725,7.77403450012207,-5.1697869300842285,8.835217475891113
fish_durnorm,11,r4_durnorm_fish,r4,,,durnorm,fish,5.851,8.465,6.02,7.925,runs/r4_durnorm_fish/02_tts/11.wav,6.1271,0.159712,0.8334,-16.38,3.64,0.067592,0.025294,0.0,240.8,22.9,115.3,1340.0,703.0,2573.0,1465.0,482.0,0.006654,0.018073,0.466,0.07987,0.050994,2.1043,1.9673,432.4,1122.0,1741.4,0.2474,-212.60060119628906,74.98011016845703,91.68944549560547,45.792076110839844,0.337808221578598,35.08299255371094,6.626628875732422,23.038188934326172,-27.155736923217773,19.77859878540039,-4.7377028465271,17.381519317626953,-25.99863624572754,12.609004020690918,-24.59950828552246,15.449252128601074,-22.980581283569336,10.358847618103027,-2.5630900859832764,10.768013000488281,-16.9547119140625,9.016423225402832,-1.0520068407058716,9.145308494567871,-11.238517761230469,7.117852687835693
fish_durnorm,12,r4_durnorm_fish,r4,,,durnorm,fish,7.541,7.586,7.052,7.105,runs/r4_durnorm_fish/02_tts/12.wav,5.9878,0.174525,0.9144,-15.67,,0.093824,0.031164,0.0,227.4,22.9,115.0,1644.0,903.0,3274.0,1632.0,505.0,0.013065,0.027345,0.6069,0.113666,0.093089,2.2563,1.8854,380.4,1042.5,1904.8,0.346,-172.42996215820312,81.357666015625,82.47152709960938,44.333858489990234,-0.521340548992157,42.60432815551758,19.086790084838867,22.500988006591797,-10.232705116271973,16.955224990844727,-14.551142692565918,15.783044815063477,-18.190996170043945,12.143355369567871,-18.59628677368164,10.895594596862793,-23.43461799621582,11.131731033325195,0.6321603059768677,8.494291305541992,-16.259164810180664,9.129755020141602,3.463824987411499,7.3423237800598145,-7.976853370666504,8.806797981262207
fish_durnorm,13,r4_durnorm_fish,r4,,,durnorm,fish,5.784,8.581,4.499,8.625,runs/r4_durnorm_fish/02_tts/13.wav,5.6627,0.261878,0.9459,-12.03,,0.126797,0.046243,0.0,230.7,18.5,76.0,1673.0,929.0,3375.0,1703.0,517.0,0.016692,0.035223,0.8145,0.115618,0.098682,2.1917,2.2308,343.8,982.0,1141.6,0.3537,-144.58253479003906,84.27670288085938,78.6968994140625,47.0381965637207,4.997066020965576,27.305744171142578,11.716341972351074,23.679744720458984,-15.106945037841797,17.055591583251953,-6.026257514953613,16.574695587158203,-21.989334106445312,10.633732795715332,-24.110483169555664,12.286933898925781,-18.031103134155273,11.169915199279785,-2.8301520347595215,12.636820793151855,-17.319299697875977,9.803524017333984,4.686801910400391,7.799073696136475,-11.730707168579102,7.424122333526611
fish_durnorm,2,r4_durnorm_fish,r4,,,durnorm,fish,5.682,8.902,5.581,8.474,runs/r4_durnorm_fish/02_tts/2.wav,4.5018,0.223291,0.9345,-13.49,,0.104829,0.037274,0.0,242.8,14.9,77.9,1594.0,902.0,3154.0,1650.0,508.0,0.011811,0.029038,0.7014,0.106667,0.080676,2.0843,1.6001,446.9,1331.8,2152.7,0.3128,-163.49880981445312,77.23926544189453,80.65338134765625,41.94100570678711,-1.8482739925384521,32.1901969909668,10.214275360107422,23.245176315307617,-11.085615158081055,20.32267951965332,-13.406261444091797,16.926054000854492,-26.55060577392578,13.552943229675293,-24.588258743286133,12.883049011230469,-24.098033905029297,10.4926118850708,0.23649239540100098,11.958405494689941,-18.778905868530273,9.046236991882324,3.0641021728515625,7.632688999176025,-13.094283103942871,7.8044562339782715
fish_durnorm,3,r4_durnorm_fish,r4,,,durnorm,fish,6.377,8.438,6.337,7.725,runs/r4_durnorm_fish/02_tts/3.wav,4.5018,0.149749,0.9129,-17.16,,0.072148,0.024634,0.0,232.3,19.2,97.4,1970.0,1023.0,3925.0,1842.0,470.0,0.022239,0.037862,0.6166,0.143278,0.097913,2.1971,1.726,394.9,733.8,1670.6,0.5369,-158.08441162109375,73.90657806396484,70.56704711914062,48.398414611816406,-0.2851196825504303,31.051904678344727,10.439347267150879,22.346834182739258,-7.857650279998779,20.53603172302246,-7.105337142944336,17.386362075805664,-25.626079559326172,13.831131935119629,-19.234853744506836,11.666365623474121,-18.5943603515625,12.144288063049316,-0.977468729019165,9.974940299987793,-26.307329177856445,10.334976196289062,3.0936813354492188,7.341335296630859,-12.551695823669434,7.693126678466797
fish_durnorm,4,r4_durnorm_fish,r4,,,durnorm,fish,6.176,8.38,5.372,9.24,runs/r4_durnorm_fish/02_tts/4.wav,5.7556,0.10774,0.5169,-19.7,,0.054235,0.017667,0.0,229.9,17.8,88.9,1629.0,998.0,3280.0,1655.0,519.0,0.012272,0.025771,0.3558,0.106896,0.097445,2.1412,1.9581,303.1,406.5,1366.7,0.3993,-240.64535522460938,102.3246078491211,81.82264709472656,51.081642150878906,6.333152770996094,31.042781829833984,19.645322799682617,20.403648376464844,-10.266667366027832,23.277658462524414,-5.721594333648682,16.19673728942871,-19.001598358154297,15.426795959472656,-15.595725059509277,12.882150650024414,-17.228689193725586,11.81628704071045,-2.805894136428833,11.217228889465332,-23.398740768432617,9.674646377563477,2.0184571743011475,7.734433174133301,-8.00048542022705,8.728816032409668
fish_durnorm,5,r4_durnorm_fish,r4,,,durnorm,fish,6.562,8.077,5.319,8.176,runs/r4_durnorm_fish/02_tts/5.wav,4.9661,0.203528,0.9278,-14.2,,0.095743,0.046938,0.0,225.3,23.4,95.7,1553.0,941.0,3068.0,1619.0,519.0,0.015488,0.030344,0.7078,0.103816,0.076418,2.1739,1.9926,443.1,1393.9,2232.7,0.3408,-166.5880584716797,91.78290557861328,87.56342315673828,52.14010238647461,19.966096878051758,34.11894607543945,25.50789451599121,29.049699783325195,-13.292946815490723,19.56221580505371,-10.230507850646973,14.590497016906738,-17.743871688842773,13.38593864440918,-18.359745025634766,11.380334854125977,-18.92180824279785,12.32091236114502,-2.42547345161438,13.202184677124023,-14.844616889953613,9.643964767456055,-5.546072006225586,8.541011810302734,-9.178030014038086,7.826366424560547
fish_durnorm,6,r4_durnorm_fish,r4,,,durnorm,fish,6.166,8.766,5.446,8.451,runs/r4_durnorm_fish/02_tts/6.wav,5.477,0.151587,0.8792,-16.86,,0.073725,0.030555,0.0,221.8,21.9,102.9,1498.0,782.0,2900.0,1564.0,441.0,0.01366,0.027018,0.4938,0.098332,0.066321,2.3263,2.9627,388.4,997.1,1217.4,0.3004,-205.04676818847656,97.47332763671875,86.88573455810547,42.86531066894531,-4.261358737945557,28.892257690429688,12.563419342041016,29.415956497192383,-13.713019371032715,21.883182525634766,-6.609373092651367,17.212299346923828,-23.915719985961914,13.779614448547363,-22.093996047973633,12.030563354492188,-21.62190055847168,11.594317436218262,-3.424316167831421,11.039633750915527,-19.549415588378906,9.770075798034668,-0.2390565425157547,8.110355377197266,-12.586394309997559,7.884190082550049
fish_durnorm,7,r4_durnorm_fish,r4,,,durnorm,fish,6.64,7.898,6.582,7.224,runs/r4_durnorm_fish/02_tts/7.wav,5.0126,0.172109,0.8968,-15.35,,0.092837,0.033258,0.0,231.2,18.0,72.2,1584.0,723.0,3100.0,1610.0,447.0,0.013312,0.024916,0.5843,0.10801,0.055139,2.2841,2.5797,453.5,1299.4,1786.7,0.2992,-193.5841522216797,98.4820556640625,80.72285461425781,42.35276412963867,-5.145383358001709,34.569236755371094,7.676851272583008,32.51782989501953,-14.385866165161133,23.613740921020508,-2.2502620220184326,15.789261817932129,-26.66458511352539,17.46307373046875,-20.925886154174805,12.101239204406738,-18.979310989379883,12.878684997558594,0.403581827878952,15.877114295959473,-16.51691246032715,9.123700141906738,-0.5540152788162231,12.906530380249023,-6.052333831787109,9.16218376159668
fish_durnorm,8,r4_durnorm_fish,r4,,,durnorm,fish,5.831,8.506,5.728,8.418,runs/r4_durnorm_fish/02_tts/8.wav,5.1055,0.15862,0.7691,-16.21,,0.075851,0.026619,0.0,226.6,27.0,191.3,1590.0,906.0,3103.0,1607.0,542.0,0.010668,0.022943,0.5271,0.101556,0.071936,2.2252,2.0566,439.4,1254.6,1870.3,0.2851,-212.9652557373047,92.55479431152344,85.4095687866211,49.984004974365234,-1.8074302673339844,35.885986328125,4.159563064575195,29.117509841918945,-14.486501693725586,26.486003875732422,-4.257793426513672,17.69795799255371,-23.571197509765625,13.163664817810059,-17.503246307373047,12.959676742553711,-22.039592742919922,13.44025993347168,3.29790997505188,12.020049095153809,-18.01205062866211,8.0044527053833,3.948953151702881,9.974672317504883,-9.167154312133789,8.262438774108887
fish_durnorm,9,r4_durnorm_fish,r4,,,durnorm,fish,,,6.191,6.931,runs/r4_durnorm_fish/02_tts/9.wav,3.898,0.137249,0.8077,-17.85,,0.067892,0.027828,0.0,224.9,16.0,69.5,1718.0,1016.0,3306.0,1697.0,467.0,0.013374,0.025127,0.4576,0.119889,0.105162,2.1613,1.8924,421.5,1293.1,2072.7,0.3833,-207.24295043945312,81.06315612792969,75.68314361572266,49.91252899169922,7.399662971496582,32.602752685546875,10.244041442871094,28.360233306884766,-12.740381240844727,19.90666389465332,-5.177178382873535,18.26129150390625,-21.379562377929688,13.841222763061523,-28.18769073486328,12.658904075622559,-22.460519790649414,10.189359664916992,-1.3401328325271606,9.717440605163574,-21.463571548461914,8.763847351074219,5.170639514923096,8.42021656036377,-10.426875114440918,7.3044586181640625
gsv_durnorm,1,r4_durnorm_gsv,r4,,,durnorm,gsv,5.015,8.408,4.696,8.648,runs/r4_durnorm_gsv/02_tts/1.wav,5.74,0.007602,0.0656,-42.3,,0.004635,0.00158,0.061111,231.9,15.9,93.4,1811.0,1131.0,3383.0,1568.0,598.0,0.06254,0.204981,0.0288,0.132522,0.131025,2.45,2.6223,444.0,958.3,1737.0,0.4459,-508.48968505859375,107.48603057861328,69.19417572021484,56.06203842163086,-3.295138120651245,47.6723747253418,27.830461502075195,35.6080436706543,-14.57569694519043,28.692821502685547,-4.64591121673584,18.45380973815918,-18.726383209228516,16.690675735473633,-13.225303649902344,12.436616897583008,-18.12914276123047,11.077570915222168,5.221127510070801,9.570093154907227,-15.20100212097168,9.790650367736816,5.042154312133789,7.156805038452148,-4.524611949920654,6.807750225067139
gsv_durnorm,10,r4_durnorm_gsv,r4,,,durnorm,gsv,6.579,6.685,5.408,8.018,runs/r4_durnorm_gsv/02_tts/10.wav,5.54,0.006133,0.0463,-43.84,,0.003405,0.001109,0.086207,208.0,55.8,228.0,1634.0,1039.0,3137.0,1493.0,679.0,0.061837,0.208561,0.0225,0.132218,0.104246,2.0726,2.0473,415.3,893.7,1652.7,0.3351,-539.9180908203125,133.81764221191406,80.88441467285156,58.044918060302734,-11.092652320861816,53.864524841308594,22.837011337280273,31.009178161621094,-12.52792739868164,22.14243507385254,-9.490797996520996,16.767688751220703,-13.288790702819824,14.878952980041504,-5.67612886428833,11.56280517578125,-22.463708877563477,15.753778457641602,10.845599174499512,8.783855438232422,-10.846500396728516,10.665610313415527,6.604711055755615,6.176896095275879,-3.1694180965423584,7.185232639312744
gsv_durnorm,11,r4_durnorm_gsv,r4,,,durnorm,gsv,5.318,7.799,6.067,7.859,runs/r4_durnorm_gsv/02_tts/11.wav,9.74,0.009967,0.1001,-39.41,8.39,0.007199,0.001969,0.036066,209.5,68.5,246.2,1319.0,790.0,2621.0,1464.0,531.0,0.041624,0.17797,0.0257,0.080735,0.074262,1.9352,2.3567,487.1,571.6,1121.4,0.2378,-547.7659912109375,120.58758544921875,72.23346710205078,50.19631576538086,2.942458391189575,41.39382553100586,21.097394943237305,29.216548919677734,-11.449471473693848,28.45596694946289,2.219646453857422,18.187057495117188,-7.40243673324585,17.598630905151367,-9.896442413330078,17.137351989746094,-12.197835922241211,15.591312408447266,4.705872058868408,9.127492904663086,-6.252172946929932,12.257885932922363,7.472259044647217,7.186257839202881,-3.032529830932617,8.31666088104248
gsv_durnorm,12,r4_durnorm_gsv,r4,,,durnorm,gsv,7.288,6.67,7.344,6.915,runs/r4_durnorm_gsv/02_tts/12.wav,10.02,0.007863,0.0588,-41.61,2.34,0.005063,0.001734,0.050955,208.7,65.0,254.9,1520.0,987.0,2965.0,1489.0,565.0,0.042784,0.175663,0.0262,0.104705,0.100776,2.1517,2.7229,461.4,1156.5,1987.0,0.3243,-532.5376586914062,119.94485473632812,73.50408935546875,51.464744567871094,-2.754960060119629,48.84025192260742,27.66163444519043,31.756614685058594,-14.478941917419434,27.532756805419922,-2.6684529781341553,14.448837280273438,-9.562641143798828,15.013033866882324,-9.04107666015625,13.26363754272461,-15.729936599731445,14.673819541931152,5.036947727203369,8.249251365661621,-5.440234184265137,10.070572853088379,6.689096450805664,7.8831400871276855,-0.6745304465293884,7.994606971740723
gsv_durnorm,13,r4_durnorm_gsv,r4,,,durnorm,gsv,5.441,7.821,4.469,8.605,runs/r4_durnorm_gsv/02_tts/13.wav,6.46,0.008648,0.0543,-41.12,1.69,0.005096,0.001883,0.079208,227.5,19.3,115.3,1469.0,990.0,2855.0,1484.0,638.0,0.084726,0.250569,0.0278,0.100927,0.084298,2.4236,3.2443,389.2,979.1,1197.0,0.3312,-532.482421875,132.22048950195312,78.99057006835938,55.776100158691406,2.0109262466430664,39.823692321777344,18.881317138671875,29.983304977416992,-14.698991775512695,24.907800674438477,3.730266571044922,16.48582649230957,-17.208621978759766,16.080657958984375,-16.601274490356445,13.18569564819336,-16.751323699951172,12.947357177734375,4.714766979217529,10.177021980285645,-21.697927474975586,14.639017105102539,10.465531349182129,6.927363395690918,-5.815760612487793,7.2829084396362305
gsv_durnorm,2,r4_durnorm_gsv,r4,,,durnorm,gsv,6.001,8.961,5.481,8.588,runs/r4_durnorm_gsv/02_tts/2.wav,5.06,0.007963,0.0555,-41.97,,0.00479,0.001764,0.069182,237.1,15.8,84.3,1414.0,969.0,2723.0,1408.0,611.0,0.076419,0.242644,0.0236,0.101876,0.082765,2.266,2.2211,443.6,1255.3,1802.2,0.2762,-532.5819702148438,110.82691955566406,82.88800811767578,53.315284729003906,-5.281388282775879,40.03927993774414,22.57425880432129,29.445363998413086,-12.231425285339355,21.260269165039062,-5.005166053771973,16.36463165283203,-18.219242095947266,14.67824649810791,-15.65738296508789,12.043378829956055,-21.745616912841797,13.68943977355957,3.6055517196655273,9.160444259643555,-15.638134002685547,11.151008605957031,3.307321548461914,7.032973289489746,-3.2722198963165283,6.299739837646484
gsv_durnorm,3,r4_durnorm_gsv,r4,,,durnorm,gsv,6.286,7.959,6.507,7.615,runs/r4_durnorm_gsv/02_tts/3.wav,5.1,0.008189,0.0581,-41.7,,0.004971,0.00179,0.10625,224.6,19.4,113.5,1622.0,1156.0,3077.0,1532.0,701.0,0.096524,0.266894,0.0255,0.125681,0.111419,2.372,2.2287,423.4,577.7,1682.9,0.3983,-529.012451171875,118.5382080078125,73.24052429199219,54.091426849365234,2.430972099304199,42.08086013793945,16.98269271850586,27.280323028564453,-9.254499435424805,23.638715744018555,-1.8902981281280518,15.612713813781738,-19.50825309753418,17.160980224609375,-14.697084426879883,12.351777076721191,-18.26587677001953,14.09811782836914,5.22335958480835,8.432585716247559,-21.391464233398438,13.662741661071777,7.685624599456787,6.943664073944092,-7.090834617614746,8.822973251342773
gsv_durnorm,4,r4_durnorm_gsv,r4,,,durnorm,gsv,5.588,8.291,5.281,9.312,runs/r4_durnorm_gsv/02_tts/4.wav,7.5,0.009984,0.0704,-39.37,1.06,0.0064,0.001965,0.055319,195.7,68.9,246.2,1417.0,1012.0,2779.0,1478.0,612.0,0.069228,0.228193,0.0294,0.092792,0.092746,2.1284,2.8241,436.1,713.0,1468.6,0.3367,-534.6776733398438,126.57679748535156,75.02705383300781,54.648681640625,8.772706985473633,41.593544006347656,23.55980682373047,25.11883544921875,-7.289382457733154,26.971269607543945,-3.636654853820801,16.62148666381836,-12.088730812072754,14.54944896697998,-11.99250316619873,13.508560180664062,-11.629912376403809,14.61711311340332,4.970015525817871,7.802785396575928,-18.385150909423828,15.653980255126953,4.786393642425537,6.013552665710449,0.57246994972229,9.464585304260254
gsv_durnorm,5,r4_durnorm_gsv,r4,,,durnorm,gsv,5.638,8.562,5.383,8.122,runs/r4_durnorm_gsv/02_tts/5.wav,5.98,0.008113,0.0661,-41.8,,0.005063,0.001885,0.080214,225.7,16.1,83.5,1279.0,932.0,2583.0,1397.0,694.0,0.092472,0.269789,0.025,0.084146,0.075498,2.3044,2.4749,412.8,849.6,1266.9,0.2668,-557.5890502929688,128.38975524902344,83.67914581298828,61.94736862182617,24.090585708618164,44.2779426574707,38.12440872192383,41.52582931518555,-14.693236351013184,27.129030227661133,-8.281532287597656,17.500473022460938,-9.210000038146973,14.237839698791504,-11.836379051208496,12.436261177062988,-15.799152374267578,13.469686508178711,4.532125949859619,9.76194953918457,-17.549131393432617,14.162971496582031,0.2821359932422638,6.2216877937316895,-3.102698564529419,7.377472877502441
gsv_durnorm,6,r4_durnorm_gsv,r4,,,durnorm,gsv,4.744,9.637,5.303,8.555,runs/r4_durnorm_gsv/02_tts/6.wav,5.82,0.007713,0.0898,-42.79,,0.005294,0.001979,0.049451,210.9,50.3,228.0,1223.0,764.0,2385.0,1369.0,547.0,0.059488,0.215935,0.0232,0.077508,0.061629,2.3143,3.4887,420.0,866.9,1392.1,0.2197,-537.2461547851562,115.39185333251953,93.80658721923828,50.196197509765625,11.030326843261719,47.66178894042969,26.74658203125,33.65059280395508,-7.646183013916016,22.65633201599121,-5.178403377532959,17.11807632446289,-10.137641906738281,14.555776596069336,-13.830757141113281,12.492086410522461,-18.366352081298828,12.985618591308594,6.74068021774292,10.962641716003418,-13.619156837463379,13.422075271606445,5.443132400512695,7.559427738189697,-2.827165126800537,8.125228881835938
gsv_durnorm,7,r4_durnorm_gsv,r4,,,durnorm,gsv,7.404,7.174,6.471,7.271,runs/r4_durnorm_gsv/02_tts/7.wav,5.06,0.00654,0.0521,-43.91,,0.00368,0.001452,0.056604,230.6,17.1,73.7,1466.0,841.0,2817.0,1445.0,582.0,0.061391,0.217113,0.0249,0.100994,0.070484,2.4776,2.663,409.6,785.5,1456.2,0.3004,-518.3901977539062,117.69974517822266,88.29708099365234,52.43661880493164,-3.5646135807037354,42.878997802734375,25.901165008544922,42.2319221496582,-18.095827102661133,25.363012313842773,2.2150399684906006,18.502281188964844,-15.445856094360352,16.847917556762695,-10.533047676086426,10.343255996704102,-15.771607398986816,11.894972801208496,9.304412841796875,10.587849617004395,-9.975203514099121,10.687390327453613,6.069169044494629,6.794707775115967,-3.2466397285461426,7.302890777587891
gsv_durnorm,8,r4_durnorm_gsv,r4,,,durnorm,gsv,5.741,7.982,5.801,8.442,runs/r4_durnorm_gsv/02_tts/8.wav,4.9,0.007973,0.05,-42.13,,0.004406,0.001813,0.058442,236.0,19.6,82.1,1441.0,887.0,2773.0,1466.0,627.0,0.061832,0.220587,0.0259,0.099356,0.067014,2.411,2.5492,431.5,1180.6,1900.6,0.2596,-521.548828125,99.88082122802734,86.83750915527344,50.535011291503906,6.9976091384887695,40.358970642089844,21.656919479370117,37.796199798583984,-15.970444679260254,20.51274299621582,1.7633588314056396,16.458776473999023,-13.78576946258545,13.883292198181152,-9.675363540649414,11.336113929748535,-19.78624153137207,12.191413879394531,8.500389099121094,9.24173641204834,-11.207820892333984,8.554759979248047,8.781927108764648,6.846865653991699,-0.07435379922389984,6.264698505401611
gsv_durnorm,9,r4_durnorm_gsv,r4,,,durnorm,gsv,4.111,8.642,6.32,6.843,runs/r4_durnorm_gsv/02_tts/9.wav,5.38,0.00787,0.0587,-42.25,,0.004888,0.001735,0.071006,235.0,19.0,71.6,1439.0,973.0,2668.0,1410.0,563.0,0.073788,0.23498,0.0238,0.096269,0.093477,2.2687,2.6751,433.4,751.3,1408.7,0.3077,-528.2676391601562,107.26506042480469,79.73577117919922,51.70089340209961,-0.022288305684924126,41.35089874267578,23.666654586791992,35.226539611816406,-15.670438766479492,23.327280044555664,0.5346434116363525,18.51593589782715,-16.693803787231445,13.511808395385742,-14.52157974243164,10.920814514160156,-14.716120719909668,11.005988121032715,7.367746353149414,9.153124809265137,-12.396773338317871,11.721251487731934,7.1623406410217285,5.562706470489502,-3.555715322494507,6.633301734924316
indextts2_durnorm,1,r4_durnorm_indextts2,r4,,,durnorm,indextts2,4.568,8.623,4.73,8.535,runs/r4_durnorm_indextts2/02_tts/1.wav,5.7818,0.013206,0.0862,-37.64,,0.005947,0.002109,0.0,214.9,67.9,282.5,1659.0,1132.0,3289.0,1748.0,485.0,0.010535,0.020409,0.0554,0.101554,0.107615,2.1968,1.932,431.8,1116.1,1830.0,0.513,-430.18585205078125,109.94357299804688,81.37869262695312,51.34178161621094,18.807931900024414,36.52180099487305,26.90639305114746,26.127107620239258,2.042030096054077,26.499608993530273,4.850001335144043,19.75314712524414,-5.1123270988464355,15.81895637512207,-4.042977809906006,14.641242027282715,-12.129216194152832,15.10501480102539,7.342948913574219,11.144535064697266,-12.408897399902344,12.299749374389648,6.423101902008057,8.066598892211914,-0.5783541202545166,8.219014167785645
indextts2_durnorm,10,r4_durnorm_indextts2,r4,,,durnorm,indextts2,5.522,7.948,5.324,8.133,runs/r4_durnorm_indextts2/02_tts/10.wav,5.9908,0.015213,0.102,-36.87,,0.006364,0.002377,0.0,216.1,60.6,254.9,1428.0,1065.0,2649.0,1522.0,564.0,0.008015,0.016479,0.057,0.096059,0.085817,2.1085,1.7558,406.2,425.2,1456.2,0.3481,-435.6112365722656,118.50343322753906,92.36433410644531,52.070701599121094,9.505355834960938,45.923213958740234,25.04047966003418,26.956809997558594,1.489089012145996,24.087392807006836,1.0907663106918335,19.567344665527344,-1.9878745079040527,15.735788345336914,-1.22481369972229,13.412690162658691,-16.403209686279297,15.6483154296875,9.140877723693848,11.271341323852539,-7.581292152404785,11.748085021972656,5.164572715759277,9.206469535827637,1.8302909135818481,10.858604431152344
indextts2_durnorm,11,r4_durnorm_indextts2,r4,,,durnorm,indextts2,5.819,8.223,5.989,7.795,runs/r4_durnorm_indextts2/02_tts/11.wav,7.0473,0.018263,0.1353,-34.57,1.22,0.00962,0.003251,0.0,228.6,55.8,231.2,1354.0,837.0,2652.0,1573.0,519.0,0.00746,0.017593,0.0626,0.083887,0.066598,2.2591,2.5312,318.8,548.6,1278.0,0.2831,-430.3353576660156,111.83167266845703,97.39513397216797,45.887245178222656,13.893486022949219,35.73871994018555,15.661201477050781,28.27704620361328,-1.5347574949264526,24.677181243896484,10.150699615478516,21.033594131469727,-6.248693466186523,17.01363754272461,-8.451029777526855,16.041114807128906,-14.738097190856934,13.6524658203125,7.025190830230713,14.156874656677246,-5.5180511474609375,13.216014862060547,7.2558112144470215,7.657960414886475,-3.113239288330078,8.532896041870117
indextts2_durnorm,12,r4_durnorm_indextts2,r4,,,durnorm,indextts2,5.799,8.517,7.167,7.07,runs/r4_durnorm_indextts2/02_tts/12.wav,7.5465,0.015943,0.0838,-37.33,1.58,0.005278,0.001978,0.0,248.2,23.3,139.3,1211.0,879.0,2425.0,1479.0,530.0,0.004731,0.01337,0.0506,0.061997,0.057763,2.1705,2.1259,459.5,1187.1,2045.0,0.2661,-446.0589294433594,96.41062927246094,95.89893341064453,49.49843215942383,15.795353889465332,38.454769134521484,31.765371322631836,24.1146240234375,-4.4834513664245605,26.626651763916016,4.003409385681152,16.320554733276367,-3.568166494369507,13.153475761413574,-6.879775047302246,14.996153831481934,-16.863670349121094,12.739980697631836,4.487896919250488,10.753417015075684,-8.04665756225586,11.554201126098633,8.627799987792969,9.259564399719238,1.0308303833007812,9.079253196716309
indextts2_durnorm,13,r4_durnorm_indextts2,r4,,,durnorm,indextts2,6.841,7.345,4.465,8.596,runs/r4_durnorm_indextts2/02_tts/13.wav,7.3608,0.011831,0.0731,-38.8,0.23,0.005684,0.002014,0.0,223.0,47.5,232.8,1432.0,1004.0,2826.0,1659.0,484.0,0.007791,0.016539,0.0408,0.085037,0.082439,2.1503,2.0535,349.0,970.1,1318.6,0.3722,-466.039306640625,113.38810729980469,88.51647186279297,42.2606201171875,21.880626678466797,38.277523040771484,29.898569107055664,26.50214958190918,1.571351170539856,23.901592254638672,6.041595935821533,14.867773056030273,-5.334722995758057,15.811360359191895,-4.034202575683594,14.424254417419434,-14.669004440307617,14.666556358337402,8.840292930603027,10.830289840698242,-11.060529708862305,12.797355651855469,10.470603942871094,7.654155731201172,-0.9086790084838867,7.7450737953186035
indextts2_durnorm,2,r4_durnorm_indextts2,r4,,,durnorm,indextts2,5.893,7.952,5.42,8.72,runs/r4_durnorm_indextts2/02_tts/2.wav,5.1433,0.01504,0.0717,-36.42,,0.007148,0.002368,0.0,209.4,73.0,242.8,1414.0,835.0,2858.0,1651.0,489.0,0.007013,0.014113,0.053,0.082701,0.06066,2.1558,1.9136,398.7,1169.2,2005.2,0.3162,-438.4342041015625,119.32100677490234,93.83260345458984,42.604393005371094,14.487065315246582,36.18318176269531,25.20217514038086,27.445188522338867,3.2737624645233154,23.991147994995117,3.8187081813812256,20.08537483215332,-6.4763593673706055,16.79608726501465,-8.059025764465332,16.031959533691406,-16.103832244873047,14.767023086547852,7.1565985679626465,10.455044746398926,-9.146710395812988,13.082352638244629,6.423161029815674,7.505765438079834,-1.4654569625854492,6.259798049926758
indextts2_durnorm,3,r4_durnorm_indextts2,r4,,,durnorm,indextts2,6.178,7.56,6.469,7.565,runs/r4_durnorm_indextts2/02_tts/3.wav,5.4683,0.00897,0.0593,-40.56,,0.004589,0.001396,0.0,216.0,64.1,273.0,1781.0,1195.0,3507.0,1833.0,500.0,0.015304,0.028575,0.0405,0.125728,0.113411,2.2141,1.914,420.3,1221.8,1937.3,0.6081,-460.7118835449219,117.3149642944336,84.92451477050781,51.69293212890625,22.878755569458008,36.89164352416992,24.788406372070312,24.759628295898438,9.755663871765137,24.83704948425293,5.2415452003479,17.137075424194336,-8.052858352661133,17.775978088378906,-3.1984405517578125,14.065971374511719,-11.656539916992188,15.417037010192871,8.052332878112793,11.17776107788086,-13.940791130065918,14.339993476867676,9.808157920837402,8.32711410522461,-2.882582902908325,8.906167984008789
indextts2_durnorm,4,r4_durnorm_indextts2,r4,,,durnorm,indextts2,5.685,8.988,5.395,9.241,runs/r4_durnorm_indextts2/02_tts/4.wav,6.223,0.015039,0.0695,-38.21,1.87,0.004872,0.001935,0.0,236.0,16.9,87.3,1334.0,1066.0,2676.0,1603.0,654.0,0.005075,0.01123,0.0494,0.063522,0.051157,2.3535,2.4772,434.4,1218.2,2035.8,0.3409,-456.312744140625,99.2627182006836,95.18195343017578,51.8762092590332,25.491249084472656,34.48263931274414,24.041080474853516,22.751846313476562,5.441136837005615,25.56964111328125,3.7776849269866943,16.52831268310547,-5.771422863006592,15.776300430297852,-6.0922346115112305,14.52701473236084,-10.497779846191406,14.510821342468262,6.422345161437988,11.612736701965332,-12.584592819213867,11.73397159576416,5.444188117980957,7.9452924728393555,-0.07555533945560455,8.063677787780762
indextts2_durnorm,5,r4_durnorm_indextts2,r4,,,durnorm,indextts2,6.072,7.488,5.098,8.309,runs/r4_durnorm_indextts2/02_tts/5.wav,6.4088,0.010363,0.0747,-40.58,2.4,0.004994,0.001953,0.0,246.0,45.4,302.3,1317.0,979.0,2607.0,1616.0,537.0,0.007731,0.016628,0.0345,0.072951,0.077364,2.0189,1.9984,439.3,1311.6,2201.0,0.3337,-489.0514221191406,106.998291015625,95.77926635742188,49.742801666259766,35.59002685546875,34.13705062866211,32.721649169921875,28.83506202697754,1.6102333068847656,23.093584060668945,4.865030765533447,16.46306800842285,-1.5508754253387451,14.34840202331543,-4.695671558380127,13.989985466003418,-9.311984062194824,13.36502456665039,4.673644065856934,12.191720008850098,-10.073638916015625,13.035335540771484,2.190927743911743,8.214818954467773,-2.5435028076171875,7.804515838623047
indextts2_durnorm,6,r4_durnorm_indextts2,r4,,,durnorm,indextts2,6.321,7.923,5.246,8.625,runs/r4_durnorm_indextts2/02_tts/6.wav,6.0837,0.011558,0.0786,-38.86,3.07,0.006227,0.002224,0.0,219.1,66.0,334.1,1286.0,862.0,2465.0,1534.0,509.0,0.009392,0.020976,0.04,0.077166,0.063598,2.2262,2.7891,399.9,1163.1,2003.9,0.2748,-467.6146240234375,114.92268371582031,105.09093475341797,49.6608772277832,23.045490264892578,35.233192443847656,24.933103561401367,27.847097396850586,4.555237293243408,24.130924224853516,4.232834339141846,18.554412841796875,-5.436919212341309,16.558494567871094,-4.988880157470703,14.333732604980469,-15.256682395935059,15.615217208862305,8.864505767822266,11.512619018554688,-8.619564056396484,13.323241233825684,6.611715316772461,7.978059768676758,-1.7594845294952393,9.347644805908203
indextts2_durnorm,7,r4_durnorm_indextts2,r4,,,durnorm,indextts2,6.173,7.844,6.397,7.363,runs/r4_durnorm_indextts2/02_tts/7.wav,5.7818,0.016524,0.0954,-37.18,,0.00651,0.002629,0.0,242.5,25.9,152.0,1251.0,853.0,2486.0,1547.0,534.0,0.00453,0.009338,0.058,0.066064,0.051704,2.3046,2.368,558.9,1279.9,2006.4,0.2944,-433.5007629394531,112.1206283569336,97.06424713134766,42.88475036621094,16.972076416015625,33.679622650146484,22.358875274658203,32.356590270996094,0.36982229351997375,25.097570419311523,10.49283218383789,18.764951705932617,-6.720100402832031,19.250295639038086,-6.723222732543945,13.997344970703125,-11.05023193359375,12.772682189941406,8.18826961517334,14.402528762817383,-6.569756984710693,10.351089477539062,5.7261738777160645,11.348115921020508,-0.7649896740913391,8.992794036865234
indextts2_durnorm,8,r4_durnorm_indextts2,r4,,,durnorm,indextts2,5.56,8.331,6.041,8.313,runs/r4_durnorm_indextts2/02_tts/8.wav,5.6889,0.019724,0.1201,-35.49,,0.007979,0.003121,0.0,245.9,25.0,170.9,1245.0,848.0,2465.0,1592.0,562.0,0.003955,0.009618,0.0646,0.060053,0.043844,2.2181,1.9501,487.5,1205.3,1957.4,0.2431,-430.6964416503906,101.29505920410156,99.0789566040039,47.23601531982422,21.42959213256836,36.50559997558594,18.100439071655273,31.63935661315918,-1.5022943019866943,26.154497146606445,8.458972930908203,18.682418823242188,-4.603672027587891,14.368692398071289,-4.577867031097412,15.167341232299805,-18.678953170776367,15.005655288696289,8.354893684387207,12.181421279907227,-9.668893814086914,14.6403226852417,7.65773868560791,9.725561141967773,-1.5458449125289917,8.677823066711426
indextts2_durnorm,9,r4_durnorm_indextts2,r4,,,durnorm,indextts2,5.637,7.554,6.304,6.845,runs/r4_durnorm_indextts2/02_tts/9.wav,5.329,0.014662,0.094,-37.49,,0.007125,0.002286,0.0,202.0,79.9,254.9,1285.0,831.0,2655.0,1608.0,466.0,0.005213,0.012532,0.0463,0.067971,0.062537,2.1159,2.1513,466.9,1290.5,2131.6,0.2736,-456.30865478515625,107.22087097167969,94.02315521240234,44.043575286865234,15.473634719848633,32.019168853759766,23.308359146118164,29.7398624420166,5.07328987121582,24.368206024169922,11.547087669372559,17.327619552612305,-4.963930606842041,15.427862167358398,-7.459250450134277,14.90302848815918,-12.680354118347168,16.553466796875,10.367586135864258,11.527502059936523,-9.92198371887207,13.135571479797363,8.050055503845215,7.808450222015381,-0.16950559616088867,7.806677341461182
emo_afraid_loudnorm,1,r4_loudnorm_emo_afraid,r4,afraid,,loudnorm,,3.845,7.912,4.617,8.664,runs/r4_loudnorm_emo_afraid/02_tts/1.wav,6.9428,0.054307,0.5952,-23.0,9.91,0.038672,0.010477,0.0,328.8,149.0,490.1,1735.0,1209.0,3357.0,1822.0,421.0,0.010419,0.022761,0.2037,0.104791,0.122097,1.9094,2.5266,445.5,1203.1,2065.0,0.7899,-372.9353332519531,157.15188598632812,34.62310028076172,36.33402633666992,9.662510871887207,40.419559478759766,21.197649002075195,28.55864715576172,7.307636737823486,25.812917709350586,1.4572787284851074,22.537063598632812,-1.6310787200927734,18.587261199951172,-4.220103740692139,18.889341354370117,-6.223932266235352,20.37386703491211,2.661846160888672,11.872693061828613,-1.3487961292266846,12.038853645324707,11.732808113098145,13.249685287475586,10.628817558288574,17.85066795349121
emo_afraid_loudnorm,10,r4_loudnorm_emo_afraid,r4,afraid,,loudnorm,,4.255,8.098,5.503,8.073,runs/r4_loudnorm_emo_afraid/02_tts/10.wav,6.4204,0.056456,0.7433,-23.0,11.13,0.042964,0.0135,0.0,379.2,112.9,339.4,1673.0,1307.0,3131.0,1691.0,555.0,0.008909,0.016996,0.1674,0.103542,0.113901,1.8737,2.1907,488.7,1214.0,2233.5,0.6973,-377.904296875,128.04379272460938,36.7999267578125,47.90419006347656,11.274739265441895,40.61493682861328,13.95720386505127,23.789323806762695,-0.5077837109565735,23.237504959106445,-1.4692325592041016,20.277957916259766,-3.6059510707855225,16.554105758666992,-5.589938640594482,17.929019927978516,-10.894775390625,19.506465911865234,4.598875045776367,12.092498779296875,2.514333963394165,15.849637031555176,12.504615783691406,17.389400482177734,14.324759483337402,17.30675506591797
emo_afraid_loudnorm,13,r4_loudnorm_emo_afraid,r4,afraid,,loudnorm,,5.321,7.496,4.383,8.785,runs/r4_loudnorm_emo_afraid/02_tts/13.wav,7.3608,0.060506,0.4584,-23.0,5.2,0.043071,0.013603,0.0,386.3,117.4,549.3,1765.0,1034.0,3575.0,1872.0,405.0,0.010897,0.019604,0.1738,0.098726,0.095298,1.9458,2.3747,424.5,1328.9,1384.3,0.5071,-370.8009948730469,145.06919860839844,34.349727630615234,30.42499542236328,0.4698132276535034,34.3576545715332,18.077117919921875,23.9476375579834,2.9433369636535645,19.182601928710938,-1.1000206470489502,17.494796752929688,-6.906848907470703,19.458545684814453,-12.581169128417969,21.311588287353516,-10.53911304473877,16.423236846923828,-1.4974515438079834,11.398019790649414,-2.657766580581665,11.591135025024414,11.322441101074219,16.682130813598633,9.000056266784668,14.701595306396484
emo_afraid_loudnorm,4,r4_loudnorm_emo_afraid,r4,afraid,,loudnorm,,3.994,10.194,5.483,9.038,runs/r4_loudnorm_emo_afraid/02_tts/4.wav,5.4916,0.073927,0.4244,-23.0,,0.035092,0.015044,0.0,349.1,54.9,207.5,1480.0,1100.0,3030.0,1719.0,623.0,0.005073,0.011797,0.2166,0.078897,0.078939,2.4333,2.5255,305.5,386.9,1619.5,0.3849,-329.3785400390625,105.43276977539062,67.66248321533203,49.87162399291992,22.1008243560791,34.3695068359375,15.210135459899902,21.6376895904541,4.822780132293701,24.172809600830078,-0.4303814172744751,18.624897003173828,-10.081212043762207,15.387089729309082,-10.499846458435059,16.0946102142334,-10.15495777130127,14.053217887878418,1.63337242603302,11.0867919921875,-12.740643501281738,14.602365493774414,0.7463162541389465,9.739214897155762,-1.660605549812317,11.014900207519531
emo_afraid_loudnorm,7,r4_loudnorm_emo_afraid,r4,afraid,,loudnorm,,4.238,8.227,6.265,7.46,runs/r4_loudnorm_emo_afraid/02_tts/7.wav,5.6425,0.064417,0.5933,-23.0,,0.038991,0.014509,0.0,368.2,121.2,522.3,1571.0,1101.0,3101.0,1731.0,541.0,0.007425,0.013867,0.2193,0.07303,0.0645,1.9858,2.4208,406.5,999.9,1968.5,0.6466,-333.70379638671875,144.7030029296875,40.02558517456055,36.77853012084961,8.273566246032715,28.017841339111328,18.569154739379883,28.166505813598633,5.780301094055176,24.39509391784668,6.388770580291748,19.766653060913086,-7.456730365753174,21.407732009887695,-5.283198356628418,17.055009841918945,-7.3178019523620605,17.860904693603516,1.1320252418518066,12.448822975158691,-1.3799856901168823,13.850399017333984,11.25216007232666,13.514527320861816,8.483345031738281,15.452771186828613
emo_angry_loudnorm,1,r4_loudnorm_emo_angry,r4,angry,,loudnorm,,5.841,7.782,4.781,8.401,runs/r4_loudnorm_emo_angry/02_tts/1.wav,5.1897,0.058563,0.5469,-23.0,,0.036642,0.013219,0.0,370.0,137.4,549.3,2243.0,1172.0,4014.0,1832.0,402.0,0.021401,0.031,0.3056,0.162202,0.123715,2.3989,2.5531,446.5,1157.5,1916.9,1.2144,-299.8260498046875,147.23284912109375,21.220815658569336,41.84598159790039,-11.37932300567627,49.24732971191406,4.635388374328613,30.313552856445312,-13.898808479309082,26.829307556152344,-0.8742591738700867,20.01947593688965,-11.466544151306152,18.950693130493164,-6.875704765319824,15.875672340393066,-10.29786205291748,14.726123809814453,4.183276176452637,11.162424087524414,-5.525365829467773,18.36723518371582,11.858773231506348,20.824886322021484,0.15778298676013947,17.310020446777344
emo_angry_loudnorm,10,r4_loudnorm_emo_angry,r4,angry,,loudnorm,,6.563,7.039,5.583,8.025,runs/r4_loudnorm_emo_angry/02_tts/10.wav,4.8646,0.052103,0.5416,-23.0,,0.04006,0.012126,0.0,321.7,141.9,528.9,1716.0,1068.0,3151.0,1648.0,545.0,0.009394,0.01681,0.1897,0.114248,0.095284,2.2145,2.1366,463.1,1121.0,1678.4,0.8447,-375.2708740234375,138.22882080078125,44.5771484375,48.51822280883789,-11.013874053955078,56.5061149597168,3.674910068511963,26.794696807861328,-9.236945152282715,26.47670555114746,-5.917665958404541,19.56746482849121,-5.98988676071167,13.843632698059082,-6.358495712280273,16.01091766357422,-15.160114288330078,18.18771743774414,6.200570106506348,10.47184944152832,-2.3126275539398193,14.6981840133667,14.483015060424805,20.782302856445312,6.134756565093994,17.825618743896484
emo_angry_loudnorm,13,r4_loudnorm_emo_angry,r4,angry,,loudnorm,,7.651,6.925,4.382,8.644,runs/r4_loudnorm_emo_angry/02_tts/13.wav,5.8282,0.059498,0.6964,-23.0,,0.038325,0.015578,0.005464,332.1,123.8,512.4,1821.0,700.0,3588.0,1717.0,446.0,0.009398,0.017026,0.3109,0.120219,0.068015,2.7086,3.7323,540.1,1265.1,1681.1,0.6798,-337.44610595703125,178.4022674560547,45.459842681884766,35.625404357910156,-26.902070999145508,50.42780303955078,10.147848129272461,29.922746658325195,-18.23086166381836,29.252450942993164,-3.5570216178894043,20.815567016601562,-15.149199485778809,21.323373794555664,-5.705452919006348,19.388343811035156,-10.151078224182129,15.974202156066895,5.665194034576416,10.469490051269531,-9.044713973999023,15.439671516418457,5.824917316436768,12.49681282043457,-1.1146435737609863,16.49056053161621
emo_angry_loudnorm,4,r4_loudnorm_emo_angry,r4,angry,,loudnorm,,7.6,7.52,5.447,9.109,runs/r4_loudnorm_emo_angry/02_tts/4.wav,5.329,0.062758,0.9017,-23.0,,0.043983,0.012067,0.0,290.3,119.4,542.4,1553.0,995.0,3132.0,1723.0,604.0,0.006049,0.011438,0.2511,0.092478,0.079639,2.3801,2.5658,507.9,1156.8,1306.3,0.4974,-343.9463195800781,141.67172241210938,67.04621887207031,46.38440704345703,5.084688663482666,43.50031280517578,3.7518463134765625,24.674097061157227,-3.9197559356689453,23.254417419433594,-4.516541004180908,19.964027404785156,-7.470313549041748,17.145158767700195,-6.726061820983887,18.391223907470703,-8.76535415649414,15.512989044189453,4.774971008300781,11.28815746307373,-8.195990562438965,15.239956855773926,7.903945446014404,18.076993942260742,-0.022989239543676376,13.104511260986328
emo_angry_loudnorm,7,r4_loudnorm_emo_angry,r4,angry,,loudnorm,,7.557,7.197,6.613,7.133,runs/r4_loudnorm_emo_angry/02_tts/7.wav,5.6076,0.065576,0.6389,-23.0,,0.038513,0.01532,0.0,318.5,61.4,266.4,1399.0,866.0,2855.0,1573.0,589.0,0.004821,0.011037,0.2262,0.079942,0.055421,2.378,2.4525,353.6,997.2,1551.1,0.4195,-329.5133972167969,124.64944458007812,65.14303588867188,43.62992858886719,3.4035041332244873,38.09592819213867,8.278448104858398,35.93444061279297,-4.473567485809326,25.636781692504883,6.9539265632629395,19.445833206176758,-7.860830307006836,18.197832107543945,-7.286044597625732,14.602580070495605,-7.454662799835205,14.277544975280762,6.158708095550537,12.995176315307617,-8.510369300842285,12.051939964294434,5.759995937347412,11.29045581817627,-0.5612207055091858,14.554659843444824
emo_calm_loudnorm,1,r4_loudnorm_emo_calm,r4,calm,,loudnorm,,5.557,7.937,4.507,8.775,runs/r4_loudnorm_emo_calm/02_tts/1.wav,5.7818,0.066834,0.3761,-23.0,,0.034702,0.010891,0.0,229.5,88.9,350.0,1666.0,1031.0,3208.0,1697.0,489.0,0.007347,0.01354,0.2652,0.095959,0.09425,2.2187,1.8617,367.0,864.7,1709.0,0.5477,-290.3548889160156,123.19583892822266,70.65211486816406,48.92567443847656,11.862031936645508,43.14228439331055,30.188919067382812,29.755128860473633,-5.902527809143066,30.621570587158203,5.241434097290039,23.62120819091797,-5.468120574951172,17.55133056640625,-5.950351715087891,15.218291282653809,-10.760540008544922,14.657234191894531,5.6985578536987305,11.128463745117188,-9.83039665222168,11.663863182067871,4.991525173187256,8.909213066101074,-1.9855643510818481,8.111698150634766
emo_calm_loudnorm,10,r4_loudnorm_emo_calm,r4,calm,,loudnorm,,6.899,7.217,5.503,8.12,runs/r4_loudnorm_emo_calm/02_tts/10.wav,5.7005,0.068374,0.449,-23.0,,0.034712,0.011153,0.0,196.9,57.7,253.1,1531.0,1183.0,2783.0,1570.0,560.0,0.011135,0.020837,0.3094,0.104659,0.094174,2.0841,2.1865,410.6,422.7,1269.6,0.483,-284.322509765625,154.31863403320312,78.17446899414062,59.14079284667969,13.725754737854004,44.577693939208984,23.365442276000977,29.02288818359375,-0.47104859352111816,23.88134002685547,3.7205193042755127,18.998414993286133,-1.1561866998672485,15.955942153930664,-3.1358823776245117,14.252477645874023,-14.403936386108398,18.4035701751709,9.174161911010742,10.57162094116211,-7.292168140411377,12.990982055664062,6.405189514160156,9.404744148254395,-0.9458217620849609,11.644637107849121
emo_calm_loudnorm,13,r4_loudnorm_emo_calm,r4,calm,,loudnorm,,7.543,7.552,4.52,8.71,runs/r4_loudnorm_emo_calm/02_tts/13.wav,5.6657,0.065534,0.564,-23.0,,0.036069,0.013785,0.0,249.2,111.0,376.2,1716.0,835.0,3416.0,1754.0,444.0,0.009243,0.015879,0.3177,0.105249,0.074639,2.4429,2.6416,426.2,1101.9,1917.2,0.5666,-284.3175354003906,145.6522979736328,60.906028747558594,41.647117614746094,0.6589903831481934,46.20967483520508,15.11274242401123,31.42143440246582,-12.405492782592773,26.417375564575195,1.740510106086731,18.49685287475586,-15.153180122375488,21.61067008972168,-11.521928787231445,17.86450958251953,-11.294678688049316,15.492965698242188,0.4515478014945984,10.77476978302002,-9.987977981567383,14.610334396362305,6.245500087738037,8.338708877563477,-2.375525951385498,9.46887493133545
emo_calm_loudnorm,4,r4_loudnorm_emo_calm,r4,calm,,loudnorm,,7.102,7.937,5.246,9.276,runs/r4_loudnorm_emo_calm/02_tts/4.wav,5.9443,0.08963,0.4614,-23.0,,0.042137,0.014286,0.0,206.7,61.6,251.4,1433.0,1128.0,2823.0,1698.0,630.0,0.005743,0.011646,0.3227,0.069402,0.06704,2.3208,2.6711,467.0,1357.5,2279.0,0.4129,-287.2405090332031,128.06784057617188,85.96484375,55.132850646972656,30.10453987121582,33.89419937133789,23.35740089416504,23.746444702148438,6.760441780090332,25.871654510498047,3.108051300048828,18.97371482849121,-4.096333026885986,16.001855850219727,-4.947972297668457,14.730507850646973,-8.303699493408203,14.205860137939453,6.111901760101318,10.845954895019531,-9.891539573669434,13.135872840881348,6.19955587387085,8.270278930664062,-0.4258471131324768,8.89597225189209
emo_calm_loudnorm,7,r4_loudnorm_emo_calm,r4,calm,,loudnorm,,7.826,7.334,6.448,7.367,runs/r4_loudnorm_emo_calm/02_tts/7.wav,5.4219,0.074209,0.4497,-23.0,,0.036019,0.014321,0.0,266.2,30.4,159.1,1270.0,758.0,2569.0,1524.0,506.0,0.004559,0.010434,0.2661,0.067104,0.050341,2.3387,2.406,357.2,652.9,1383.6,0.2928,-290.601806640625,117.17921447753906,87.91676330566406,39.522151947021484,8.312891960144043,36.90583801269531,19.860937118530273,33.905670166015625,-4.1739044189453125,26.3452205657959,9.572379112243652,20.33903694152832,-8.913860321044922,19.744098663330078,-10.479753494262695,14.911659240722656,-9.187183380126953,14.418718338012695,5.581387996673584,12.987225532531738,-5.907108306884766,9.999710083007812,4.540463447570801,10.64543628692627,-0.2735808789730072,8.5151948928833
emo_disgusted_loudnorm,1,r4_loudnorm_emo_disgusted,r4,disgusted,,loudnorm,,5.758,7.678,4.725,8.538,runs/r4_loudnorm_emo_disgusted/02_tts/1.wav,5.8631,0.065433,0.8414,-23.0,,0.03997,0.014631,0.0,304.1,137.5,515.7,1905.0,1236.0,3628.0,1830.0,432.0,0.013763,0.02706,0.2557,0.123134,0.135806,2.2605,2.2847,382.8,1013.4,1884.2,0.644,-316.9304504394531,138.4977569580078,45.004180908203125,45.94953918457031,8.382087707519531,39.06084060668945,18.8514461517334,31.8891544342041,-2.64467716217041,29.209928512573242,-2.8059122562408447,22.62270736694336,-6.891668796539307,17.034095764160156,-7.947519779205322,14.490476608276367,-12.769903182983398,17.448274612426758,0.6915255784988403,10.425166130065918,-8.245306015014648,13.843484878540039,3.592705488204956,13.714577674865723,-0.12748917937278748,13.692961692810059
emo_disgusted_loudnorm,10,r4_loudnorm_emo_disgusted,r4,disgusted,,loudnorm,,5.561,7.961,5.493,8.049,runs/r4_loudnorm_emo_disgusted/02_tts/10.wav,5.2013,0.066383,0.6201,-23.0,,0.035582,0.013552,0.0,336.1,81.9,373.2,1620.0,1140.0,2945.0,1641.0,587.0,0.008437,0.019415,0.277,0.107958,0.094795,2.3069,2.1278,383.6,1091.8,1535.2,0.4167,-321.52545166015625,149.12356567382812,65.62271118164062,53.91903305053711,0.06598462164402008,50.45333480834961,8.86662483215332,30.199539184570312,-6.474296569824219,28.152122497558594,-0.509719729423523,21.332603454589844,-5.852578163146973,18.895896911621094,-4.508196830749512,15.942712783813477,-14.45627498626709,19.326248168945312,4.122056484222412,11.077718734741211,-6.9626946449279785,12.879385948181152,6.0112762451171875,11.063641548156738,-1.206650733947754,12.051920890808105
emo_disgusted_loudnorm,13,r4_loudnorm_emo_disgusted,r4,disgusted,,loudnorm,,7.553,7.451,4.19,8.847,runs/r4_loudnorm_emo_disgusted/02_tts/13.wav,6.699,0.067314,0.4518,-23.0,1.48,0.040321,0.014582,0.0,309.4,129.2,502.8,1548.0,1053.0,2976.0,1661.0,519.0,0.006532,0.014993,0.241,0.097142,0.09301,2.2683,2.3177,425.0,1181.4,2029.8,0.3699,-316.564208984375,128.26023864746094,72.08360290527344,45.653377532958984,4.294330596923828,44.672847747802734,10.004934310913086,26.557222366333008,0.3371175229549408,25.357376098632812,2.7970492839813232,19.119333267211914,-5.544353485107422,18.44470977783203,-11.513571739196777,19.409204483032227,-10.513052940368652,15.617947578430176,-1.8537564277648926,10.370466232299805,-8.809778213500977,13.341827392578125,5.3951239585876465,8.223995208740234,-3.388153076171875,13.719413757324219
emo_disgusted_loudnorm,4,r4_loudnorm_emo_disgusted,r4,disgusted,,loudnorm,,5.791,9.023,5.394,9.217,runs/r4_loudnorm_emo_disgusted/02_tts/4.wav,5.0504,0.068629,0.5093,-23.0,,0.034731,0.01579,0.0,374.8,68.3,252.0,1496.0,1104.0,2876.0,1653.0,605.0,0.00644,0.015828,0.2668,0.095261,0.091891,2.3891,2.3479,400.3,944.6,1548.9,0.3754,-316.7165832519531,133.76327514648438,73.57899475097656,51.98609924316406,9.50847053527832,36.736053466796875,5.1494293212890625,26.73436164855957,-3.5531461238861084,26.610353469848633,-3.6114954948425293,20.0259952545166,-10.219489097595215,17.76927947998047,-8.821310043334961,17.16463279724121,-8.00249195098877,15.81387996673584,-0.4333530366420746,11.319762229919434,-13.278778076171875,14.035819053649902,2.878992795944214,10.042961120605469,-3.2235183715820312,14.430500030517578
emo_disgusted_loudnorm,7,r4_loudnorm_emo_disgusted,r4,disgusted,,loudnorm,,5.549,7.746,6.384,7.406,runs/r4_loudnorm_emo_disgusted/02_tts/7.wav,5.7005,0.067845,0.4458,-23.0,,0.035415,0.015301,0.0,363.1,68.9,282.0,1472.0,1090.0,2786.0,1631.0,577.0,0.006458,0.013986,0.244,0.094566,0.092439,2.2873,2.7639,397.3,1127.5,1342.8,0.4158,-331.29437255859375,134.25466918945312,62.892845153808594,46.3731689453125,11.663412094116211,33.22770690917969,10.99914264678955,31.91128158569336,-4.091219425201416,27.81270980834961,3.5519814491271973,20.173852920532227,-8.984993934631348,20.30263328552246,-12.881511688232422,18.564617156982422,-11.29218578338623,17.37779426574707,-0.7305591702461243,13.176268577575684,-5.608005523681641,13.392059326171875,3.3643949031829834,11.37436580657959,0.9476473331451416,12.234724044799805
emo_happy_loudnorm,1,r4_loudnorm_emo_happy,r4,happy,,loudnorm,,4.476,8.888,4.849,8.427,runs/r4_loudnorm_emo_happy/02_tts/1.wav,4.8066,0.059748,0.7284,-23.0,,0.038297,0.013008,0.0,409.9,77.5,319.5,2107.0,1147.0,3897.0,1846.0,389.0,0.016082,0.024913,0.2778,0.14726,0.120936,2.3393,2.4811,436.1,1088.3,1781.6,0.9068,-319.8892517089844,151.9580078125,30.141672134399414,39.43489074707031,-6.76018762588501,45.303131103515625,12.257001876831055,32.95319747924805,-7.414877414703369,26.714611053466797,-5.864070892333984,22.855287551879883,-6.836752414703369,16.30866050720215,-9.27035140991211,18.332416534423828,-10.995830535888672,14.118955612182617,1.015703797340393,13.429404258728027,-7.0106048583984375,14.210418701171875,12.6844482421875,23.060434341430664,4.37469482421875,16.076332092285156
emo_happy_loudnorm,10,r4_loudnorm_emo_happy,r4,happy,,loudnorm,,5.595,7.942,5.592,7.913,runs/r4_loudnorm_emo_happy/02_tts/10.wav,4.9691,0.062949,0.6745,-23.0,,0.041453,0.01648,0.0,401.9,97.4,369.6,2028.0,1181.0,3676.0,1763.0,526.0,0.013967,0.025797,0.252,0.143517,0.100272,2.319,2.193,469.5,1078.0,1782.3,0.7216,-330.5597839355469,130.01736450195312,30.67473030090332,47.10862731933594,-12.350102424621582,47.992733001708984,4.09656286239624,25.6140193939209,-11.474803924560547,26.21868133544922,-9.848529815673828,21.201936721801758,-7.083911418914795,15.319245338439941,-9.475547790527344,16.471492767333984,-15.66934585571289,18.235437393188477,4.81243896484375,14.665802955627441,1.8880399465560913,18.67243003845215,17.222352981567383,21.445880889892578,12.322880744934082,19.09369659423828
emo_happy_loudnorm,13,r4_loudnorm_emo_happy,r4,happy,,loudnorm,,6.551,7.196,4.56,8.584,runs/r4_loudnorm_emo_happy/02_tts/13.wav,5.9908,0.063622,0.5457,-23.0,,0.040595,0.016607,0.0,417.6,132.7,549.3,1875.0,957.0,3516.0,1709.0,471.0,0.009851,0.017296,0.2738,0.135514,0.092781,2.5552,2.677,526.0,1149.4,1744.6,0.5699,-336.6440734863281,144.42019653320312,37.708126068115234,35.879085540771484,-29.38660430908203,53.210933685302734,-1.3205702304840088,30.96927261352539,-15.042950630187988,25.224817276000977,-7.751519203186035,22.501310348510742,-16.9145450592041,21.012311935424805,-16.903932571411133,21.250934600830078,-9.678366661071777,16.067943572998047,1.9046621322631836,15.697850227355957,-3.7516212463378906,20.00543212890625,19.6715087890625,23.93016815185547,11.508747100830078,21.491802215576172
emo_happy_loudnorm,4,r4_loudnorm_emo_happy,r4,happy,,loudnorm,,5.609,8.667,5.377,9.293,runs/r4_loudnorm_emo_happy/02_tts/4.wav,5.2013,0.064028,0.6924,-23.0,,0.037955,0.016175,0.0,434.6,79.5,311.7,1789.0,1268.0,3278.0,1686.0,603.0,0.007972,0.014051,0.2572,0.128241,0.1205,2.3826,2.4095,458.1,1054.1,1703.6,0.5964,-330.0416259765625,133.5600128173828,42.101871490478516,42.609466552734375,-9.814154624938965,43.43973922729492,-0.5253115892410278,23.63322639465332,-6.8844404220581055,26.683696746826172,-8.830082893371582,22.243867874145508,-8.698953628540039,18.58261489868164,-8.223237037658691,20.05202865600586,-6.781040191650391,17.019384384155273,-2.608959436416626,14.32243824005127,-8.442523002624512,16.054214477539062,10.961337089538574,20.30350112915039,12.139779090881348,22.084320068359375
emo_happy_loudnorm,7,r4_loudnorm_emo_happy,r4,happy,,loudnorm,,5.824,8.078,6.713,7.208,runs/r4_loudnorm_emo_happy/02_tts/7.wav,4.7717,0.066082,0.4277,-23.0,,0.035019,0.014505,0.0,401.2,134.6,545.9,1725.0,998.0,3342.0,1757.0,474.0,0.008615,0.014242,0.2649,0.108743,0.088241,2.3345,2.6233,420.9,1006.5,1548.3,0.5553,-318.6900939941406,139.3944549560547,43.83449935913086,35.386451721191406,-5.779231548309326,41.387733459472656,0.16016072034835815,30.740392684936523,-9.219681739807129,25.549768447875977,4.171335220336914,22.660343170166016,-14.855650901794434,21.94330596923828,-10.794812202453613,16.340831756591797,-7.876684665679932,17.637271881103516,2.448956251144409,14.760696411132812,-1.7727687358856201,19.15178680419922,15.475954055786133,22.931697845458984,8.754840850830078,21.250696182250977
emo_melancholic_loudnorm,1,r4_loudnorm_emo_melancholic,r4,melancholic,,loudnorm,,4.75,8.474,4.803,8.543,runs/r4_loudnorm_emo_melancholic/02_tts/1.wav,6.6061,0.063965,0.4543,-23.0,1.73,0.035838,0.009306,0.014493,165.3,88.1,241.1,1699.0,1193.0,3368.0,1812.0,431.0,0.021867,0.090676,0.2682,0.087999,0.096626,1.9628,2.0809,444.6,1479.6,1978.2,0.7538,-292.0792236328125,133.9072723388672,76.0303726196289,51.43595886230469,21.06309700012207,29.257036209106445,28.775068283081055,25.793386459350586,9.336018562316895,26.02206039428711,8.739630699157715,17.192371368408203,-0.9595276713371277,15.795088768005371,-0.9265429973602295,14.960223197937012,-7.206418037414551,15.116098403930664,4.950562477111816,8.770646095275879,-8.538166999816895,11.896020889282227,8.07266616821289,8.734313011169434,-0.8993058800697327,8.390751838684082
emo_melancholic_loudnorm,10,r4_loudnorm_emo_melancholic,r4,melancholic,,loudnorm,,4.749,7.916,5.715,7.854,runs/r4_loudnorm_emo_melancholic/02_tts/10.wav,7.5581,0.064909,0.553,-23.0,5.89,0.034409,0.009471,0.004219,180.6,100.3,528.9,1730.0,1287.0,3286.0,1692.0,497.0,0.015378,0.043422,0.2661,0.108265,0.122196,1.8815,2.1864,351.6,1339.8,2227.9,0.9094,-298.3890686035156,138.1728515625,61.18535614013672,55.88726806640625,13.701911926269531,40.40802001953125,30.113691329956055,27.12913703918457,8.290170669555664,24.49954605102539,10.917542457580566,17.157026290893555,5.270731449127197,17.095773696899414,4.842155933380127,14.751389503479004,-10.60795783996582,16.139232635498047,5.888794422149658,8.269682884216309,-3.184364080429077,12.762980461120605,8.479371070861816,8.868295669555664,1.2630878686904907,9.867669105529785
emo_melancholic_loudnorm,13,r4_loudnorm_emo_melancholic,r4,melancholic,,loudnorm,,5.897,7.539,4.18,8.952,runs/r4_loudnorm_emo_melancholic/02_tts/13.wav,8.2199,0.063765,0.6243,-23.0,2.12,0.035292,0.010539,0.0,179.3,80.5,282.5,1646.0,1180.0,3210.0,1796.0,427.0,0.01229,0.020389,0.2766,0.087957,0.0984,1.9852,2.2626,335.8,1528.6,2083.0,0.7844,-291.5618591308594,139.4194793701172,71.48628997802734,40.483558654785156,19.87736701965332,33.3332405090332,33.53021240234375,23.282045364379883,13.545429229736328,19.23151206970215,16.0606746673584,14.60123348236084,-0.29695627093315125,15.060650825500488,2.402891159057617,14.11453628540039,-8.034320831298828,16.288097381591797,4.647274494171143,9.056974411010742,-5.168903350830078,12.54748821258545,11.744552612304688,6.768526554107666,1.4995523691177368,9.128033638000488
emo_melancholic_loudnorm,4,r4_loudnorm_emo_melancholic,r4,melancholic,,loudnorm,,4.193,9.913,5.414,9.221,runs/r4_loudnorm_emo_melancholic/02_tts/4.wav,6.9079,0.08568,0.4336,-23.0,1.89,0.032468,0.01228,0.0,214.0,45.4,228.0,1399.0,1234.0,2773.0,1669.0,608.0,0.006837,0.015086,0.2876,0.064862,0.07766,2.1342,2.665,436.3,1718.9,2373.0,0.5374,-291.9656066894531,118.34437561035156,81.62398529052734,49.765201568603516,22.660634994506836,29.118284225463867,28.06876564025879,20.47215461730957,16.692975997924805,22.190034866333008,9.605039596557617,15.86530876159668,-1.9371962547302246,14.562613487243652,-0.28156140446662903,15.139392852783203,-5.670565128326416,15.962502479553223,4.219698905944824,10.0593900680542,-11.543035507202148,13.212224006652832,5.810102462768555,8.476692199707031,1.2264655828475952,8.634090423583984
emo_melancholic_loudnorm,7,r4_loudnorm_emo_melancholic,r4,melancholic,,loudnorm,,4.931,8.1,6.501,7.266,runs/r4_loudnorm_emo_melancholic/02_tts/7.wav,7.3608,0.092108,0.565,-23.0,1.42,0.045039,0.016432,0.0,187.4,73.6,236.1,1323.0,1195.0,2492.0,1570.0,497.0,0.007753,0.017341,0.309,0.063789,0.093017,1.8964,2.8617,507.5,1446.5,2193.0,0.674,-300.2566223144531,149.01708984375,72.57362365722656,45.44279861450195,16.608503341674805,29.50261878967285,25.991954803466797,28.7552490234375,19.726871490478516,21.819576263427734,21.67796516418457,18.15549087524414,4.256810188293457,16.122888565063477,1.5998010635375977,14.019248008728027,-0.3320724666118622,14.290752410888672,6.269162178039551,9.655242919921875,-1.7325385808944702,11.952646255493164,9.342331886291504,7.409769058227539,1.509526252746582,8.930644035339355
emo_sad_loudnorm,1,r4_loudnorm_emo_sad,r4,sad,,loudnorm,,3.585,8.688,4.683,8.617,runs/r4_loudnorm_emo_sad/02_tts/1.wav,6.7686,0.051107,0.5142,-23.0,11.17,0.03864,0.010091,0.0,385.0,140.6,539.0,1858.0,1177.0,3589.0,1865.0,395.0,0.014528,0.026143,0.1886,0.105565,0.108943,2.0182,2.6988,466.2,1185.1,1846.6,0.7709,-388.6960754394531,161.91116333007812,31.731155395507812,33.30122375488281,4.389324188232422,39.481483459472656,20.229578018188477,27.813674926757812,5.163051605224609,26.069482803344727,-0.8156571388244629,23.31561279296875,-2.1130008697509766,20.025461196899414,-5.155341148376465,18.21780776977539,-7.794467449188232,18.40264892578125,1.8668429851531982,10.108442306518555,-2.7882049083709717,11.942380905151367,13.267918586730957,12.94639778137207,12.374809265136719,15.382460594177246
emo_sad_loudnorm,10,r4_loudnorm_emo_sad,r4,sad,,loudnorm,,4.67,8.171,5.581,8.037,runs/r4_loudnorm_emo_sad/02_tts/10.wav,6.223,0.058367,0.7884,-23.0,11.59,0.045201,0.014157,0.0,380.8,118.2,365.3,1571.0,1162.0,3007.0,1686.0,539.0,0.007995,0.015159,0.1657,0.091602,0.095794,1.8408,2.1045,488.6,1259.1,2095.7,0.5519,-385.9438171386719,134.91876220703125,38.63109588623047,48.010406494140625,7.27104377746582,40.88827133178711,16.47586441040039,23.872417449951172,-0.7641046047210693,23.570531845092773,-2.153663158416748,20.039560317993164,-4.7406182289123535,17.08405876159668,-7.356828212738037,18.26337432861328,-13.230706214904785,19.283607482910156,4.899834156036377,9.882238388061523,1.488598346710205,15.429765701293945,18.32767105102539,20.620820999145508,16.202922821044922,19.143558502197266
emo_sad_loudnorm,13,r4_loudnorm_emo_sad,r4,sad,,loudnorm,,5.304,7.296,4.348,8.769,runs/r4_loudnorm_emo_sad/02_tts/13.wav,7.4884,0.055816,0.4446,-23.0,10.49,0.041498,0.013451,0.0,383.3,126.6,483.9,1864.0,1216.0,3696.0,1874.0,394.0,0.01085,0.019311,0.1576,0.116597,0.122792,1.9417,2.5021,450.5,1386.0,1392.1,0.5707,-383.5652160644531,133.5004119873047,32.11513900756836,35.89021301269531,3.608910083770752,35.11358642578125,16.012039184570312,24.911584854125977,4.472982406616211,19.41384506225586,2.1753029823303223,18.096710205078125,-4.733076572418213,17.30154800415039,-11.652042388916016,22.690027236938477,-8.056113243103027,17.27486801147461,-1.5297240018844604,13.780512809753418,-3.448153257369995,12.372583389282227,12.498392105102539,12.905147552490234,16.897220611572266,17.94595718383789
emo_sad_loudnorm,4,r4_loudnorm_emo_sad,r4,sad,,loudnorm,,4.075,9.312,5.28,9.18,runs/r4_loudnorm_emo_sad/02_tts/4.wav,6.6642,0.062479,0.7009,-23.0,10.74,0.045631,0.016038,0.0,310.8,144.7,496.4,1420.0,1128.0,2750.0,1714.0,538.0,0.004708,0.010328,0.1643,0.073541,0.086872,1.9011,2.5705,511.7,1172.7,2107.7,0.5061,-381.5210876464844,123.26329040527344,48.33791732788086,43.144004821777344,18.96535301208496,30.178464889526367,18.465106964111328,21.879968643188477,10.064699172973633,22.854084014892578,-1.7329601049423218,20.34174346923828,-6.730461597442627,18.691612243652344,-5.74009370803833,18.162038803100586,-8.337278366088867,16.989242553710938,2.4062185287475586,10.957436561584473,-2.322878837585449,13.88187313079834,11.865456581115723,17.513124465942383,11.283990859985352,18.350101470947266
emo_sad_loudnorm,7,r4_loudnorm_emo_sad,r4,sad,,loudnorm,,3.96,8.418,6.528,7.356,runs/r4_loudnorm_emo_sad/02_tts/7.wav,5.9095,0.065136,0.5563,-23.0,,0.037775,0.015379,0.0,402.2,73.2,320.8,1715.0,1258.0,3364.0,1774.0,525.0,0.009621,0.016926,0.231,0.096352,0.100362,2.0292,2.6159,418.6,1324.1,2092.7,0.7067,-321.913818359375,136.93655395507812,39.33551025390625,41.557735443115234,11.582381248474121,27.356901168823242,15.75846004486084,29.08797264099121,7.322896957397461,24.41106605529785,8.163853645324707,19.697437286376953,-8.549026489257812,21.302881240844727,-6.681846618652344,18.36885643005371,-8.894810676574707,17.246681213378906,0.033798959106206894,13.48781967163086,-1.6251276731491089,13.833415985107422,12.996696472167969,12.476387977600098,9.704421997070312,13.58522891998291
emo_surprised_loudnorm,1,r4_loudnorm_emo_surprised,r4,surprised,,loudnorm,,4.403,9.096,4.778,8.504,runs/r4_loudnorm_emo_surprised/02_tts/1.wav,4.9459,0.061816,0.5713,-23.0,,0.039367,0.013907,0.0,354.4,151.7,545.9,2108.0,1220.0,3793.0,1792.0,424.0,0.015259,0.026669,0.2659,0.150532,0.132576,2.3463,2.4418,455.4,1135.3,1879.7,0.897,-321.736328125,138.78271484375,27.997037887573242,41.38951873779297,-11.634649276733398,48.03128433227539,9.88426685333252,29.82418441772461,-4.0564470291137695,23.67061996459961,-7.394136905670166,22.698497772216797,-8.961512565612793,16.50826072692871,-8.928481101989746,16.999740600585938,-10.247092247009277,18.010473251342773,1.570720911026001,15.71041202545166,-4.432729244232178,18.15178108215332,14.409740447998047,22.773822784423828,3.967932939529419,14.302523612976074
emo_surprised_loudnorm,10,r4_loudnorm_emo_surprised,r4,surprised,,loudnorm,,5.738,7.891,5.648,7.85,runs/r4_loudnorm_emo_surprised/02_tts/10.wav,5.062,0.066956,0.5478,-23.0,,0.032038,0.011939,0.0,335.6,86.4,381.2,1556.0,1151.0,2847.0,1592.0,595.0,0.009366,0.020606,0.2779,0.105208,0.09485,2.3272,2.1838,375.1,1042.4,1645.1,0.4097,-318.25018310546875,145.8137969970703,68.76067352294922,52.6085319519043,3.838158130645752,49.79682922363281,9.272442817687988,29.33832359313965,-7.497527122497559,28.61404800415039,-0.5674831867218018,21.5418643951416,-6.55318021774292,19.343849182128906,-5.738495349884033,15.735255241394043,-15.013447761535645,18.647611618041992,2.625777244567871,11.532946586608887,-8.392291069030762,14.577753067016602,5.424779891967773,11.337770462036133,-0.9414990544319153,13.534741401672363
emo_surprised_loudnorm,13,r4_loudnorm_emo_surprised,r4,surprised,,loudnorm,,7.188,7.339,4.407,8.783,runs/r4_loudnorm_emo_surprised/02_tts/13.wav,5.5032,0.063923,0.4471,-23.0,,0.035371,0.013137,0.0,332.9,136.8,456.9,1736.0,1052.0,3332.0,1733.0,506.0,0.00866,0.017407,0.3129,0.119121,0.097453,2.5605,2.7926,434.5,1134.9,1847.6,0.5118,-316.6514892578125,164.35015869140625,56.90301513671875,47.7610969543457,-6.196656703948975,48.86737823486328,3.1321861743927,29.526851654052734,-13.603562355041504,27.010543823242188,-1.283588171005249,20.662805557250977,-12.836161613464355,20.55924415588379,-14.634867668151855,20.684432983398438,-9.249504089355469,16.439002990722656,-3.19191837310791,12.491715431213379,-11.619817733764648,15.940583229064941,9.210659980773926,12.116989135742188,0.9664848446846008,17.644577026367188
emo_surprised_loudnorm,4,r4_loudnorm_emo_surprised,r4,surprised,,loudnorm,,6.942,8.026,5.283,9.217,runs/r4_loudnorm_emo_surprised/02_tts/4.wav,4.9111,0.069827,0.4437,-23.0,,0.033038,0.013491,0.0,364.2,67.0,226.8,1477.0,1046.0,2937.0,1671.0,621.0,0.005388,0.011719,0.2665,0.083924,0.070598,2.3901,2.5664,363.5,863.0,1711.6,0.3664,-316.4893798828125,137.75059509277344,74.24224090576172,48.8395881652832,10.952132225036621,37.389617919921875,9.024124145507812,25.444496154785156,-1.2558777332305908,25.686132431030273,-2.7213973999023438,19.81032943725586,-10.313230514526367,17.895532608032227,-6.726400852203369,16.857959747314453,-7.5657501220703125,14.907721519470215,0.8371025323867798,10.625734329223633,-13.467551231384277,14.686051368713379,2.0811314582824707,9.90037727355957,-3.5896122455596924,12.577383041381836
emo_surprised_loudnorm,7,r4_loudnorm_emo_surprised,r4,surprised,,loudnorm,,5.965,7.724,6.484,7.304,runs/r4_loudnorm_emo_surprised/02_tts/7.wav,4.6324,0.069588,0.4556,-23.0,,0.03364,0.013686,0.0,368.3,78.4,263.4,1521.0,933.0,2976.0,1687.0,529.0,0.006647,0.013453,0.2823,0.090955,0.067868,2.3113,2.516,376.4,1035.8,1520.4,0.408,-308.5807189941406,139.81944274902344,60.92109298706055,39.014766693115234,3.0208237171173096,38.054832458496094,5.745927333831787,34.01961898803711,-7.748013019561768,25.78447151184082,8.289454460144043,21.852916717529297,-9.952095031738281,20.7999267578125,-9.828893661499023,16.275968551635742,-6.1879191398620605,14.48440170288086,-0.5891003608703613,12.041936874389648,-8.426762580871582,14.472437858581543,6.97234582901001,11.427051544189453,-2.549159049987793,15.90805721282959
fish_loudnorm,1,r4_loudnorm_fish,r4,,,loudnorm,fish,4.562,9.378,4.612,8.583,runs/r4_loudnorm_fish/02_tts/1.wav,5.059,0.071311,0.3624,-23.0,,0.036181,0.014191,0.0,238.6,15.5,70.5,1988.0,1064.0,3839.0,1754.0,454.0,0.025493,0.044569,0.2628,0.14478,0.11545,2.2446,1.9127,402.4,885.0,1593.3,0.4844,-255.88473510742188,85.0374984741211,61.83259582519531,50.347900390625,-3.6658191680908203,39.40005874633789,11.941435813903809,25.95869255065918,-15.358423233032227,23.086030960083008,-8.31152057647705,19.386796951293945,-22.99123191833496,13.744478225708008,-20.553298950195312,13.375783920288086,-21.85324478149414,11.336713790893555,-2.159475564956665,10.15009593963623,-17.572490692138672,9.4385404586792,-0.045337557792663574,9.438334465026855,-11.495613098144531,8.82295036315918
fish_loudnorm,10,r4_loudnorm_fish,r4,,,loudnorm,fish,5.684,8.207,5.47,8.03,runs/r4_loudnorm_fish/02_tts/10.wav,5.1984,0.074958,0.3236,-23.0,,0.036437,0.014212,0.0,230.4,19.8,91.9,1604.0,977.0,3042.0,1570.0,563.0,0.013689,0.03308,0.265,0.111202,0.085492,2.1193,1.8081,427.5,731.2,1468.6,0.3308,-256.8042907714844,87.76039123535156,88.15929412841797,47.876834869384766,-0.8514872193336487,47.98210906982422,15.403712272644043,24.99934196472168,-10.881805419921875,18.327911376953125,-6.8647027015686035,17.760833740234375,-14.11064624786377,13.275498390197754,-10.316768646240234,11.066080093383789,-21.323057174682617,11.768081665039062,5.563759803771973,11.862520217895508,-12.135710716247559,11.375749588012695,1.854038119316101,7.776597499847412,-5.167945384979248,8.837403297424316
fish_loudnorm,11,r4_loudnorm_fish,r4,,,loudnorm,fish,5.225,8.876,5.917,8.005,runs/r4_loudnorm_fish/02_tts/11.wav,6.1271,0.074538,0.3889,-23.0,3.64,0.031545,0.011805,0.0,240.8,22.9,115.3,1340.0,703.0,2576.0,1466.0,482.0,0.00683,0.018576,0.2175,0.07987,0.050994,2.1042,1.9672,432.3,1122.0,1741.4,0.2474,-287.482177734375,74.97795104980469,91.69271087646484,45.791404724121094,0.3415650427341461,35.079132080078125,6.628105640411377,23.03383445739746,-27.151159286499023,19.77328872680664,-4.7342400550842285,17.381053924560547,-25.99408531188965,12.606189727783203,-24.596343994140625,15.447589874267578,-22.975210189819336,10.36076545715332,-2.5606024265289307,10.764815330505371,-16.94921875,9.014670372009277,-1.0483754873275757,9.146783828735352,-11.23595142364502,7.117352485656738
fish_loudnorm,12,r4_loudnorm_fish,r4,,,loudnorm,fish,7.636,7.312,7.04,7.121,runs/r4_loudnorm_fish/02_tts/12.wav,5.9878,0.075073,0.3933,-23.0,,0.040359,0.013405,0.0,227.4,22.9,115.0,1645.0,903.0,3277.0,1634.0,506.0,0.013397,0.027854,0.2611,0.113619,0.093066,2.2564,1.8855,380.4,1042.5,1904.9,0.346,-255.33038330078125,81.35737609863281,82.47185516357422,44.3334846496582,-0.5198429226875305,42.601966857910156,19.089702606201172,22.49958038330078,-10.233451843261719,16.956466674804688,-14.551114082336426,15.782402038574219,-18.18929672241211,12.142680168151855,-18.5941104888916,10.89490032196045,-23.434642791748047,11.131736755371094,0.6326950192451477,8.494280815124512,-16.258092880249023,9.130329132080078,3.465397357940674,7.3427653312683105,-7.97642183303833,8.805013656616211
fish_loudnorm,13,r4_loudnorm_fish,r4,,,loudnorm,fish,5.363,8.643,4.426,8.649,runs/r4_loudnorm_fish/02_tts/13.wav,5.6627,0.074073,0.2675,-23.0,,0.035865,0.01308,0.00565,230.7,18.5,76.0,1675.0,929.0,3383.0,1707.0,517.0,0.017431,0.036697,0.2304,0.115618,0.098682,2.1918,2.231,343.8,982.1,1141.7,0.3537,-268.67926025390625,84.27661895751953,78.69828033447266,47.03628158569336,5.000647068023682,27.30661964416504,11.720527648925781,23.67926025390625,-15.104671478271484,17.055030822753906,-6.023345947265625,16.575056076049805,-21.98845863342285,10.63668155670166,-24.110227584838867,12.28771686553955,-18.027206420898438,11.169987678527832,-2.8281195163726807,12.638534545898438,-17.31586265563965,9.806624412536621,4.689045429229736,7.797676086425781,-11.72921371459961,7.424642086029053
fish_loudnorm,2,r4_loudnorm_fish,r4,,,loudnorm,fish,5.633,8.717,5.258,8.746,runs/r4_loudnorm_fish/02_tts/2.wav,4.5018,0.074717,0.3127,-23.0,,0.035077,0.012472,0.0,242.8,14.9,77.9,1595.0,901.0,3157.0,1652.0,508.0,0.012253,0.030071,0.2347,0.106667,0.080676,2.0842,1.5999,446.9,1331.8,2152.7,0.3128,-271.0796203613281,77.24079895019531,80.65509796142578,41.94145584106445,-1.848698377609253,32.18748474121094,10.216811180114746,23.24520492553711,-11.080196380615234,20.32465171813965,-13.401168823242188,16.9293270111084,-26.54713249206543,13.55086898803711,-24.58708953857422,12.884246826171875,-24.09438705444336,10.4933443069458,0.23913054168224335,11.958592414855957,-18.777631759643555,9.044187545776367,3.0660011768341064,7.635287761688232,-13.094335556030273,7.799663543701172
fish_loudnorm,3,r4_loudnorm_fish,r4,,,loudnorm,fish,6.277,8.469,6.295,7.576,runs/r4_loudnorm_fish/02_tts/3.wav,4.5018,0.076475,0.4662,-23.0,,0.036845,0.01258,0.0,232.3,19.2,97.4,1970.0,1023.0,3927.0,1842.0,470.0,0.02275,0.038725,0.3149,0.143278,0.097913,2.1971,1.7261,394.9,733.8,1670.6,0.5369,-224.12155151367188,73.91011047363281,70.566650390625,48.399051666259766,-0.2842925190925598,31.048810958862305,10.440572738647461,22.348155975341797,-7.854228973388672,20.538496017456055,-7.102638244628906,17.388134002685547,-25.624269485473633,13.832411766052246,-19.234268188476562,11.667638778686523,-18.59345245361328,12.142595291137695,-0.9769776463508606,9.973848342895508,-26.308135986328125,10.331356048583984,3.0941367149353027,7.342796325683594,-12.549812316894531,7.693179130554199
fish_loudnorm,4,r4_loudnorm_fish,r4,,,loudnorm,fish,5.719,8.717,5.51,9.067,runs/r4_loudnorm_fish/02_tts/4.wav,5.7556,0.073693,0.3535,-23.0,,0.037096,0.012084,0.0,229.9,17.8,88.9,1629.0,997.0,3280.0,1655.0,519.0,0.012413,0.026021,0.2433,0.106896,0.097445,2.1413,1.9583,303.5,406.6,1366.8,0.3993,-277.9666748046875,102.32162475585938,81.82144165039062,51.07793045043945,6.3324198722839355,31.041118621826172,19.643144607543945,20.403409957885742,-10.263555526733398,23.280460357666016,-5.71645450592041,16.201169967651367,-18.997217178344727,15.434999465942383,-15.598201751708984,12.88522720336914,-17.228252410888672,11.813703536987305,-2.808037281036377,11.21745777130127,-23.401092529296875,9.666651725769043,2.01712703704834,7.733080863952637,-8.002592086791992,8.726665496826172
fish_loudnorm,5,r4_loudnorm_fish,r4,,,loudnorm,fish,6.23,8.36,5.204,8.291,runs/r4_loudnorm_fish/02_tts/5.wav,4.9661,0.073887,0.3368,-23.0,,0.034758,0.01704,0.0,225.3,23.4,95.7,1555.0,940.0,3075.0,1623.0,521.0,0.015908,0.030984,0.2569,0.103666,0.076333,2.1738,1.9925,443.1,1393.9,2232.7,0.3408,-266.1578674316406,91.77845001220703,87.56471252441406,52.138587951660156,19.964994430541992,34.116050720214844,25.50684928894043,29.04844856262207,-13.291854858398438,19.557815551757812,-10.23188304901123,14.585503578186035,-17.74770164489746,13.385127067565918,-18.359283447265625,11.38059139251709,-18.91811180114746,12.324777603149414,-2.424936294555664,13.201986312866211,-14.844834327697754,9.644720077514648,-5.544007301330566,8.540303230285645,-9.179073333740234,7.825122356414795
fish_loudnorm,6,r4_loudnorm_fish,r4,,,loudnorm,fish,5.535,9.196,5.367,8.49,runs/r4_loudnorm_fish/02_tts/6.wav,5.477,0.074773,0.4337,-23.0,,0.036366,0.015072,0.0,221.8,21.9,102.9,1499.0,782.0,2903.0,1565.0,442.0,0.014057,0.027687,0.2436,0.098321,0.066297,2.3263,2.9624,388.4,997.1,1217.3,0.3004,-274.4869689941406,97.46578979492188,86.88301849365234,42.859275817871094,-4.256668567657471,28.890901565551758,12.564850807189941,29.416810989379883,-13.710619926452637,21.883087158203125,-6.605035305023193,17.212379455566406,-23.9143123626709,13.77955150604248,-22.091257095336914,12.030048370361328,-21.618738174438477,11.595768928527832,-3.422996759414673,11.040496826171875,-19.54991340637207,9.767637252807617,-0.23891693353652954,8.109593391418457,-12.585457801818848,7.881906032562256
fish_loudnorm,7,r4_loudnorm_fish,r4,,,loudnorm,fish,6.069,8.072,6.53,7.325,runs/r4_loudnorm_fish/02_tts/7.wav,5.0126,0.071361,0.3718,-23.0,,0.038493,0.013789,0.0,231.2,18.0,72.2,1587.0,722.0,3108.0,1613.0,450.0,0.013743,0.025716,0.2423,0.10801,0.055139,2.2842,2.5801,453.5,1299.3,1786.6,0.2992,-280.0979309082031,98.48726654052734,80.72077178955078,42.35158157348633,-5.142980098724365,34.565914154052734,7.679407596588135,32.518524169921875,-14.382275581359863,23.614179611206055,-2.2462100982666016,15.789798736572266,-26.662893295288086,17.46468734741211,-20.924837112426758,12.102405548095703,-18.976444244384766,12.881671905517578,0.40434518456459045,15.876575469970703,-16.51304817199707,9.12651252746582,-0.5543516874313354,12.906794548034668,-6.0537919998168945,9.1603422164917
fish_loudnorm,8,r4_loudnorm_fish,r4,,,loudnorm,fish,5.813,8.511,6.078,8.23,runs/r4_loudnorm_fish/02_tts/8.wav,5.1055,0.072553,0.3518,-23.0,,0.034695,0.012176,0.0,226.6,27.0,191.3,1591.0,906.0,3106.0,1608.0,542.0,0.011019,0.023556,0.2411,0.101556,0.071936,2.2252,2.0566,439.4,1254.5,1870.2,0.2851,-289.8300476074219,92.55378723144531,85.40785217285156,49.98262023925781,-1.8046823740005493,35.88738250732422,4.159460544586182,29.11712646484375,-14.490839004516602,26.481334686279297,-4.253811359405518,17.698476791381836,-23.570186614990234,13.163778305053711,-17.50526237487793,12.961445808410645,-22.041635513305664,13.436040878295898,3.296379804611206,12.022419929504395,-18.01296615600586,8.003458976745605,3.951357364654541,9.971569061279297,-9.16845989227295,8.262051582336426
fish_loudnorm,9,r4_loudnorm_fish,r4,,,loudnorm,fish,,,6.344,6.925,runs/r4_loudnorm_fish/02_tts/9.wav,3.898,0.075855,0.4464,-23.0,,0.037523,0.01538,0.0,224.9,16.0,69.5,1719.0,1016.0,3308.0,1698.0,468.0,0.013603,0.025482,0.2529,0.119889,0.105162,2.1614,1.8926,421.5,1293.1,2072.7,0.3833,-265.5137023925781,81.06297302246094,75.68598937988281,49.91498947143555,7.398382663726807,32.60025405883789,10.246395111083984,28.36075210571289,-12.736311912536621,19.90861701965332,-5.174435615539551,18.265396118164062,-21.376176834106445,13.843402862548828,-28.185840606689453,12.659756660461426,-22.457820892333984,10.190295219421387,-1.3441919088363647,9.719246864318848,-21.46263313293457,8.761330604553223,5.174344539642334,8.42125415802002,-10.42471981048584,7.3074049949646
gsv_loudnorm,1,r4_loudnorm_gsv,r4,,,loudnorm,gsv,5.924,8.168,4.639,8.695,runs/r4_loudnorm_gsv/02_tts/1.wav,5.74,0.070162,0.6057,-23.0,,0.042775,0.014585,0.05,231.9,15.9,93.4,1785.0,1110.0,3336.0,1547.0,580.0,0.060864,0.205183,0.2657,0.132718,0.131486,2.4521,2.6298,444.0,958.1,1736.9,0.4454,-290.26971435546875,107.5908432006836,69.24092864990234,56.130516052246094,-3.326512336730957,47.741336822509766,27.855186462402344,35.683650970458984,-14.610986709594727,28.71077537536621,-4.6951069831848145,18.47954559326172,-18.756973266601562,16.741010665893555,-13.277525901794434,12.446941375732422,-18.191864013671875,11.033445358276367,5.219645023345947,9.582143783569336,-15.233061790466309,9.787684440612793,5.06788444519043,7.165769577026367,-4.558063983917236,6.793268203735352
gsv_loudnorm,10,r4_loudnorm_gsv,r4,,,loudnorm,gsv,6.257,7.68,5.508,8.114,runs/r4_loudnorm_gsv/02_tts/10.wav,5.54,0.067581,0.5105,-23.0,,0.03753,0.012224,0.045977,208.0,55.8,228.0,1579.0,1007.0,3021.0,1450.0,635.0,0.058938,0.208439,0.2482,0.13233,0.10418,2.0709,2.0679,415.3,893.5,1652.4,0.3341,-304.7165832519531,134.46563720703125,81.1785888671875,58.257835388183594,-11.277400970458984,54.02992248535156,22.942068099975586,31.03866195678711,-12.660588264465332,22.252843856811523,-9.43421459197998,16.844541549682617,-13.359598159790039,14.900714874267578,-5.685698986053467,11.589052200317383,-22.554393768310547,15.639442443847656,10.905550956726074,8.759800910949707,-10.866440773010254,10.648420333862305,6.624750137329102,6.188116073608398,-3.1429836750030518,7.19124698638916
gsv_loudnorm,11,r4_loudnorm_gsv,r4,,,loudnorm,gsv,6.159,7.672,5.911,7.991,runs/r4_loudnorm_gsv/02_tts/11.wav,9.74,0.065958,0.6623,-23.05,8.39,0.047644,0.013034,0.032787,209.5,68.5,246.2,1282.0,794.0,2511.0,1416.0,506.0,0.040241,0.177858,0.1697,0.080773,0.074254,1.9357,2.3594,487.1,580.0,1121.5,0.2369,-362.16876220703125,120.62345886230469,72.21248626708984,50.255287170410156,2.9530444145202637,41.421905517578125,21.085662841796875,29.249282836914062,-11.45772933959961,28.503055572509766,2.2044568061828613,18.233190536499023,-7.426203727722168,17.617515563964844,-9.941333770751953,17.156429290771484,-12.206281661987305,15.59782600402832,4.691987991333008,9.142402648925781,-6.26746129989624,12.28149700164795,7.4450201988220215,7.212435722351074,-3.054896831512451,8.31682014465332
gsv_loudnorm,12,r4_loudnorm_gsv,r4,,,loudnorm,gsv,7.878,6.362,7.05,7.129,runs/r4_loudnorm_gsv/02_tts/12.wav,10.02,0.066968,0.5008,-23.0,2.34,0.043121,0.01477,0.035032,208.7,65.1,254.9,1487.0,972.0,2883.0,1452.0,529.0,0.0409,0.171008,0.2228,0.105066,0.100806,2.1529,2.7267,461.6,1156.3,1986.9,0.3233,-322.2130126953125,120.03511810302734,73.47636413574219,51.52305603027344,-2.723877429962158,48.93330764770508,27.69066619873047,31.82599449157715,-14.487531661987305,27.58074188232422,-2.6972200870513916,14.45903205871582,-9.590208053588867,15.032204627990723,-9.057497024536133,13.29492473602295,-15.767792701721191,14.66550350189209,5.020480155944824,8.249513626098633,-5.43369197845459,10.096084594726562,6.665315628051758,7.925239086151123,-0.6663073897361755,7.9980340003967285
gsv_loudnorm,13,r4_loudnorm_gsv,r4,,,loudnorm,gsv,6.017,8.19,4.569,8.523,runs/r4_loudnorm_gsv/02_tts/13.wav,6.46,0.069636,0.4367,-23.0,1.69,0.041036,0.015161,0.069307,227.5,19.4,117.0,1459.0,993.0,2813.0,1461.0,607.0,0.081294,0.247382,0.2234,0.101159,0.084526,2.4252,3.2593,389.1,978.6,1199.8,0.3305,-327.8153381347656,132.41433715820312,79.13701629638672,55.93414306640625,1.9802885055541992,39.99544906616211,18.88348960876465,30.035751342773438,-14.756364822387695,25.00331687927246,3.7636561393737793,16.5452823638916,-17.27802085876465,16.121286392211914,-16.639785766601562,13.236330032348633,-16.785099029541016,12.989483833312988,4.709716796875,10.183789253234863,-21.75101089477539,14.662485122680664,10.505094528198242,6.911982536315918,-5.817789077758789,7.311544418334961
gsv_loudnorm,2,r4_loudnorm_gsv,r4,,,loudnorm,gsv,7.411,8.199,5.335,8.707,runs/r4_loudnorm_gsv/02_tts/2.wav,5.06,0.07074,0.4926,-23.0,,0.042556,0.015668,0.069182,237.1,15.8,84.3,1417.0,960.0,2719.0,1401.0,588.0,0.074549,0.242473,0.2094,0.103252,0.085239,2.2681,2.2234,443.6,1255.3,1802.1,0.2756,-318.1655578613281,110.91643524169922,82.96723175048828,53.4063606262207,-5.348058223724365,40.152523040771484,22.555965423583984,29.51340675354004,-12.332329750061035,21.305513381958008,-5.048323154449463,16.407278060913086,-18.262298583984375,14.74614143371582,-15.706208229064941,12.08873462677002,-21.795509338378906,13.69483757019043,3.5506484508514404,9.157971382141113,-15.681796073913574,11.206050872802734,3.24164080619812,7.030877113342285,-3.2633912563323975,6.337900161743164
gsv_loudnorm,3,r4_loudnorm_gsv,r4,,,loudnorm,gsv,7.758,7.167,6.299,7.609,runs/r4_loudnorm_gsv/02_tts/3.wav,5.1,0.070525,0.5004,-23.09,,0.042815,0.015416,0.0875,224.6,19.4,113.5,1581.0,1123.0,3007.0,1501.0,679.0,0.092479,0.262432,0.2197,0.126852,0.111493,2.3739,2.2318,423.2,577.8,1682.5,0.3977,-317.5845031738281,118.60612487792969,73.21440124511719,54.16069793701172,2.34728741645813,42.136634826660156,16.92616081237793,27.330528259277344,-9.33981990814209,23.69285011291504,-1.9200172424316406,15.632913589477539,-19.570213317871094,17.17441177368164,-14.772253036499023,12.408831596374512,-18.331668853759766,14.139097213745117,5.1410698890686035,8.421751022338867,-21.440847396850586,13.677961349487305,7.639196872711182,6.971073150634766,-7.1443281173706055,8.83283519744873
gsv_loudnorm,4,r4_loudnorm_gsv,r4,,,loudnorm,gsv,5.954,8.643,5.342,9.179,runs/r4_loudnorm_gsv/02_tts/4.wav,7.5,0.065745,0.4638,-23.0,1.06,0.042145,0.01294,0.055319,195.7,68.9,246.2,1404.0,1029.0,2718.0,1443.0,586.0,0.067547,0.227856,0.1935,0.093058,0.092721,2.1286,2.8271,436.2,713.0,1468.4,0.3359,-349.5583801269531,126.61803436279297,75.06147003173828,54.687679290771484,8.779541015625,41.63533020019531,23.552139282226562,25.145469665527344,-7.296407699584961,27.017913818359375,-3.6317694187164307,16.651952743530273,-12.11499309539795,14.547982215881348,-11.996463775634766,13.506699562072754,-11.614797592163086,14.640095710754395,4.951174259185791,7.7877984046936035,-18.410322189331055,15.65068244934082,4.771151065826416,6.018571853637695,0.5665972232818604,9.445462226867676
gsv_loudnorm,5,r4_loudnorm_gsv,r4,,,loudnorm,gsv,7.079,7.927,5.109,8.236,runs/r4_loudnorm_gsv/02_tts/5.wav,5.98,0.070682,0.5759,-23.0,,0.044114,0.016418,0.080214,225.7,16.1,81.9,1293.0,947.0,2584.0,1389.0,679.0,0.087578,0.262586,0.218,0.086653,0.075994,2.3067,2.485,412.8,848.8,1267.3,0.2661,-345.20166015625,128.59141540527344,83.81916809082031,62.108367919921875,24.19306182861328,44.469993591308594,38.1237907409668,41.62489700317383,-14.720197677612305,27.219518661499023,-8.307665824890137,17.57828712463379,-9.220077514648438,14.24088191986084,-11.880278587341309,12.408360481262207,-15.818338394165039,13.439122200012207,4.531712055206299,9.76559829711914,-17.599323272705078,14.158987045288086,0.28276246786117554,6.177748203277588,-3.067105770111084,7.385852336883545
gsv_loudnorm,6,r4_loudnorm_gsv,r4,,,loudnorm,gsv,5.476,9.741,5.419,8.47,runs/r4_loudnorm_gsv/02_tts/6.wav,5.82,0.075302,0.877,-23.09,,0.051689,0.019324,0.049451,210.9,50.3,228.0,1238.0,791.0,2383.0,1356.0,516.0,0.054974,0.206693,0.2266,0.079458,0.061725,2.3156,3.492,419.8,858.4,1417.0,0.2187,-313.4398498535156,115.44493865966797,93.81497955322266,50.22972869873047,11.043625831604004,47.72127151489258,26.74398422241211,33.700870513916016,-7.628159046173096,22.712133407592773,-5.202610015869141,17.157012939453125,-10.157082557678223,14.551764488220215,-13.878446578979492,12.494943618774414,-18.369247436523438,12.990011215209961,6.756978988647461,10.964526176452637,-13.656368255615234,13.41664981842041,5.422408103942871,7.5753278732299805,-2.837010622024536,8.15075969696045
gsv_loudnorm,7,r4_loudnorm_gsv,r4,,,loudnorm,gsv,7.828,7.519,6.476,7.335,runs/r4_loudnorm_gsv/02_tts/7.wav,5.06,0.072652,0.5784,-23.0,,0.040885,0.016131,0.050314,230.6,17.1,73.7,1465.0,846.0,2795.0,1433.0,558.0,0.059643,0.217239,0.2765,0.101215,0.070339,2.4819,2.6794,409.5,785.5,1455.9,0.2997,-282.11871337890625,117.88802337646484,88.49879455566406,52.60856246948242,-3.6608309745788574,43.028743743896484,26.039249420166016,42.342220306396484,-18.215362548828125,25.51839828491211,2.2418885231018066,18.58367347717285,-15.461466789245605,16.973602294921875,-10.491949081420898,10.380508422851562,-15.793171882629395,11.900581359863281,9.302652359008789,10.633399963378906,-9.986942291259766,10.709659576416016,6.052339553833008,6.786953449249268,-3.2014012336730957,7.332901477813721
gsv_loudnorm,8,r4_loudnorm_gsv,r4,,,loudnorm,gsv,6.748,7.876,5.966,8.286,runs/r4_loudnorm_gsv/02_tts/8.wav,4.9,0.072117,0.4522,-23.0,,0.039854,0.016396,0.051948,236.0,19.6,82.1,1425.0,869.0,2744.0,1449.0,618.0,0.060238,0.22031,0.2342,0.099606,0.06697,2.4129,2.5569,431.4,1180.7,1901.0,0.2588,-305.2894592285156,99.97843933105469,86.94773864746094,50.65142822265625,6.9514994621276855,40.37274932861328,21.656021118164062,37.849369049072266,-15.997631072998047,20.527992248535156,1.7820557355880737,16.46869659423828,-13.773760795593262,13.905510902404785,-9.716825485229492,11.356317520141602,-19.772558212280273,12.212658882141113,8.476211547851562,9.247918128967285,-11.220027923583984,8.53223991394043,8.771528244018555,6.8515543937683105,-0.05531737208366394,6.279531955718994
gsv_loudnorm,9,r4_loudnorm_gsv,r4,,,loudnorm,gsv,5.196,8.309,6.458,6.735,runs/r4_loudnorm_gsv/02_tts/9.wav,5.38,0.072146,0.538,-23.0,,0.04481,0.015907,0.059172,235.0,19.0,71.6,1416.0,960.0,2609.0,1383.0,546.0,0.071165,0.234685,0.2184,0.096362,0.093449,2.2707,2.679,433.4,751.2,1408.9,0.307,-310.7016906738281,107.3609619140625,79.75756072998047,51.75416946411133,0.012238812632858753,41.4371452331543,23.670623779296875,35.28435516357422,-15.688453674316406,23.3690185546875,0.5244295001029968,18.558900833129883,-16.701091766357422,13.547783851623535,-14.552638053894043,10.95801067352295,-14.694546699523926,11.01805305480957,7.357698440551758,9.165634155273438,-12.426535606384277,11.769847869873047,7.1487627029418945,5.555495262145996,-3.5370547771453857,6.661036014556885
indextts2_loudnorm,1,r4_loudnorm_indextts2,r4,,,loudnorm,indextts2,5.531,8.417,4.576,8.646,runs/r4_loudnorm_indextts2/02_tts/1.wav,5.7818,0.071254,0.4651,-23.0,,0.032087,0.01138,0.0,214.9,67.9,282.5,1657.0,1134.0,3283.0,1743.0,487.0,0.009591,0.018727,0.2991,0.101554,0.107615,2.197,1.9355,431.7,1115.6,1829.9,0.5129,-264.6419982910156,110.10375213623047,81.46637725830078,51.38169479370117,18.80400848388672,36.548587799072266,26.89741325378418,26.12173843383789,2.035856246948242,26.518545150756836,4.858111381530762,19.75835418701172,-5.098647117614746,15.845409393310547,-4.062694072723389,14.618654251098633,-12.128117561340332,15.12979507446289,7.3592705726623535,11.147480964660645,-12.43178653717041,12.287877082824707,6.42848014831543,8.07779312133789,-0.5597812533378601,8.236772537231445
indextts2_loudnorm,10,r4_loudnorm_indextts2,r4,,,loudnorm,indextts2,6.449,7.52,5.572,7.956,runs/r4_loudnorm_indextts2/02_tts/10.wav,5.9908,0.075095,0.5036,-23.0,,0.031411,0.011731,0.0,216.1,60.6,254.9,1426.0,1066.0,2645.0,1518.0,566.0,0.007318,0.015154,0.2813,0.096059,0.085817,2.108,1.7586,406.1,425.5,1456.1,0.348,-278.78619384765625,118.57669830322266,92.4188003540039,52.10787582397461,9.482329368591309,45.936214447021484,25.047821044921875,26.949230194091797,1.4886784553527832,24.119007110595703,1.1005797386169434,19.572650909423828,-1.9972748756408691,15.739934921264648,-1.203630805015564,13.43422794342041,-16.39788246154785,15.668879508972168,9.14277172088623,11.270112037658691,-7.571406364440918,11.779539108276367,5.151622295379639,9.212008476257324,1.819876790046692,10.86715030670166
indextts2_loudnorm,11,r4_loudnorm_indextts2,r4,,,loudnorm,indextts2,6.596,7.909,5.751,7.985,runs/r4_loudnorm_indextts2/02_tts/11.wav,7.0473,0.069171,0.5125,-23.0,1.22,0.036434,0.012313,0.0,228.6,55.8,231.2,1352.0,838.0,2647.0,1569.0,520.0,0.006941,0.016529,0.2372,0.083887,0.066598,2.2595,2.5338,318.8,548.6,1277.7,0.283,-299.5145263671875,111.87017059326172,97.4405746459961,45.902488708496094,13.904974937438965,35.759639739990234,15.655152320861816,28.27425193786621,-1.5392378568649292,24.68454360961914,10.133158683776855,21.031177520751953,-6.2512617111206055,17.00863265991211,-8.443623542785645,16.06517219543457,-14.740527153015137,13.66568660736084,7.025633335113525,14.157501220703125,-5.519279479980469,13.22481632232666,7.2540388107299805,7.658329486846924,-3.113783121109009,8.5316743850708
indextts2_loudnorm,12,r4_loudnorm_indextts2,r4,,,loudnorm,indextts2,6.292,8.611,7.14,7.032,runs/r4_loudnorm_indextts2/02_tts/12.wav,7.5465,0.083022,0.4366,-23.0,1.58,0.027482,0.0103,0.0,248.2,23.3,139.3,1209.0,880.0,2424.0,1475.0,533.0,0.004295,0.012223,0.2633,0.061997,0.057763,2.171,2.1303,459.4,1187.0,2044.9,0.2659,-284.02484130859375,96.60052490234375,96.01292419433594,49.5311393737793,15.746733665466309,38.463905334472656,31.795242309570312,24.11469268798828,-4.476995944976807,26.681673049926758,3.9960052967071533,16.301862716674805,-3.5602142810821533,13.18405532836914,-6.874794960021973,14.992363929748535,-16.890228271484375,12.729175567626953,4.483907222747803,10.762300491333008,-8.039643287658691,11.551478385925293,8.640474319458008,9.278173446655273,1.0453567504882812,9.099733352661133
indextts2_loudnorm,13,r4_loudnorm_indextts2,r4,,,loudnorm,indextts2,7.565,7.045,4.642,8.551,runs/r4_loudnorm_indextts2/02_tts/13.wav,7.3608,0.072983,0.4508,-23.0,0.23,0.035061,0.012426,0.0,223.0,47.5,232.8,1428.0,1007.0,2814.0,1652.0,487.0,0.006971,0.014949,0.2519,0.085037,0.082439,2.1497,2.0579,349.0,969.9,1319.4,0.372,-287.421142578125,113.66210174560547,88.64939880371094,42.2841796875,21.838205337524414,38.27825164794922,29.902069091796875,26.504045486450195,1.5738412141799927,23.916391372680664,6.072031497955322,14.8980131149292,-5.310486793518066,15.871703147888184,-4.032998561859131,14.421932220458984,-14.69609260559082,14.622472763061523,8.84777545928955,10.848420143127441,-11.059325218200684,12.838128089904785,10.442742347717285,7.681526184082031,-0.92618328332901,7.730655670166016
indextts2_loudnorm,2,r4_loudnorm_indextts2,r4,,,loudnorm,indextts2,6.327,8.13,5.389,8.688,runs/r4_loudnorm_indextts2/02_tts/2.wav,5.1433,0.070487,0.3363,-23.0,,0.033502,0.011099,0.0,209.4,73.0,242.8,1411.0,836.0,2848.0,1646.0,489.0,0.00637,0.012895,0.2485,0.082701,0.06066,2.1555,1.9141,398.7,1169.2,2005.1,0.316,-286.81085205078125,119.59889221191406,93.93789672851562,42.602657318115234,14.480262756347656,36.201629638671875,25.22728157043457,27.465394973754883,3.2956907749176025,24.039175033569336,3.8079423904418945,20.07447624206543,-6.499602794647217,16.801166534423828,-8.077723503112793,16.00279998779297,-16.074296951293945,14.831992149353027,7.1446661949157715,10.449333190917969,-9.139710426330566,13.124460220336914,6.422079563140869,7.517978668212891,-1.4634954929351807,6.2812676429748535
indextts2_loudnorm,3,r4_loudnorm_indextts2,r4,,,loudnorm,indextts2,7.039,7.585,6.272,7.647,runs/r4_loudnorm_indextts2/02_tts/3.wav,5.4683,0.067748,0.4475,-23.0,,0.034661,0.010544,0.0,216.0,64.1,273.0,1776.0,1198.0,3487.0,1826.0,503.0,0.01356,0.025507,0.3062,0.125728,0.113411,2.2157,1.9143,420.3,1221.7,1937.3,0.6078,-262.24578857421875,117.68496704101562,85.10747528076172,51.731327056884766,22.864227294921875,36.919715881347656,24.80689811706543,24.75650978088379,9.735219955444336,24.86693572998047,5.26306676864624,17.146198272705078,-8.050626754760742,17.80035972595215,-3.2048068046569824,14.055702209472656,-11.669257164001465,15.407095909118652,8.02486801147461,11.16836166381836,-13.927294731140137,14.36966609954834,9.790912628173828,8.353731155395508,-2.8779819011688232,8.935270309448242
indextts2_loudnorm,4,r4_loudnorm_indextts2,r4,,,loudnorm,indextts2,6.623,8.464,5.511,9.12,runs/r4_loudnorm_indextts2/02_tts/4.wav,6.223,0.08668,0.4006,-23.0,1.87,0.028078,0.011151,0.0,236.0,16.9,87.3,1332.0,1067.0,2674.0,1598.0,658.0,0.004582,0.010171,0.2847,0.063522,0.051157,2.3546,2.4831,434.3,1218.1,2035.6,0.3407,-284.3309631347656,99.46765899658203,95.31566619873047,51.91865539550781,25.44245719909668,34.50341796875,24.062170028686523,22.76418685913086,5.43681001663208,25.601272583007812,3.7817625999450684,16.517385482788086,-5.771664142608643,15.79345417022705,-6.111668586730957,14.49305534362793,-10.507681846618652,14.520761489868164,6.435609340667725,11.629907608032227,-12.575763702392578,11.77613639831543,5.433845520019531,7.92924690246582,-0.05249250307679176,8.08202838897705
indextts2_loudnorm,5,r4_loudnorm_indextts2,r4,,,loudnorm,indextts2,6.205,8.083,5.308,8.208,runs/r4_loudnorm_indextts2/02_tts/5.wav,6.4088,0.078427,0.5654,-23.0,2.4,0.037793,0.014777,0.0,246.0,45.4,302.3,1313.0,981.0,2598.0,1609.0,540.0,0.006841,0.014851,0.261,0.072951,0.077364,2.019,2.0023,439.2,1311.5,2201.0,0.3334,-290.3350830078125,107.21001434326172,95.88036346435547,49.78546142578125,35.59369659423828,34.148799896240234,32.74365997314453,28.858564376831055,1.6236721277236938,23.13564109802246,4.870001316070557,16.47018814086914,-1.559580683708191,14.349203109741211,-4.725401878356934,13.969085693359375,-9.326351165771484,13.359931945800781,4.716930389404297,12.19742488861084,-10.070170402526855,13.07433032989502,2.1715199947357178,8.222867012023926,-2.5265517234802246,7.8245158195495605
indextts2_loudnorm,6,r4_loudnorm_indextts2,r4,,,loudnorm,indextts2,6.631,8.288,5.363,8.43,runs/r4_loudnorm_indextts2/02_tts/6.wav,6.0837,0.07175,0.4877,-23.0,3.07,0.038653,0.013807,0.0,219.1,66.0,334.1,1283.0,864.0,2458.0,1527.0,512.0,0.008422,0.019002,0.248,0.077166,0.063598,2.226,2.7925,399.9,1163.1,2003.9,0.2745,-288.2998046875,115.03123474121094,105.14984893798828,49.701778411865234,23.067638397216797,35.273624420166016,24.93569564819336,27.840898513793945,4.55771017074585,24.139516830444336,4.228673458099365,18.557586669921875,-5.456410884857178,16.557525634765625,-4.99267053604126,14.321473121643066,-15.260637283325195,15.606806755065918,8.871740341186523,11.530275344848633,-8.614534378051758,13.353904724121094,6.633570671081543,7.995136737823486,-1.7556674480438232,9.336288452148438
indextts2_loudnorm,7,r4_loudnorm_indextts2,r4,,,loudnorm,indextts2,7.008,7.705,6.544,7.17,runs/r4_loudnorm_indextts2/02_tts/7.wav,5.7818,0.084502,0.488,-23.0,,0.033291,0.013446,0.0,242.5,25.9,152.0,1250.0,854.0,2485.0,1543.0,537.0,0.004106,0.008549,0.2965,0.066064,0.051704,2.3045,2.3703,558.8,1279.7,2006.3,0.2942,-273.20513916015625,112.2356948852539,97.12068176269531,42.88644790649414,16.982358932495117,33.70000076293945,22.358535766601562,32.356101989746094,0.3571005165576935,25.09260368347168,10.495922088623047,18.756532669067383,-6.720656394958496,19.258108139038086,-6.721559524536133,13.991069793701172,-11.058432579040527,12.765193939208984,8.187198638916016,14.412492752075195,-6.567208766937256,10.368118286132812,5.7268266677856445,11.35034465789795,-0.7755742073059082,8.99074649810791
indextts2_loudnorm,8,r4_loudnorm_indextts2,r4,,,loudnorm,indextts2,6.216,8.143,5.701,8.47,runs/r4_loudnorm_indextts2/02_tts/8.wav,5.6889,0.083128,0.5063,-23.0,,0.033623,0.013153,0.0,245.9,25.0,170.9,1244.0,849.0,2463.0,1589.0,564.0,0.003663,0.009023,0.2723,0.060053,0.043844,2.2195,1.9521,487.4,1205.1,1957.3,0.243,-289.4193420410156,101.40106201171875,99.11174774169922,47.266502380371094,21.44553565979004,36.542964935302734,18.130451202392578,31.64828872680664,-1.5127638578414917,26.187959671020508,8.464344024658203,18.70476531982422,-4.604908466339111,14.355443000793457,-4.587663650512695,15.16203498840332,-18.696596145629883,15.001285552978516,8.354044914245605,12.195122718811035,-9.679551124572754,14.636445999145508,7.663361549377441,9.731884956359863,-1.5322266817092896,8.691753387451172
indextts2_loudnorm,9,r4_loudnorm_indextts2,r4,,,loudnorm,indextts2,6.427,7.515,6.462,6.838,runs/r4_loudnorm_indextts2/02_tts/9.wav,5.329,0.077768,0.4984,-23.0,,0.037793,0.012127,0.0,202.0,79.9,254.9,1282.0,832.0,2648.0,1603.0,467.0,0.004739,0.011567,0.2454,0.067971,0.062537,2.1159,2.1534,466.8,1290.4,2131.7,0.2734,-292.4161682128906,107.30186462402344,94.061279296875,44.06076431274414,15.495409965515137,32.035926818847656,23.310827255249023,29.75182342529297,5.078310012817383,24.401691436767578,11.555712699890137,17.34930419921875,-4.969534873962402,15.428069114685059,-7.497614860534668,14.86327838897705,-12.689924240112305,16.549091339111328,10.397053718566895,11.526860237121582,-9.92590045928955,13.124197959899902,8.071338653564453,7.81566858291626,-0.16047343611717224,7.81135368347168
chattts_loudnorm,1,r5_chattts_loudnorm,r5,,,,,6.915,7.518,4.481,8.741,runs/r5_chattts_loudnorm/02_tts/1.wav,4.0187,0.072823,0.4025,-22.9,,0.032024,0.016193,0.0,199.9,40.0,190.9,1967.0,901.0,3805.0,1663.0,367.0,0.025423,0.046541,0.3206,0.156234,0.111306,2.8288,2.7735,276.5,775.0,1796.0,0.6177,-255.1468963623047,101.64903259277344,65.91680908203125,56.346614837646484,-4.183169364929199,39.877323150634766,48.55036926269531,29.614585876464844,-27.474273681640625,24.629323959350586,10.93393611907959,17.32916831970215,-15.5979642868042,18.350536346435547,-2.7986457347869873,14.7196683883667,-10.205759048461914,14.198381423950195,-6.091056823730469,10.325390815734863,-14.24835205078125,9.68377685546875,-4.671120643615723,10.866663932800293,-2.490422248840332,9.063552856445312
chattts_loudnorm,10,r5_chattts_loudnorm,r5,,,,,8.245,7.276,5.543,7.952,runs/r5_chattts_loudnorm/02_tts/10.wav,4.0116,0.067577,0.2993,-23.05,,0.022027,0.009426,0.02381,182.2,21.2,98.9,2343.0,1262.0,4231.0,1767.0,501.0,0.029324,0.041022,0.4184,0.200323,0.133497,2.8625,2.6774,308.6,857.9,1810.5,0.8863,-218.68258666992188,105.46817016601562,58.5726432800293,74.26782989501953,-1.078574538230896,48.391380310058594,32.379615783691406,30.133052825927734,-16.60026741027832,25.25404930114746,2.2902133464813232,18.805898666381836,-13.034126281738281,19.44660186767578,10.76871109008789,14.07426929473877,-18.003976821899414,12.904508590698242,3.537336587905884,13.700324058532715,-9.903149604797363,10.750285148620605,-3.7435176372528076,12.246590614318848,1.8619773387908936,7.864189147949219
chattts_loudnorm,11,r5_chattts_loudnorm,r5,,,,,5.834,8.416,6.019,7.881,runs/r5_chattts_loudnorm/02_tts/11.wav,4.807,0.077683,0.3706,-23.04,,0.036186,0.01416,0.02649,112.4,10.5,47.7,1165.0,704.0,2478.0,1381.0,543.0,0.01252,0.035858,0.2575,0.085598,0.062245,2.5686,3.0627,216.4,676.9,1573.5,0.1516,-306.6874084472656,134.91709899902344,122.65640258789062,60.35795211791992,10.966937065124512,39.75157928466797,47.372535705566406,31.957372665405273,-16.24188995361328,25.098726272583008,3.468183755874634,12.74962329864502,1.2123781442642212,16.207351684570312,-5.927053928375244,15.190116882324219,-3.565941333770752,11.642467498779297,-7.982932090759277,14.302331924438477,-10.215343475341797,11.467106819152832,-0.3971867859363556,7.867939472198486,-8.747933387756348,9.274552345275879
chattts_loudnorm,12,r5_chattts_loudnorm,r5,,,,,8.777,6.71,7.1,7.074,runs/r5_chattts_loudnorm/02_tts/12.wav,4.7226,0.071632,0.6933,-22.83,,0.037056,0.015146,0.0,106.0,25.4,115.3,1252.0,539.0,2572.0,1311.0,302.0,0.00441,0.011855,0.3705,0.076819,0.060274,2.6813,3.3315,190.6,665.0,1584.1,0.2836,-277.7274475097656,152.8766632080078,119.74343872070312,50.70778274536133,-23.673242568969727,45.23127746582031,67.10697937011719,37.34843063354492,-7.977767467498779,24.24315643310547,3.4991071224212646,19.231849670410156,12.306102752685547,16.730514526367188,-13.942638397216797,22.173858642578125,11.74406623840332,9.637088775634766,-3.252955198287964,17.577327728271484,1.949662446975708,10.785181045532227,1.9284263849258423,8.56470012664795,-2.935497760772705,9.860078811645508
chattts_loudnorm,13,r5_chattts_loudnorm,r5,,,,,6.255,8.52,4.262,8.845,runs/r5_chattts_loudnorm/02_tts/13.wav,4.1973,0.074272,0.5027,-22.92,,0.031367,0.014798,0.05303,161.9,24.4,93.4,1575.0,911.0,3050.0,1472.0,513.0,0.027382,0.048618,0.3476,0.134007,0.088096,2.9723,3.2262,240.2,973.1,1629.8,0.3256,-253.2196044921875,124.7344970703125,100.20284271240234,68.52833557128906,-14.016153335571289,33.10557174682617,27.994388580322266,29.102781295776367,-14.026161193847656,22.32607650756836,12.24087142944336,15.033523559570312,-6.465845108032227,14.692853927612305,-2.499321222305298,13.697175025939941,-17.41341209411621,11.4993257522583,-7.633460521697998,13.259737014770508,-9.000618934631348,11.34803295135498,-3.2904601097106934,9.377090454101562,-9.955349922180176,8.1187744140625
chattts_loudnorm,2,r5_chattts_loudnorm,r5,,,,,,,5.367,8.64,runs/r5_chattts_loudnorm/02_tts/2.wav,3.7569,0.074835,0.3425,-22.97,,0.037673,0.012264,0.144068,104.7,20.0,85.0,1515.0,1072.0,3093.0,1600.0,625.0,0.024342,0.040468,0.2717,0.124086,0.096981,2.4285,2.8614,172.0,729.0,1838.6,0.2835,-321.4466552734375,163.9986572265625,93.61347198486328,72.42403411865234,20.112613677978516,29.35020637512207,46.8894157409668,32.8646125793457,1.880383014678955,20.07202911376953,10.9337739944458,13.906044960021973,3.6529316902160645,13.792072296142578,0.2288670390844345,14.827042579650879,-2.8070976734161377,12.256231307983398,-0.19968199729919434,12.086461067199707,-3.854578971862793,9.943910598754883,-1.1328386068344116,8.381651878356934,-1.4227854013442993,6.663729190826416
chattts_loudnorm,3,r5_chattts_loudnorm,r5,,,,,,,6.226,7.706,runs/r5_chattts_loudnorm/02_tts/3.wav,3.5885,0.07039,0.4541,-23.36,,0.033916,0.016439,0.079646,233.6,34.7,135.1,1663.0,926.0,3267.0,1545.0,525.0,0.031273,0.062412,0.3048,0.140491,0.088733,2.8262,2.9102,335.7,683.4,1804.4,0.2958,-299.4945983886719,130.53564453125,88.87429809570312,63.55568313598633,-12.569725036621094,39.79237747192383,24.445077896118164,27.83942985534668,-38.49059295654297,24.51953125,-24.69595718383789,17.325214385986328,-6.364203929901123,17.089872360229492,-19.56926155090332,17.972091674804688,-10.830486297607422,15.324688911437988,-17.611047744750977,13.453093528747559,-5.864325523376465,10.09814453125,-11.536540985107422,11.601102828979492,-0.7667962908744812,8.555975914001465
chattts_loudnorm,4,r5_chattts_loudnorm,r5,,,,,5.837,9.835,5.443,9.043,runs/r5_chattts_loudnorm/02_tts/4.wav,3.9319,0.077032,0.3955,-22.98,,0.037498,0.011119,0.0,109.2,25.2,113.4,1554.0,1090.0,3049.0,1582.0,536.0,0.021987,0.044522,0.2796,0.107227,0.099329,2.6645,3.0176,203.3,436.2,1661.1,0.3522,-277.08978271484375,119.77157592773438,93.32129669189453,67.07877349853516,15.374794960021973,29.72930145263672,40.454036712646484,22.780941009521484,11.25944709777832,18.137956619262695,5.501674652099609,13.054500579833984,-0.16019244492053986,14.704216003417969,1.334644079208374,10.607377052307129,-7.627862930297852,12.321860313415527,3.3791215419769287,10.732301712036133,-11.718299865722656,10.601591110229492,-4.449986934661865,7.477349758148193,-1.3572349548339844,8.455230712890625
chattts_loudnorm,5,r5_chattts_loudnorm,r5,,,,,6.27,8.511,5.144,8.22,runs/r5_chattts_loudnorm/02_tts/5.wav,3.9945,0.079864,0.4895,-22.17,,0.038371,0.01805,0.096,122.6,22.8,107.6,1614.0,1181.0,2998.0,1466.0,563.0,0.037637,0.064758,0.3404,0.133687,0.120979,2.9992,4.4674,297.2,635.4,1708.3,0.3009,-306.7772216796875,160.06484985351562,94.26956939697266,81.99452209472656,19.88433837890625,36.409793853759766,42.91352081298828,36.43122482299805,-21.485767364501953,28.065200805664062,-10.293231964111328,14.148356437683105,-3.0761654376983643,17.12459945678711,-14.605286598205566,15.55875301361084,-13.591264724731445,10.733146667480469,-1.1354289054870605,11.624349594116211,-17.16149139404297,11.249046325683594,4.106522083282471,7.589913845062256,-9.0006742477417,9.05954360961914
chattts_loudnorm,6,r5_chattts_loudnorm,r5,,,,,,,5.283,8.553,runs/r5_chattts_loudnorm/02_tts/6.wav,3.5704,0.070355,0.5126,-23.38,,0.037917,0.017825,0.0,181.2,42.0,186.9,1413.0,593.0,2858.0,1418.0,371.0,0.01456,0.032411,0.341,0.098707,0.054872,2.9236,3.1799,263.5,912.9,1667.2,0.2645,-257.777587890625,119.66361999511719,111.44151306152344,46.68678665161133,-16.061737060546875,35.10332107543945,42.39210891723633,28.704660415649414,-18.33039665222168,26.373395919799805,15.552372932434082,17.185998916625977,-2.8836886882781982,14.816815376281738,-5.889251232147217,17.420265197753906,-9.807416915893555,12.121627807617188,-8.747174263000488,13.05311393737793,-11.684807777404785,11.45435619354248,-6.003427982330322,11.596151351928711,1.0570403337478638,8.725686073303223
chattts_loudnorm,7,r5_chattts_loudnorm,r5,,,,,,,6.353,7.347,runs/r5_chattts_loudnorm/02_tts/7.wav,3.8061,0.077441,0.5108,-22.34,,0.03609,0.017317,0.0,206.7,27.1,145.5,1522.0,654.0,3069.0,1444.0,368.0,0.007878,0.01692,0.3698,0.106929,0.06969,2.8276,2.8878,387.9,992.1,1584.7,0.2829,-260.074462890625,100.44406127929688,101.48226928710938,50.542781829833984,-25.496435165405273,41.87705993652344,36.0799560546875,32.89263153076172,-36.60273361206055,29.97784996032715,13.402633666992188,19.2366943359375,-14.246387481689453,18.151979446411133,-11.009384155273438,15.507416725158691,-7.098457336425781,12.434440612792969,-14.92164421081543,13.75472354888916,4.229416847229004,13.389164924621582,-15.847393989562988,12.359090805053711,6.577763557434082,10.781699180603027
chattts_loudnorm,8,r5_chattts_loudnorm,r5,,,,,,,5.986,8.251,runs/r5_chattts_loudnorm/02_tts/8.wav,3.5938,0.078544,0.423,-22.84,,0.03587,0.017445,0.053097,117.9,17.6,101.6,1402.0,971.0,2838.0,1484.0,591.0,0.022107,0.045159,0.3004,0.124231,0.085075,2.9204,3.2565,221.0,743.9,1711.9,0.2036,-291.70025634765625,123.5526123046875,109.34255981445312,70.29399108886719,16.20479393005371,31.143613815307617,46.356632232666016,34.68197250366211,-7.698604583740234,23.904354095458984,6.927518844604492,11.546810150146484,-9.047100067138672,12.598600387573242,-0.5325654745101929,11.898873329162598,-5.9095892906188965,13.14927864074707,-9.960052490234375,15.216819763183594,-3.507493019104004,11.313673973083496,-7.694408416748047,10.271299362182617,-7.938865661621094,11.082791328430176
chattts_loudnorm,9,r5_chattts_loudnorm,r5,,,,,,,6.464,6.767,runs/r5_chattts_loudnorm/02_tts/9.wav,2.9525,0.072737,0.3857,-23.04,,0.030576,0.015728,0.043011,202.3,29.5,139.8,1537.0,754.0,3072.0,1427.0,365.0,0.016769,0.046385,0.3201,0.119687,0.085925,2.8233,3.6952,373.4,687.3,1449.0,0.2781,-272.020751953125,111.77250671386719,102.16027069091797,48.45249557495117,-31.9731388092041,36.78599548339844,40.79843521118164,38.83612823486328,-39.032127380371094,31.7000732421875,13.008657455444336,16.475479125976562,-25.028152465820312,15.94914722442627,-8.687801361083984,15.642621040344238,-13.743694305419922,13.584090232849121,-10.524178504943848,14.05258846282959,-1.8856711387634277,11.301207542419434,-17.9041805267334,15.227065086364746,-0.2457915097475052,10.519577980041504
chattts_original,1,r5_chattts_original,r5,,,,,7.287,7.441,4.641,8.755,runs/r5_chattts_original/02_tts/1.wav,4.0187,0.155033,0.857,-16.34,,0.068175,0.034473,0.0,199.9,40.0,190.9,1967.0,901.0,3805.0,1663.0,367.0,0.02504,0.045908,0.6826,0.156107,0.111266,2.8289,2.7735,276.5,775.0,1796.0,0.6177,-180.8972930908203,101.65876770019531,65.91690826416016,56.349308013916016,-4.184648036956787,39.87773513793945,48.55205154418945,29.613365173339844,-27.474609375,24.630342483520508,10.93544864654541,17.33017921447754,-15.594558715820312,18.354965209960938,-2.79833722114563,14.720483779907227,-10.206777572631836,14.196252822875977,-6.093344211578369,10.325517654418945,-14.24839973449707,9.684967994689941,-4.672046661376953,10.86972713470459,-2.4893317222595215,9.064102172851562
chattts_original,10,r5_chattts_original,r5,,,,,8.138,7.101,5.707,7.876,runs/r5_chattts_original/02_tts/10.wav,4.0116,0.182511,0.8084,-14.42,,0.059489,0.025458,0.007937,182.2,21.2,98.9,2338.0,1263.0,4224.0,1765.0,499.0,0.028193,0.039584,1.13,0.197366,0.134647,2.8626,2.6774,308.6,857.9,1810.5,0.8863,-121.04335021972656,105.45636749267578,58.57903289794922,74.26315307617188,-1.075039029121399,48.39216995239258,32.383724212646484,30.129257202148438,-16.596664428710938,25.257854461669922,2.2947986125946045,18.80486488342285,-13.030326843261719,19.45001792907715,10.771980285644531,14.073685646057129,-18.002973556518555,12.908955574035645,3.538940906524658,13.700403213500977,-9.903873443603516,10.749510765075684,-3.743292808532715,12.245451927185059,1.8612035512924194,7.863997936248779
chattts_original,11,r5_chattts_original,r5,,,,,5.876,8.675,6.041,7.83,runs/r5_chattts_original/02_tts/11.wav,4.807,0.173893,0.8321,-16.04,,0.081,0.031713,0.0,112.4,10.5,47.7,1161.0,699.0,2474.0,1379.0,542.0,0.011951,0.034598,0.5765,0.083018,0.060624,2.5678,3.0607,216.3,677.0,1574.0,0.1516,-227.45858764648438,134.8550567626953,122.63035583496094,60.36745071411133,10.970515251159668,39.73603820800781,47.35567092895508,31.95789337158203,-16.23138427734375,25.090391159057617,3.456062078475952,12.753281593322754,1.2217423915863037,16.200651168823242,-5.937514781951904,15.19412899017334,-3.557919502258301,11.643166542053223,-7.9874677658081055,14.297544479370117,-10.20893383026123,11.467537879943848,-0.4037017822265625,7.869472503662109,-8.74518871307373,9.27029037475586
chattts_original,12,r5_chattts_original,r5,,,,,9.108,6.562,7.125,7.047,runs/r5_chattts_original/02_tts/12.wav,4.7226,0.105915,1.0303,-19.43,,0.054812,0.022404,0.0,106.0,25.4,115.3,1250.0,541.0,2569.0,1307.0,304.0,0.004367,0.011774,0.5481,0.076858,0.060319,2.683,3.3334,190.2,665.5,1583.2,0.2831,-239.432373046875,153.04678344726562,119.85398864746094,50.70652389526367,-23.708984375,45.28718948364258,67.16165161132812,37.332984924316406,-7.994678497314453,24.266191482543945,3.514040231704712,19.23259925842285,12.30038833618164,16.73917007446289,-13.948906898498535,22.17925453186035,11.750927925109863,9.637718200683594,-3.2574281692504883,17.5866641998291,1.9565833806991577,10.78907585144043,1.9263460636138916,8.56787109375,-2.9372482299804688,9.864399909973145
chattts_original,13,r5_chattts_original,r5,,,,,6.299,8.88,4.451,8.647,runs/r5_chattts_original/02_tts/13.wav,4.1973,0.151087,1.0225,-16.75,,0.06381,0.030102,0.045455,161.9,24.4,93.4,1566.0,905.0,3033.0,1468.0,508.0,0.025713,0.045638,0.7071,0.130752,0.087845,2.9724,3.2251,240.2,973.1,1629.8,0.3256,-183.4242401123047,124.69420623779297,100.2197265625,68.50613403320312,-14.00326919555664,33.11175537109375,28.009693145751953,29.09037971496582,-14.01239013671875,22.336551666259766,12.25325870513916,15.026190757751465,-6.4552693367004395,14.69916820526123,-2.489591598510742,13.699638366699219,-17.40458869934082,11.513053894042969,-7.6272807121276855,13.263152122497559,-8.996213912963867,11.351272583007812,-3.285475254058838,9.37802791595459,-9.95255184173584,8.122079849243164
chattts_original,2,r5_chattts_original,r5,,,,,,,5.25,8.893,runs/r5_chattts_original/02_tts/2.wav,3.7569,0.176363,0.8072,-15.52,,0.088783,0.028902,0.033898,104.7,20.0,85.0,1497.0,1058.0,3071.0,1594.0,620.0,0.021947,0.036921,0.6402,0.109809,0.089709,2.4283,2.8613,172.0,729.0,1838.6,0.2835,-237.2162322998047,164.0151824951172,93.60281372070312,72.43696594238281,20.10131072998047,29.354589462280273,46.8816032409668,32.877079010009766,1.8725672960281372,20.07499122619629,10.932333946228027,13.915640830993652,3.649367332458496,13.797718048095703,0.22509843111038208,14.828083992004395,-2.810225248336792,12.255208969116211,-0.20128996670246124,12.08716869354248,-3.8543543815612793,9.94472885131836,-1.135508418083191,8.383017539978027,-1.4189352989196777,6.6658430099487305
chattts_original,3,r5_chattts_original,r5,,,,,,,6.443,7.653,runs/r5_chattts_original/02_tts/3.wav,3.5885,0.138309,0.8923,-17.49,,0.066642,0.032302,0.017699,233.6,34.7,135.1,1662.0,924.0,3265.0,1544.0,525.0,0.030431,0.060409,0.5989,0.140344,0.088581,2.8262,2.9109,335.7,683.5,1804.4,0.2958,-233.14431762695312,130.59243774414062,88.84700012207031,63.59257125854492,-12.58951473236084,39.784183502197266,24.430538177490234,27.850435256958008,-38.50169372558594,24.498565673828125,-24.7120304107666,17.304033279418945,-6.377719879150391,17.086063385009766,-19.58556365966797,17.954591751098633,-10.845321655273438,15.313552856445312,-17.62375831604004,13.432759284973145,-5.876728057861328,10.086710929870605,-11.55001163482666,11.587625503540039,-0.7813726663589478,8.554903030395508
chattts_original,4,r5_chattts_original,r5,,,,,5.977,9.902,5.207,9.342,runs/r5_chattts_original/02_tts/4.wav,3.9319,0.144058,0.7396,-17.54,,0.070126,0.020794,0.0,109.2,25.2,113.4,1554.0,1090.0,3048.0,1582.0,536.0,0.02172,0.044042,0.5229,0.107283,0.099248,2.6646,3.0172,203.3,436.2,1661.1,0.3522,-215.57891845703125,119.78422546386719,93.31961059570312,67.07765197753906,15.378201484680176,29.7276668548584,40.448970794677734,22.785465240478516,11.256735801696777,18.1358642578125,5.505557060241699,13.058134078979492,-0.15595759451389313,14.705330848693848,1.3407824039459229,10.613150596618652,-7.62547492980957,12.326641082763672,3.3771495819091797,10.731673240661621,-11.717267036437988,10.60103988647461,-4.447591781616211,7.479321479797363,-1.3570728302001953,8.454004287719727
chattts_original,5,r5_chattts_original,r5,,,,,6.09,8.566,5.206,8.241,runs/r5_chattts_original/02_tts/5.wav,3.9945,0.120874,0.7409,-18.57,,0.058075,0.027319,0.096,122.6,22.9,107.6,1608.0,1177.0,2988.0,1464.0,561.0,0.035906,0.061108,0.5152,0.133203,0.120565,2.9994,4.4677,297.2,635.4,1708.3,0.3008,-266.0578918457031,160.06723022460938,94.27117919921875,82.00147247314453,19.88101577758789,36.4095458984375,42.915000915527344,36.43083190917969,-21.484792709350586,28.06513786315918,-10.295891761779785,14.1521635055542,-3.0717811584472656,17.1279354095459,-14.60538101196289,15.563329696655273,-13.589061737060547,10.733317375183105,-1.1365286111831665,11.624327659606934,-17.162090301513672,11.251721382141113,4.108671188354492,7.588985919952393,-9.000547409057617,9.060324668884277
chattts_original,6,r5_chattts_original,r5,,,,,,,5.387,8.364,runs/r5_chattts_original/02_tts/6.wav,3.5704,0.129539,0.9438,-18.08,,0.069814,0.032819,0.0,181.2,42.0,186.9,1413.0,593.0,2858.0,1417.0,371.0,0.014333,0.031994,0.6279,0.098846,0.054956,2.9235,3.18,263.5,912.9,1667.2,0.2645,-197.7926025390625,119.66741180419922,111.44376373291016,46.68455505371094,-16.059982299804688,35.103511810302734,42.38958740234375,28.707170486450195,-18.32757568359375,26.374698638916016,15.55091381072998,17.185644149780273,-2.886361598968506,14.811431884765625,-5.888144493103027,17.42129898071289,-9.80675220489502,12.119637489318848,-8.749298095703125,13.053154945373535,-11.680890083312988,11.461134910583496,-6.004213809967041,11.593335151672363,1.0574690103530884,8.72720718383789
chattts_original,7,r5_chattts_original,r5,,,,,,,6.499,7.293,runs/r5_chattts_original/02_tts/7.wav,3.8061,0.155866,1.0282,-16.27,,0.072639,0.034854,0.0,206.7,27.1,145.5,1522.0,654.0,3068.0,1443.0,368.0,0.007732,0.016647,0.7442,0.106856,0.069521,2.8277,2.8876,387.9,992.0,1584.5,0.2828,-191.3380126953125,100.44379425048828,101.48357391357422,50.54611587524414,-25.495344161987305,41.879642486572266,36.08320236206055,32.89127731323242,-36.6035041809082,29.975984573364258,13.403755187988281,19.235776901245117,-14.24461555480957,18.1551456451416,-11.008522033691406,15.508580207824707,-7.096468925476074,12.43630599975586,-14.919316291809082,13.757007598876953,4.231339931488037,13.388749122619629,-15.848505020141602,12.356304168701172,6.577517032623291,10.78132152557373
chattts_original,8,r5_chattts_original,r5,,,,,,,5.902,8.26,runs/r5_chattts_original/02_tts/8.wav,3.5938,0.175148,0.9432,-15.87,,0.079987,0.038901,0.0,117.9,17.6,101.6,1397.0,966.0,2832.0,1483.0,590.0,0.021164,0.043742,0.6699,0.119802,0.083986,2.9205,3.2563,221.0,743.8,1711.9,0.2036,-212.8878936767578,123.54512786865234,109.34757232666016,70.28620910644531,16.210779190063477,31.142061233520508,46.36161804199219,34.67431640625,-7.693037986755371,23.908039093017578,6.932911396026611,11.546002388000488,-9.049798011779785,12.599520683288574,-0.5296380519866943,11.898035049438477,-5.906552791595459,13.151946067810059,-9.958782196044922,15.220181465148926,-3.506535053253174,11.316797256469727,-7.694687366485596,10.274811744689941,-7.937586307525635,11.082460403442383
chattts_original,9,r5_chattts_original,r5,,,,,,,6.4,6.672,runs/r5_chattts_original/02_tts/9.wav,2.9525,0.175336,0.9299,-15.4,,0.073706,0.037914,0.032258,202.3,29.5,139.8,1529.0,745.0,3057.0,1423.0,359.0,0.015176,0.042301,0.7717,0.11168,0.077505,2.8234,3.6949,373.4,687.3,1449.1,0.278,-185.5576629638672,111.76881408691406,102.1639175415039,48.44832992553711,-31.97337532043457,36.788448333740234,40.798606872558594,38.83833694458008,-39.0300178527832,31.702096939086914,13.011667251586914,16.47382164001465,-25.028202056884766,15.949634552001953,-8.68771743774414,15.642495155334473,-13.741965293884277,13.585240364074707,-10.522730827331543,14.053375244140625,-1.8843119144439697,11.300374031066895,-17.903993606567383,15.22708511352539,-0.24514363706111908,10.520519256591797
f5_tts,1,r5_f5_tts,r5,,,,,6.387,7.778,4.745,8.623,runs/r5_f5_tts/02_tts/1.wav,4.9067,0.019635,0.1259,-34.6,,0.009223,0.003716,0.058442,235.0,39.5,227.3,1862.0,1136.0,3533.0,1720.0,514.0,0.014082,0.029621,0.079,0.145092,0.138974,2.5096,2.1207,507.8,1162.2,1880.1,0.4569,-404.77008056640625,104.0395736694336,72.17346954345703,58.0298957824707,10.311229705810547,41.91108703613281,25.112829208374023,30.120283126831055,-3.288986921310425,24.298049926757812,1.4390860795974731,20.891828536987305,-7.843588352203369,16.750999450683594,-8.764391899108887,14.131072998046875,-13.505167007446289,12.661983489990234,10.717249870300293,12.176450729370117,-15.011465072631836,10.874665260314941,10.025416374206543,10.750435829162598,-1.3741986751556396,9.32902717590332
f5_tts,10,r5_f5_tts,r5,,,,,6.961,7.604,5.47,7.974,runs/r5_f5_tts/02_tts/10.wav,5.4934,0.02036,0.1278,-34.59,,0.010034,0.00401,0.040698,227.1,23.1,113.3,1699.0,1154.0,3207.0,1573.0,630.0,0.0105,0.023081,0.0755,0.134042,0.117576,2.4071,2.0195,486.6,1199.9,2067.7,0.35,-408.21771240234375,94.5423355102539,90.9571304321289,63.779624938964844,6.621792316436768,49.29559326171875,21.62407112121582,29.01986312866211,-2.839287042617798,20.95842170715332,-0.6594566702842712,17.31610870361328,-2.952760696411133,13.318970680236816,-4.313083648681641,13.6641206741333,-20.81519889831543,12.657546997070312,9.082894325256348,14.329758644104004,-11.68685531616211,10.857383728027344,6.873135089874268,9.347317695617676,-2.483118772506714,11.085273742675781
f5_tts,11,r5_f5_tts,r5,,,,,7.243,7.189,6.161,7.779,runs/r5_f5_tts/02_tts/11.wav,7.2427,0.027841,0.2135,-31.19,5.46,0.013906,0.005488,0.030837,238.1,22.8,90.3,1441.0,808.0,2774.0,1482.0,543.0,0.007284,0.018344,0.0939,0.113795,0.084925,2.4251,1.8423,480.2,788.1,1174.4,0.2527,-404.4927062988281,94.68023681640625,94.3842544555664,52.30730438232422,11.915019035339355,45.14215850830078,17.01628875732422,29.463531494140625,-18.887269973754883,23.954647064208984,12.226451873779297,19.78608512878418,-9.53618049621582,13.695511817932129,-10.365702629089355,16.037046432495117,-11.605341911315918,12.338628768920898,5.435888767242432,13.985671997070312,-9.634318351745605,11.522828102111816,8.587071418762207,12.902798652648926,-2.7602484226226807,8.60810661315918
f5_tts,12,r5_f5_tts,r5,,,,,7.652,7.596,7.135,7.169,runs/r5_f5_tts/02_tts/12.wav,7.648,0.018984,0.1202,-35.61,3.08,0.008718,0.00325,0.033333,234.2,48.5,379.1,1370.0,1044.0,2645.0,1452.0,507.0,0.009053,0.022548,0.0619,0.101215,0.115912,2.2767,2.0773,546.2,1165.8,1986.6,0.2487,-435.0385437011719,107.00917053222656,91.71910858154297,55.72444534301758,8.429581642150879,41.87239074707031,34.03560256958008,25.688154220581055,-5.377836227416992,23.49039649963379,1.0569590330123901,15.963653564453125,-5.4375457763671875,14.37808895111084,-5.17533016204834,14.168652534484863,-12.208429336547852,13.13873291015625,8.788590431213379,10.405961036682129,-8.4982328414917,11.695525169372559,8.696191787719727,10.115160942077637,2.4196317195892334,8.84265422821045
f5_tts,13,r5_f5_tts,r5,,,,,6.889,7.757,4.48,8.539,runs/r5_f5_tts/02_tts/13.wav,5.7707,0.017613,0.0989,-35.93,,0.007591,0.002984,0.033149,230.8,22.9,109.8,1486.0,789.0,3069.0,1688.0,515.0,0.008598,0.022495,0.0575,0.090443,0.087968,2.4893,2.3434,469.6,1191.5,2016.1,0.2992,-429.0496826171875,94.59501647949219,85.17168426513672,48.06725311279297,14.240560531616211,32.529144287109375,22.955821990966797,27.56525421142578,-0.48308372497558594,20.984655380249023,13.910204887390137,18.1444034576416,-10.190176963806152,14.98142147064209,-12.726664543151855,14.906169891357422,-9.417215347290039,13.37747859954834,5.368971824645996,13.691085815429688,-14.532698631286621,12.07807445526123,13.894253730773926,8.677898406982422,-3.8242413997650146,9.276632308959961
f5_tts,2,r5_f5_tts,r5,,,,,7.765,7.33,5.459,8.626,runs/r5_f5_tts/02_tts/2.wav,4.8427,0.021392,0.1085,-34.57,,0.009818,0.003722,0.065789,228.8,38.4,207.6,1528.0,899.0,3070.0,1621.0,590.0,0.009161,0.023237,0.0751,0.104855,0.099126,2.4751,2.1703,498.5,1228.2,1972.4,0.2722,-413.2601623535156,112.87858581542969,91.16341400146484,53.709747314453125,4.267967700958252,38.19210433959961,19.624591827392578,28.667232513427734,-0.8535636067390442,22.823143005371094,4.363994598388672,18.259679794311523,-6.0927958488464355,13.715778350830078,-12.199397087097168,14.126646041870117,-13.941309928894043,12.223628997802734,12.082756996154785,12.635025024414062,-10.71234130859375,10.59167194366455,6.619786262512207,9.416403770446777,0.8166788816452026,6.255317687988281
f5_tts,3,r5_f5_tts,r5,,,,,7.305,7.138,6.307,7.634,runs/r5_f5_tts/02_tts/3.wav,4.0214,0.014002,0.1077,-37.56,,0.007784,0.002376,0.079365,214.7,41.1,199.0,1873.0,1062.0,3795.0,1818.0,577.0,0.018716,0.03407,0.054,0.159614,0.144224,2.4625,2.1176,534.1,1102.6,1859.2,0.3984,-437.4214172363281,114.9074478149414,81.47427368164062,51.67959213256836,14.795235633850098,36.9803466796875,22.591062545776367,24.17474365234375,0.215327650308609,21.291555404663086,1.9853743314743042,15.147337913513184,-15.60822868347168,15.013285636901855,-7.316980838775635,11.212763786315918,-12.161905288696289,11.941350936889648,8.549697875976562,11.434353828430176,-16.437429428100586,10.790328979492188,12.226936340332031,10.54090690612793,-1.1638307571411133,8.385019302368164
f5_tts,4,r5_f5_tts,r5,,,,,6.915,8.88,5.375,9.205,runs/r5_f5_tts/02_tts/4.wav,5.4934,0.021364,0.1203,-35.6,,0.007978,0.00315,0.040698,231.8,17.3,108.4,1466.0,1069.0,2993.0,1615.0,694.0,0.008258,0.023829,0.0662,0.094556,0.089966,2.596,2.4046,506.7,1254.2,1932.7,0.2616,-439.6812438964844,89.55829620361328,90.4715576171875,57.669395446777344,21.16444206237793,35.52100372314453,25.34589958190918,23.593048095703125,1.6526224613189697,23.64862632751465,4.264997482299805,18.051265716552734,-7.842620849609375,14.30469036102295,-8.838133811950684,12.459646224975586,-8.854524612426758,12.682633399963379,6.349524021148682,13.204708099365234,-18.49836540222168,11.483811378479004,6.3221845626831055,10.278315544128418,1.2718595266342163,8.6134033203125
f5_tts,5,r5_f5_tts,r5,,,,,7.18,7.676,4.982,8.449,runs/r5_f5_tts/02_tts/5.wav,5.2054,0.015203,0.0948,-37.59,,0.007446,0.002871,0.07362,221.2,41.3,232.9,1454.0,978.0,2907.0,1609.0,608.0,0.01136,0.027243,0.0498,0.110948,0.138606,2.2098,1.8048,472.5,1223.3,2238.8,0.2757,-471.650634765625,119.09265899658203,92.43661499023438,59.12748336791992,31.109657287597656,36.640132904052734,31.94150161743164,34.62349319458008,-3.011561155319214,23.46598243713379,2.3480758666992188,16.736736297607422,-4.018238544464111,12.548654556274414,-8.395200729370117,12.386669158935547,-11.942898750305176,13.86921215057373,4.127913951873779,13.3005952835083,-13.521245002746582,12.02849006652832,-0.3488819897174835,10.437158584594727,-3.549384593963623,8.478742599487305
f5_tts,6,r5_f5_tts,r5,,,,,6.545,8.918,5.538,8.447,runs/r5_f5_tts/02_tts/6.wav,5.5147,0.016403,0.1088,-36.54,,0.008426,0.002792,0.046243,222.2,37.2,204.3,1308.0,756.0,2598.0,1498.0,531.0,0.010075,0.02999,0.051,0.091551,0.106366,2.3743,2.908,519.3,1177.3,1933.5,0.1998,-451.39532470703125,107.5325698852539,104.8397216796875,50.90682601928711,14.477567672729492,34.8342399597168,26.777326583862305,29.3820743560791,-3.1027073860168457,22.8695068359375,7.449673652648926,18.599889755249023,-7.84124231338501,14.569014549255371,-6.865617752075195,11.484380722045898,-15.82905101776123,12.07313060760498,9.495162963867188,13.13217830657959,-12.110550880432129,11.66344165802002,7.925909519195557,9.544058799743652,-3.8610193729400635,10.43923282623291
f5_tts,7,r5_f5_tts,r5,,,,,7.575,7.234,6.473,7.309,runs/r5_f5_tts/02_tts/7.wav,5.344,0.023824,0.1664,-33.0,,0.012919,0.004855,0.035714,238.2,31.4,224.3,1409.0,836.0,2831.0,1562.0,522.0,0.007811,0.020789,0.0778,0.09629,0.088244,2.4116,2.1738,616.4,1269.5,2083.0,0.2645,-423.4331359863281,108.51263427734375,88.48004913330078,48.12657165527344,13.345914840698242,35.416664123535156,22.35801887512207,34.54682922363281,-4.079872131347656,25.91934585571289,11.071528434753418,16.604305267333984,-8.963406562805176,18.698415756225586,-8.89237117767334,13.116546630859375,-9.197112083435059,12.630443572998047,9.563764572143555,16.403141021728516,-9.651630401611328,11.641356468200684,8.914844512939453,11.172318458557129,2.84031343460083,10.053616523742676
f5_tts,8,r5_f5_tts,r5,,,,,8.47,7.066,5.988,8.217,runs/r5_f5_tts/02_tts/8.wav,5.376,0.031278,0.2787,-30.99,,0.015033,0.006689,0.047337,233.2,24.3,138.5,1309.0,741.0,2577.0,1523.0,562.0,0.006423,0.020847,0.1025,0.086648,0.064257,2.5172,2.6449,553.3,1210.5,1567.2,0.1878,-406.6570739746094,96.89643096923828,102.19944763183594,51.193992614746094,15.994945526123047,41.7803840637207,14.407852172851562,37.056331634521484,-9.455901145935059,25.83602523803711,10.301149368286133,22.99365997314453,-9.556971549987793,13.622539520263672,-9.886224746704102,13.437682151794434,-19.178434371948242,13.143516540527344,9.463479995727539,15.118400573730469,-14.215635299682617,13.735103607177734,8.632932662963867,11.397004127502441,0.22180861234664917,9.871886253356934
f5_tts,9,r5_f5_tts,r5,,,,,6.581,8.08,6.402,6.87,runs/r5_f5_tts/02_tts/9.wav,4.5867,0.02417,0.1537,-33.15,,0.01135,0.004248,0.048611,237.0,22.0,141.1,1455.0,938.0,2915.0,1580.0,541.0,0.008463,0.024698,0.0797,0.102051,0.096315,2.5699,2.5793,490.4,1297.6,1931.5,0.2691,-424.0118408203125,106.6716079711914,87.65257263183594,53.21675109863281,14.188655853271484,38.797508239746094,28.355653762817383,31.985158920288086,-1.5547032356262207,23.85931396484375,9.753276824951172,20.53525161743164,-10.10146427154541,15.13924789428711,-11.409942626953125,14.79720687866211,-14.931538581848145,14.514262199401855,12.97417163848877,13.831157684326172,-13.751703262329102,12.336325645446777,13.412837982177734,11.445457458496094,-1.037558674812317,9.155885696411133
f5_tts_loudnorm,1,r5_f5_tts_loudnorm,r5,,,,,7.366,7.454,4.573,8.719,runs/r5_f5_tts_loudnorm/02_tts/1.wav,4.9067,0.072419,0.4678,-23.26,,0.034168,0.013712,0.051948,235.0,39.5,227.3,1862.0,1135.0,3533.0,1720.0,514.0,0.013508,0.02845,0.2909,0.145118,0.139131,2.5088,2.1204,507.6,1163.4,1877.9,0.4569,-276.66558837890625,103.77896118164062,72.14434051513672,57.99186325073242,10.34048843383789,41.89813995361328,25.094993591308594,30.12362289428711,-3.266181707382202,24.284774780273438,1.4283121824264526,20.8869686126709,-7.828633785247803,16.754743576049805,-8.774435043334961,14.131036758422852,-13.490949630737305,12.660860061645508,10.703765869140625,12.1705322265625,-14.996610641479492,10.877480506896973,10.017333030700684,10.74294376373291,-1.3624786138534546,9.326486587524414
f5_tts_loudnorm,10,r5_f5_tts_loudnorm,r5,,,,,7.672,7.19,5.471,7.936,runs/r5_f5_tts_loudnorm/02_tts/10.wav,5.4934,0.06842,0.4307,-24.06,,0.033773,0.013481,0.040698,227.1,23.1,113.3,1700.0,1155.0,3208.0,1573.0,630.0,0.010197,0.022621,0.2537,0.134133,0.117823,2.4067,2.02,487.3,1199.8,2067.1,0.3493,-289.1554260253906,94.52201080322266,90.94483947753906,63.781822204589844,6.622239112854004,49.292179107666016,21.61043357849121,29.018877029418945,-2.838122606277466,20.95314598083496,-0.6700640916824341,17.31312370300293,-2.947458267211914,13.318881034851074,-4.318454742431641,13.66262149810791,-20.813873291015625,12.649425506591797,9.074034690856934,14.326628684997559,-11.685919761657715,10.851019859313965,6.867508411407471,9.350226402282715,-2.483794689178467,11.084390640258789
f5_tts_loudnorm,11,r5_f5_tts_loudnorm,r5,,,,,7.609,7.166,5.861,7.983,runs/r5_f5_tts_loudnorm/02_tts/11.wav,7.2427,0.061145,0.4532,-24.37,4.58,0.029524,0.012086,0.030837,238.1,22.8,90.3,1441.0,808.0,2774.0,1482.0,543.0,0.00706,0.017717,0.2086,0.113795,0.084957,2.4315,1.8492,485.9,689.3,1178.7,0.2542,-325.448486328125,95.4540786743164,94.56258392333984,52.41905212402344,11.764104843139648,45.173561096191406,17.159191131591797,29.47281265258789,-19.038671493530273,24.01906394958496,12.354485511779785,19.819049835205078,-9.650894165039062,13.711536407470703,-10.270548820495605,15.985848426818848,-11.679515838623047,12.354938507080078,5.513071537017822,14.006305694580078,-9.71579647064209,11.529163360595703,8.640741348266602,12.935150146484375,-2.8007891178131104,8.60788345336914
f5_tts_loudnorm,12,r5_f5_tts_loudnorm,r5,,,,,9.165,6.645,7.029,7.243,runs/r5_f5_tts_loudnorm/02_tts/12.wav,7.648,0.085457,0.4959,-22.46,1.75,0.038846,0.014452,0.016667,234.2,48.4,379.1,1370.0,1044.0,2645.0,1452.0,507.0,0.008566,0.021287,0.2798,0.101227,0.115826,2.2882,2.0865,530.8,1158.1,1997.7,0.2547,-287.0126647949219,108.00261688232422,92.03821563720703,55.64778518676758,8.37292194366455,41.789825439453125,34.25694274902344,25.800106048583984,-5.477824687957764,23.582565307617188,1.155940294265747,15.970879554748535,-5.515089988708496,14.389896392822266,-5.091277122497559,14.160318374633789,-12.288415908813477,13.221901893615723,8.89223575592041,10.390813827514648,-8.549834251403809,11.763930320739746,8.780685424804688,10.055497169494629,2.362806558609009,8.878270149230957
f5_tts_loudnorm,13,r5_f5_tts_loudnorm,r5,,,,,7.577,7.803,4.301,8.77,runs/r5_f5_tts_loudnorm/02_tts/13.wav,5.7707,0.078381,0.4254,-22.95,,0.033762,0.013266,0.027624,230.8,22.9,109.8,1486.0,789.0,3069.0,1688.0,515.0,0.008149,0.021312,0.2569,0.090453,0.087914,2.4926,2.3544,472.2,1190.5,2014.2,0.3018,-282.4605407714844,95.5479965209961,85.26510620117188,48.043479919433594,14.201484680175781,32.529144287109375,23.02345085144043,27.554134368896484,-0.5216202735900879,21.001407623291016,13.970191955566406,18.151079177856445,-10.231561660766602,14.98289680480957,-12.67937183380127,14.917367935180664,-9.45032787322998,13.373347282409668,5.4137139320373535,13.69919204711914,-14.567197799682617,12.087060928344727,13.944729804992676,8.684045791625977,-3.8572793006896973,9.266579627990723
f5_tts_loudnorm,2,r5_f5_tts_loudnorm,r5,,,,,8.177,7.501,5.383,8.581,runs/r5_f5_tts_loudnorm/02_tts/2.wav,4.8427,0.081208,0.4151,-22.98,,0.037399,0.014146,0.052632,228.8,38.4,207.6,1528.0,898.0,3070.0,1621.0,590.0,0.008726,0.022171,0.2848,0.104935,0.099311,2.4745,2.1703,498.4,1228.8,1972.6,0.2722,-282.25103759765625,112.6739730834961,91.14969635009766,53.68437194824219,4.29062557220459,38.19076919555664,19.61553955078125,28.661022186279297,-0.8361445069313049,22.81790542602539,4.355590343475342,18.25579833984375,-6.080481052398682,13.713619232177734,-12.205220222473145,14.131446838378906,-13.929205894470215,12.224234580993652,12.076077461242676,12.630743980407715,-10.699191093444824,10.591537475585938,6.612662315368652,9.413012504577637,0.8258916139602661,6.252817153930664
f5_tts_loudnorm,3,r5_f5_tts_loudnorm,r5,,,,,7.661,7.095,6.538,7.524,runs/r5_f5_tts_loudnorm/02_tts/3.wav,4.0214,0.069742,0.5363,-23.61,,0.038773,0.011837,0.063492,214.7,41.1,199.0,1873.0,1062.0,3795.0,1818.0,577.0,0.017599,0.032029,0.269,0.159742,0.144444,2.4624,2.1175,534.1,1102.6,1859.2,0.3984,-279.6488342285156,114.90120697021484,81.47286987304688,51.67817687988281,14.797950744628906,36.981544494628906,22.591175079345703,24.174650192260742,0.21565863490104675,21.29119873046875,1.9831773042678833,15.147793769836426,-15.60740852355957,15.0127534866333,-7.319054126739502,11.214599609375,-12.162525177001953,11.942286491394043,8.549720764160156,11.432964324951172,-16.436513900756836,10.788416862487793,12.226462364196777,10.53990650177002,-1.1614054441452026,8.38415241241455
f5_tts_loudnorm,4,r5_f5_tts_loudnorm,r5,,,,,7.538,8.464,5.223,9.29,runs/r5_f5_tts_loudnorm/02_tts/4.wav,5.4934,0.082738,0.467,-23.84,,0.030896,0.012199,0.034884,231.8,17.3,108.4,1466.0,1069.0,2993.0,1615.0,694.0,0.007828,0.022523,0.2565,0.094556,0.089902,2.5957,2.4042,506.8,1254.6,1931.8,0.2616,-306.5992431640625,89.4994888305664,90.4645004272461,57.65350341796875,21.1788330078125,35.51840591430664,25.339460372924805,23.588926315307617,1.664600133895874,23.645977020263672,4.259953498840332,18.0509090423584,-7.831281661987305,14.305846214294434,-8.844095230102539,12.45981216430664,-8.852124214172363,12.683795928955078,6.34775972366333,13.202921867370605,-18.4903621673584,11.48434829711914,6.318262100219727,10.277894020080566,1.2775684595108032,8.612873077392578
f5_tts_loudnorm,5,r5_f5_tts_loudnorm,r5,,,,,7.349,7.834,5.049,8.444,runs/r5_f5_tts_loudnorm/02_tts/5.wav,5.2054,0.077025,0.4891,-23.47,,0.038021,0.014543,0.055215,221.2,41.3,232.9,1454.0,978.0,2907.0,1609.0,608.0,0.010603,0.025417,0.252,0.110924,0.138587,2.212,1.8054,469.6,1219.9,2232.9,0.276,-312.8280944824219,119.37953186035156,92.5020523071289,59.14665222167969,31.094877243041992,36.62213134765625,31.981361389160156,34.61784744262695,-3.03472638130188,23.495304107666016,2.370323896408081,16.744686126708984,-4.033795356750488,12.549261093139648,-8.385616302490234,12.384604454040527,-11.953179359436035,13.87257194519043,4.144181728363037,13.29670238494873,-13.53325366973877,12.033360481262207,-0.3405667543411255,10.440659523010254,-3.5612213611602783,8.476191520690918
f5_tts_loudnorm,6,r5_f5_tts_loudnorm,r5,,,,,7.076,8.854,5.392,8.615,runs/r5_f5_tts_loudnorm/02_tts/6.wav,5.5147,0.068289,0.4546,-24.15,,0.035053,0.011628,0.040462,222.2,37.2,204.3,1308.0,756.0,2599.0,1499.0,531.0,0.009509,0.028201,0.2126,0.091574,0.106517,2.3741,2.9091,519.1,1176.8,1933.1,0.1998,-311.15728759765625,107.52169036865234,104.82038879394531,50.91917037963867,14.478582382202148,34.841033935546875,26.762746810913086,29.381305694580078,-3.095696449279785,22.86147117614746,7.44380521774292,18.60098648071289,-7.8369903564453125,14.565887451171875,-6.86918306350708,11.483837127685547,-15.821602821350098,12.075764656066895,9.494035720825195,13.12721061706543,-12.10134220123291,11.664234161376953,7.919386863708496,9.547563552856445,-3.8563249111175537,10.438672065734863
f5_tts_loudnorm,7,r5_f5_tts_loudnorm,r5,,,,,7.965,7.157,6.446,7.335,runs/r5_f5_tts_loudnorm/02_tts/7.wav,5.344,0.066346,0.4734,-24.11,,0.036355,0.013484,0.035714,238.2,31.4,224.3,1409.0,836.0,2831.0,1562.0,521.0,0.007477,0.019772,0.2154,0.096244,0.088262,2.408,2.1696,614.1,1268.8,2073.6,0.2643,-323.3169250488281,107.95149993896484,88.36100769042969,48.01883316040039,13.413230895996094,35.44481658935547,22.30343246459961,34.53771209716797,-4.020833969116211,25.87607765197754,11.029946327209473,16.59423828125,-8.92835521697998,18.698339462280273,-8.919219017028809,13.132196426391602,-9.158442497253418,12.614853858947754,9.520968437194824,16.392213821411133,-9.610822677612305,11.612900733947754,8.884651184082031,11.169465065002441,2.864548921585083,10.046382904052734
f5_tts_loudnorm,8,r5_f5_tts_loudnorm,r5,,,,,8.752,6.816,5.929,8.338,runs/r5_f5_tts_loudnorm/02_tts/8.wav,5.376,0.069905,0.625,-24.0,,0.033674,0.014959,0.047337,233.2,24.3,138.5,1309.0,741.0,2576.0,1523.0,562.0,0.006273,0.020401,0.229,0.086602,0.064346,2.5163,2.6462,553.6,1210.4,1566.6,0.1878,-327.72021484375,96.86090087890625,102.1562271118164,51.193912506103516,16.00335693359375,41.779335021972656,14.38524055480957,37.04887390136719,-9.451558113098145,25.823566436767578,10.2793550491333,22.997291564941406,-9.553287506103516,13.614984512329102,-9.9038724899292,13.43155288696289,-19.1752986907959,13.128847122192383,9.451449394226074,15.122593879699707,-14.214784622192383,13.725249290466309,8.622828483581543,11.396926879882812,0.215239480137825,9.86781120300293
f5_tts_loudnorm,9,r5_f5_tts_loudnorm,r5,,,,,6.824,8.111,6.416,6.798,runs/r5_f5_tts_loudnorm/02_tts/9.wav,4.5867,0.071217,0.4537,-23.76,,0.033483,0.012519,0.041667,237.0,22.0,141.1,1456.0,938.0,2915.0,1580.0,541.0,0.008066,0.023346,0.2349,0.102051,0.096315,2.5695,2.5781,490.5,1298.1,1930.9,0.269,-317.8551025390625,106.6334457397461,87.64518737792969,53.20518493652344,14.197696685791016,38.7916374206543,28.349788665771484,31.984153747558594,-1.5461337566375732,23.858150482177734,9.750259399414062,20.537559509277344,-10.09549617767334,15.13947868347168,-11.413090705871582,14.800308227539062,-14.93030834197998,14.511528015136719,12.968661308288574,13.830217361450195,-13.745244026184082,12.341073036193848,13.411972045898438,11.443524360656738,-1.030287265777588,9.158596992492676
higgs_loudnorm,1,r5_higgs_loudnorm,r5,,,,,7.023,7.794,4.832,8.559,runs/r5_higgs_loudnorm/02_tts/1.wav,5.04,0.067803,0.5805,-23.81,,0.029102,0.011686,0.0,241.1,20.1,100.8,1600.0,864.0,3186.0,1653.0,442.0,0.010472,0.019779,0.2502,0.099551,0.076499,2.119,1.7666,389.2,1564.0,1620.5,0.3568,-248.13827514648438,65.5654525756836,83.9197769165039,46.13423156738281,4.75922966003418,37.3570556640625,26.65046501159668,27.965232849121094,-2.2170329093933105,21.37721061706543,2.199793815612793,18.12628746032715,-11.789941787719727,14.961674690246582,-12.532269477844238,13.18234634399414,-14.284130096435547,11.03564453125,7.199394702911377,10.517353057861328,-12.425333976745605,9.782821655273438,7.076263904571533,8.424500465393066,-0.8400492668151855,8.129456520080566
higgs_loudnorm,10,r5_higgs_loudnorm,r5,,,,,7.307,6.929,5.456,8.004,runs/r5_higgs_loudnorm/02_tts/10.wav,5.6,0.065066,0.3854,-24.09,,0.029171,0.011603,0.0,237.0,41.5,385.7,1503.0,808.0,2943.0,1573.0,484.0,0.012582,0.029429,0.2436,0.094413,0.068093,1.9613,1.5972,409.0,641.3,1398.7,0.2965,-258.5299987792969,87.94303131103516,91.11831665039062,43.99575424194336,-4.975666522979736,40.12802505493164,19.32489776611328,26.67584228515625,-2.6714422702789307,18.881120681762695,-1.2762455940246582,16.514789581298828,-6.558786392211914,13.191683769226074,-6.695326328277588,11.007683753967285,-17.356969833374023,13.588181495666504,6.807756423950195,9.471487998962402,-5.616342544555664,10.3698091506958,6.414112567901611,8.28463077545166,-0.3594467043876648,8.497213363647461
higgs_loudnorm,11,r5_higgs_loudnorm,r5,,,,,7.7,7.377,5.913,7.996,runs/r5_higgs_loudnorm/02_tts/11.wav,7.48,0.062741,0.554,-24.31,3.73,0.028469,0.009981,0.0,238.8,22.6,96.1,1330.0,630.0,2598.0,1501.0,413.0,0.006295,0.012666,0.213,0.07758,0.052668,1.9584,1.86,461.6,1242.8,1959.6,0.2425,-280.7302551269531,82.90420532226562,97.1275634765625,41.855712890625,-0.10525356233119965,34.92451858520508,19.309104919433594,27.715839385986328,-7.778006076812744,20.834598541259766,7.712297439575195,15.322903633117676,-6.02226448059082,12.759794235229492,-12.284903526306152,15.03929328918457,-9.430697441101074,10.670846939086914,5.283640384674072,9.094768524169922,-3.8409767150878906,9.376792907714844,8.714887619018555,8.342530250549316,-2.3121566772460938,7.650995254516602
higgs_loudnorm,12,r5_higgs_loudnorm,r5,,,,,8.245,7.13,7.142,7.114,runs/r5_higgs_loudnorm/02_tts/12.wav,7.44,0.075213,0.5452,-23.57,1.83,0.026952,0.010305,0.0,240.3,26.0,140.3,1319.0,730.0,2642.0,1494.0,454.0,0.007089,0.017218,0.2963,0.074474,0.056044,2.0484,1.9297,494.1,1274.2,1993.6,0.2391,-238.91232299804688,76.97655487060547,102.41499328613281,42.114986419677734,-2.7595901489257812,39.09130859375,29.55912208557129,23.520458221435547,-1.24183988571167,18.984769821166992,-0.555629312992096,15.59626293182373,-5.877081871032715,11.269883155822754,-8.499713897705078,12.26501750946045,-11.641547203063965,11.28787612915039,7.063248157501221,9.226112365722656,-4.314242839813232,8.628323554992676,8.656105041503906,8.14892578125,2.297729015350342,8.554577827453613
higgs_loudnorm,13,r5_higgs_loudnorm,r5,,,,,6.651,8.1,4.261,8.867,runs/r5_higgs_loudnorm/02_tts/13.wav,6.6,0.077237,0.5932,-23.04,0.48,0.030744,0.01198,0.0,232.9,25.2,129.8,1399.0,667.0,2868.0,1633.0,425.0,0.009478,0.020303,0.2803,0.077597,0.05893,2.0278,2.1547,388.6,1295.3,2086.9,0.2885,-239.1316680908203,77.81670379638672,94.22071075439453,38.86924743652344,7.687212944030762,29.298259735107422,20.1501407623291,25.13590431213379,-1.52470064163208,18.69969367980957,7.965996265411377,15.498427391052246,-9.453743934631348,13.191543579101562,-13.12950611114502,13.497323036193848,-10.812644004821777,12.754027366638184,4.622043609619141,11.515791893005371,-9.236032485961914,9.196709632873535,9.888343811035156,7.851054668426514,-1.5216076374053955,8.511590003967285
higgs_loudnorm,2,r5_higgs_loudnorm,r5,,,,,7.691,8.067,5.45,8.521,runs/r5_higgs_loudnorm/02_tts/2.wav,4.6,0.068535,0.3358,-23.81,,0.026742,0.011614,0.0,250.9,29.7,147.3,1479.0,731.0,2912.0,1580.0,431.0,0.010158,0.023057,0.2558,0.096361,0.063613,2.063,1.6808,373.2,813.7,1482.4,0.2882,-248.81961059570312,62.882545471191406,92.46369171142578,38.4117546081543,-1.851091980934143,29.85370445251465,20.98088836669922,26.81917953491211,-3.566067934036255,20.53190040588379,-3.399746894836426,18.243648529052734,-9.550033569335938,11.515586853027344,-15.196446418762207,12.602812767028809,-19.529638290405273,10.704681396484375,7.2438225746154785,9.391754150390625,-12.410612106323242,8.656098365783691,2.1356887817382812,8.155783653259277,-0.6387266516685486,5.508022308349609
higgs_loudnorm,3,r5_higgs_loudnorm,r5,,,,,8.492,6.794,6.514,7.614,runs/r5_higgs_loudnorm/02_tts/3.wav,4.84,0.069081,0.5764,-23.64,,0.027247,0.010895,0.0,233.7,24.7,133.6,1634.0,860.0,3264.0,1723.0,455.0,0.013932,0.023563,0.2967,0.104952,0.075391,2.0324,1.5287,434.7,1626.3,1764.9,0.3713,-224.87623596191406,73.82347106933594,88.21540832519531,43.46134948730469,7.970920085906982,31.161561965942383,24.55436897277832,25.40216636657715,2.52436900138855,19.164857864379883,1.3743280172348022,15.042283058166504,-13.567026138305664,15.378406524658203,-10.020334243774414,12.463174819946289,-13.584759712219238,12.009459495544434,7.662240982055664,10.872300148010254,-13.127908706665039,8.787425994873047,7.009383201599121,7.667864799499512,-3.46647047996521,7.825343132019043
higgs_loudnorm,4,r5_higgs_loudnorm,r5,,,,,6.858,8.514,5.202,9.402,runs/r5_higgs_loudnorm/02_tts/4.wav,5.28,0.068974,0.4095,-24.2,,0.026364,0.011041,0.0,233.0,19.4,108.7,1341.0,784.0,2651.0,1566.0,483.0,0.007476,0.015261,0.2284,0.073272,0.053485,2.1645,1.9028,336.8,411.1,1461.3,0.2461,-262.0495910644531,65.11223602294922,99.23625946044922,41.969573974609375,9.38970947265625,30.701011657714844,23.351919174194336,20.213489532470703,-0.29639309644699097,18.547033309936523,-1.8745591640472412,13.850442886352539,-10.556459426879883,11.568662643432617,-13.634652137756348,10.578119277954102,-10.075244903564453,10.925758361816406,2.457388162612915,8.922059059143066,-8.688949584960938,7.283017158508301,4.53427267074585,6.423667907714844,-0.612697184085846,8.02371597290039
higgs_loudnorm,5,r5_higgs_loudnorm,r5,,,,,7.83,7.698,5.07,8.36,runs/r5_higgs_loudnorm/02_tts/5.wav,4.92,0.078394,0.5373,-23.04,,0.030676,0.015114,0.0,234.1,20.7,115.0,1318.0,709.0,2631.0,1563.0,434.0,0.010903,0.022871,0.271,0.076888,0.053063,1.9276,1.5144,414.7,1344.6,2266.3,0.2451,-242.20358276367188,62.14352798461914,100.13126373291016,43.38028335571289,21.725404739379883,29.351158142089844,32.889835357666016,29.021453857421875,-4.364882469177246,17.902530670166016,-0.3878827393054962,13.2982177734375,-6.656360149383545,11.43629264831543,-12.978550910949707,11.57318115234375,-14.10668659210205,9.795437812805176,1.3618102073669434,10.894830703735352,-11.177602767944336,8.97339153289795,1.0560572147369385,6.907707691192627,-4.10242223739624,6.6769208908081055
higgs_loudnorm,6,r5_higgs_loudnorm,r5,,,,,5.77,9.443,5.488,8.444,runs/r5_higgs_loudnorm/02_tts/6.wav,5.52,0.069991,0.4457,-23.76,,0.031919,0.012725,0.0,239.2,33.2,195.3,1277.0,592.0,2410.0,1476.0,376.0,0.009803,0.025411,0.2531,0.0778,0.039102,2.0945,2.1767,411.6,1246.7,2024.3,0.203,-249.26666259765625,75.10783386230469,108.11689758300781,38.9305305480957,5.8981099128723145,33.89733123779297,24.093061447143555,27.70849609375,-0.6750767230987549,20.446813583374023,-0.5704252123832703,16.664308547973633,-10.976171493530273,12.860374450683594,-12.076241493225098,12.326133728027344,-14.002291679382324,10.270956039428711,3.9162604808807373,10.740147590637207,-7.495708465576172,9.209634780883789,5.780325889587402,7.840111255645752,-3.5063235759735107,7.773393630981445
higgs_loudnorm,7,r5_higgs_loudnorm,r5,,,,,7.006,8.028,6.575,7.21,runs/r5_higgs_loudnorm/02_tts/7.wav,4.96,0.070015,0.5052,-24.05,,0.025301,0.011367,0.0,233.1,23.7,142.9,1330.0,589.0,2603.0,1540.0,380.0,0.006811,0.012101,0.2672,0.076995,0.038552,2.0496,1.8155,578.1,1355.9,2313.1,0.253,-243.9322967529297,74.65264892578125,99.06462860107422,36.07515335083008,3.93855881690979,29.891584396362305,22.54866600036621,31.36062240600586,-8.201343536376953,19.733835220336914,9.063164710998535,13.757411003112793,-10.39521312713623,15.109601974487305,-9.988924026489258,12.816543579101562,-9.73475170135498,11.097622871398926,10.629937171936035,11.367243766784668,-3.8058295249938965,8.164224624633789,4.837161540985107,9.023819923400879,1.0564547777175903,7.9592108726501465
higgs_loudnorm,8,r5_higgs_loudnorm,r5,,,,,8.264,6.431,5.862,8.309,runs/r5_higgs_loudnorm/02_tts/8.wav,4.96,0.065712,0.4341,-24.3,,0.036718,0.012952,0.0,240.6,30.4,145.2,1282.0,682.0,2550.0,1530.0,493.0,0.004563,0.009054,0.1847,0.07322,0.046443,2.0266,1.7125,367.1,1218.6,2008.8,0.2017,-290.8650207519531,61.8174934387207,102.62177276611328,38.63749313354492,13.384248733520508,32.82888412475586,15.552631378173828,30.494836807250977,-2.998006582260132,19.41626739501953,5.01105260848999,17.40752601623535,-8.594157218933105,12.729594230651855,-11.802403450012207,11.301257133483887,-19.898998260498047,11.470497131347656,3.2635276317596436,10.781645774841309,-7.885612487792969,9.838854789733887,6.661982536315918,9.69802474975586,-0.27937766909599304,7.16954231262207
higgs_loudnorm,9,r5_higgs_loudnorm,r5,,,,,6.238,8.624,6.411,6.785,runs/r5_higgs_loudnorm/02_tts/9.wav,4.6,0.067191,0.5212,-24.19,,0.033273,0.012813,0.0,251.1,46.0,353.4,1362.0,683.0,2703.0,1556.0,419.0,0.007535,0.015165,0.2243,0.070187,0.042102,2.0335,2.1478,369.0,996.4,1278.8,0.2496,-272.0201721191406,78.9237289428711,93.79096984863281,40.212852478027344,1.3891555070877075,33.6431770324707,24.90364646911621,29.73801040649414,-0.3034400939941406,19.25936508178711,6.094349384307861,19.506792068481445,-9.851957321166992,11.485879898071289,-11.634801864624023,12.418383598327637,-13.358013153076172,13.537821769714355,9.98460578918457,9.238598823547363,-4.534204483032227,8.063131332397461,6.238702774047852,6.862292766571045,0.2548787295818329,7.03464937210083
higgs_tts,1,r5_higgs_tts,r5,,,,,6.587,7.65,4.639,8.625,runs/r5_higgs_tts/02_tts/1.wav,5.04,0.013255,0.1134,-37.98,,0.005687,0.002285,0.0,241.1,20.1,100.8,1600.0,864.0,3186.0,1653.0,442.0,0.010743,0.020191,0.0489,0.099526,0.076503,2.119,1.7665,389.2,1563.8,1620.6,0.3568,-408.5296630859375,65.56951904296875,83.92076873779297,46.135475158691406,4.758073806762695,37.35729217529297,26.650146484375,27.964794158935547,-2.2150156497955322,21.37713050842285,2.199749231338501,18.124820709228516,-11.79055118560791,14.962117195129395,-12.531608581542969,13.184147834777832,-14.284708023071289,11.035958290100098,7.199917316436768,10.517908096313477,-12.425178527832031,9.783209800720215,7.07499361038208,8.423450469970703,-0.8388099074363708,8.129681587219238
higgs_tts,10,r5_higgs_tts,r5,,,,,6.068,7.535,5.617,7.925,runs/r5_higgs_tts/02_tts/10.wav,5.6,0.014009,0.0831,-37.43,,0.006308,0.002501,0.0,237.0,41.5,385.7,1503.0,808.0,2943.0,1573.0,484.0,0.012837,0.029731,0.0523,0.094435,0.068067,1.9611,1.5972,408.8,640.1,1399.0,0.2969,-409.6708984375,88.02766418457031,91.11245727539062,43.99561309814453,-4.9717020988464355,40.126163482666016,19.320924758911133,26.67632484436035,-2.6650774478912354,18.883934020996094,-1.2803072929382324,16.515796661376953,-6.553003311157227,13.194436073303223,-6.702059745788574,11.002288818359375,-17.35369873046875,13.587418556213379,6.80415678024292,9.470136642456055,-5.613162517547607,10.369210243225098,6.4105916023254395,8.285117149353027,-0.35588714480400085,8.495781898498535
higgs_tts,11,r5_higgs_tts,r5,,,,,6.661,7.94,5.97,7.814,runs/r5_higgs_tts/02_tts/11.wav,7.48,0.015777,0.1285,-36.2,4.39,0.007423,0.002486,0.0,238.8,22.6,96.1,1330.0,630.0,2598.0,1501.0,413.0,0.006449,0.01293,0.0531,0.077518,0.052657,1.9558,1.8592,460.5,1239.9,1958.3,0.2451,-418.4927978515625,84.51167297363281,97.05333709716797,41.8452033996582,-0.031711675226688385,34.93583297729492,19.240272521972656,27.709545135498047,-7.7086052894592285,20.867538452148438,7.647805213928223,15.298030853271484,-5.957221984863281,12.78480339050293,-12.35118293762207,15.02492618560791,-9.369070053100586,10.689918518066406,5.22402286529541,9.085009574890137,-3.782283067703247,9.386173248291016,8.655040740966797,8.339956283569336,-2.2520668506622314,7.67147159576416
higgs_tts,12,r5_higgs_tts,r5,,,,,7.79,7.242,7.277,7.069,runs/r5_higgs_tts/02_tts/12.wav,7.44,0.012951,0.095,-38.84,2.04,0.004681,0.001776,0.0,240.3,26.0,140.3,1319.0,730.0,2642.0,1494.0,454.0,0.007281,0.017616,0.0509,0.074474,0.056044,2.0485,1.9296,493.5,1273.8,1994.1,0.2392,-412.0467529296875,76.89930725097656,102.4112319946289,42.11426544189453,-2.7547101974487305,39.08812713623047,29.554386138916016,23.52176856994629,-1.2365882396697998,18.988916397094727,-0.5604092478752136,15.593371391296387,-5.871834754943848,11.274447441101074,-8.504647254943848,12.26109504699707,-11.636075019836426,11.29131031036377,7.057770252227783,9.224342346191406,-4.307986259460449,8.629365921020508,8.649262428283691,8.15026569366455,2.3039307594299316,8.555161476135254
higgs_tts,13,r5_higgs_tts,r5,,,,,5.444,8.672,4.451,8.759,runs/r5_higgs_tts/02_tts/13.wav,6.6,0.010149,0.0789,-40.67,0.59,0.004057,0.001575,0.0,232.9,25.2,129.8,1399.0,667.0,2868.0,1633.0,425.0,0.009821,0.021025,0.0368,0.077597,0.05893,2.0283,2.1548,387.2,1299.8,2090.4,0.2875,-438.6705017089844,77.60237121582031,94.2142562866211,38.86643981933594,7.694243907928467,29.29703712463379,20.143861770629883,25.139318466186523,-1.517930030822754,18.696115493774414,7.959048748016357,15.498758316040039,-9.445998191833496,13.19257640838623,-13.136553764343262,13.496101379394531,-10.80600643157959,12.752497673034668,4.615273952484131,11.514945030212402,-9.229229927062988,9.194987297058105,9.880800247192383,7.850353240966797,-1.5128391981124878,8.515737533569336
higgs_tts,2,r5_higgs_tts,r5,,,,,7.86,6.902,5.449,8.616,runs/r5_higgs_tts/02_tts/2.wav,4.6,0.012395,0.0609,-38.66,,0.004845,0.002101,0.0,250.9,29.7,147.3,1479.0,731.0,2912.0,1580.0,431.0,0.010383,0.023407,0.0463,0.096361,0.063613,2.0628,1.6808,373.0,814.3,1482.5,0.2883,-416.92437744140625,62.91084671020508,92.46379852294922,38.41178512573242,-1.8500524759292603,29.85398292541504,20.97899055480957,26.817995071411133,-3.5643467903137207,20.531442642211914,-3.4005746841430664,18.24403190612793,-9.546031951904297,11.518749237060547,-15.200078010559082,12.602421760559082,-19.5281982421875,10.703449249267578,7.241342544555664,9.39085578918457,-12.41031265258789,8.653428077697754,2.134834051132202,8.15629768371582,-0.6367663741111755,5.510358810424805
higgs_tts,3,r5_higgs_tts,r5,,,,,7.202,7.404,6.143,7.694,runs/r5_higgs_tts/02_tts/3.wav,4.84,0.008298,0.0692,-42.05,,0.003271,0.001309,0.0,233.7,24.7,133.6,1634.0,860.0,3264.0,1723.0,455.0,0.014395,0.024277,0.0356,0.104887,0.075403,2.0324,1.5288,434.7,1626.0,1765.1,0.3714,-433.1228332519531,73.82470703125,88.2144546508789,43.46234893798828,7.9700751304626465,31.160594940185547,24.556324005126953,25.40266227722168,2.525937080383301,19.16634178161621,1.3761409521102905,15.043749809265137,-13.5680570602417,15.377326965332031,-10.020350456237793,12.462225914001465,-13.586153984069824,12.008055686950684,7.662232398986816,10.871919631958008,-13.127676010131836,8.787055015563965,7.009985446929932,7.668041706085205,-3.466914415359497,7.824140548706055
higgs_tts,4,r5_higgs_tts,r5,,,,,6.123,8.86,5.427,9.157,runs/r5_higgs_tts/02_tts/4.wav,5.28,0.012931,0.077,-38.74,,0.004935,0.002069,0.0,233.0,19.4,108.7,1341.0,784.0,2651.0,1566.0,483.0,0.007648,0.015566,0.0428,0.073272,0.053485,2.1647,1.9029,334.8,411.3,1461.5,0.2461,-426.5177001953125,65.06836700439453,99.23811340332031,41.970977783203125,9.387449264526367,30.70197868347168,23.35441780090332,20.214374542236328,-0.2975754141807556,18.545650482177734,-1.872294545173645,13.850396156311035,-10.559755325317383,11.569132804870605,-13.632428169250488,10.5780668258667,-10.075563430786133,10.926009178161621,2.460465431213379,8.920626640319824,-8.692585945129395,7.284801959991455,4.534558296203613,6.422752380371094,-0.6135196089744568,8.022656440734863
higgs_tts,5,r5_higgs_tts,r5,,,,,6.916,8.029,5.24,8.262,runs/r5_higgs_tts/02_tts/5.wav,4.92,0.009268,0.0641,-41.59,,0.003609,0.001786,0.0,234.1,20.7,115.0,1318.0,709.0,2631.0,1563.0,434.0,0.011286,0.023599,0.032,0.076888,0.053063,1.9281,1.5145,414.9,1345.3,2269.7,0.2449,-451.88726806640625,61.986446380615234,100.1363525390625,43.378265380859375,21.72301483154297,29.350618362426758,32.892757415771484,29.02513885498047,-4.365821838378906,17.903005599975586,-0.3863523304462433,13.2940034866333,-6.657650470733643,11.436220169067383,-12.977470397949219,11.57177448272705,-14.109655380249023,9.797974586486816,1.3642539978027344,10.894792556762695,-11.180757522583008,8.974358558654785,1.0575999021530151,6.905457496643066,-4.1052727699279785,6.678465843200684
higgs_tts,6,r5_higgs_tts,r5,,,,,4.219,10.476,5.368,8.594,runs/r5_higgs_tts/02_tts/6.wav,5.52,0.010337,0.0654,-40.38,,0.0047,0.001876,0.0,239.2,33.2,195.3,1277.0,592.0,2410.0,1476.0,376.0,0.010059,0.025609,0.0374,0.077778,0.039127,2.0948,2.1768,411.9,1246.9,2025.1,0.2029,-437.1141052246094,75.01652526855469,108.12747192382812,38.93406677246094,5.890691757202148,33.89655685424805,24.101274490356445,27.70925521850586,-0.6827180981636047,20.45018768310547,-0.5617914795875549,16.666379928588867,-10.984519004821777,12.85716724395752,-12.06822681427002,12.326802253723145,-14.010098457336426,10.270676612854004,3.9236061573028564,10.739922523498535,-7.5027337074279785,9.209824562072754,5.788783550262451,7.839527606964111,-3.514986038208008,7.771970272064209
higgs_tts,7,r5_higgs_tts,r5,,,,,6.063,8.269,6.541,7.255,runs/r5_higgs_tts/02_tts/7.wav,4.96,0.012899,0.093,-38.74,,0.004665,0.002094,0.0,233.1,23.7,142.9,1330.0,589.0,2603.0,1540.0,380.0,0.007002,0.012431,0.0492,0.07697,0.038599,2.0496,1.8154,578.2,1356.4,2313.2,0.253,-410.1882629394531,74.6673583984375,99.06607055664062,36.07585525512695,3.938305139541626,29.892438888549805,22.548866271972656,31.36139678955078,-8.201652526855469,19.733474731445312,9.064194679260254,13.757522583007812,-10.39663028717041,15.106059074401855,-9.989320755004883,12.817893981933594,-9.73433780670166,11.096643447875977,10.630875587463379,11.368477821350098,-3.807542085647583,8.165102005004883,4.837528705596924,9.023590087890625,1.0573941469192505,7.960174083709717
higgs_tts,8,r5_higgs_tts,r5,,,,,7.227,7.039,5.886,8.459,runs/r5_higgs_tts/02_tts/8.wav,4.96,0.019276,0.1275,-34.96,,0.010795,0.003802,0.0,240.6,30.4,145.2,1282.0,682.0,2550.0,1530.0,493.0,0.004664,0.009234,0.0541,0.07322,0.046443,2.0262,1.7122,366.8,1218.6,2009.2,0.2018,-411.5388488769531,61.848873138427734,102.60348510742188,38.62811279296875,13.398979187011719,32.83597183227539,15.541854858398438,30.49142837524414,-2.9904770851135254,19.415369033813477,5.00443696975708,17.412641525268555,-8.58802318572998,12.730877876281738,-11.806884765625,11.30252456665039,-19.89292335510254,11.469037055969238,3.2591731548309326,10.784501075744629,-7.883641719818115,9.84039306640625,6.658162593841553,9.696589469909668,-0.27518248558044434,7.1716108322143555
higgs_tts,9,r5_higgs_tts,r5,,,,,5.609,8.551,6.282,6.859,runs/r5_higgs_tts/02_tts/9.wav,4.6,0.014121,0.1099,-37.74,,0.007017,0.002695,0.0,251.1,46.0,353.4,1362.0,683.0,2703.0,1556.0,419.0,0.007699,0.015431,0.0471,0.07016,0.042129,2.0332,2.1469,368.8,1007.1,1278.8,0.2493,-425.53057861328125,79.04896545410156,93.78792572021484,40.21002197265625,1.393378734588623,33.64329528808594,24.899662017822266,29.738508224487305,-0.2981113791465759,19.258188247680664,6.089211463928223,19.50530242919922,-9.845775604248047,11.488394737243652,-11.641749382019043,12.4171781539917,-13.349770545959473,13.540337562561035,9.980673789978027,9.23873233795166,-4.530386924743652,8.06357192993164,6.234472274780273,6.8630499839782715,0.2587225139141083,7.034031867980957
qwen3_loudnorm,1,r5_qwen_loudnorm,r5,,,,,7.456,7.316,4.536,8.701,runs/r5_qwen_loudnorm/02_tts/1.wav,5.04,0.062421,0.3758,-23.97,,0.028545,0.01109,0.0,231.4,17.6,83.3,2140.0,1148.0,3962.0,1722.0,459.0,0.023847,0.038907,0.2886,0.163268,0.126423,2.3883,1.9076,415.2,1377.0,1666.6,0.7476,-242.2317352294922,67.21782684326172,58.55143737792969,56.38780975341797,-8.495523452758789,41.914798736572266,19.063709259033203,26.83216667175293,-10.18996810913086,24.137834548950195,-5.152926445007324,18.54381561279297,-18.57917594909668,15.378681182861328,-16.88467025756836,14.288439750671387,-21.846721649169922,10.800163269042969,3.5990941524505615,12.085124015808105,-20.916637420654297,8.758166313171387,1.9949464797973633,8.383881568908691,-4.2622857093811035,6.905833721160889
qwen3_loudnorm,10,r5_qwen_loudnorm,r5,,,,,7.437,6.8,5.52,8.02,runs/r5_qwen_loudnorm/02_tts/10.wav,5.6,0.063943,0.3847,-24.16,,0.03032,0.010276,0.0,228.5,20.7,93.5,1544.0,939.0,3038.0,1551.0,552.0,0.01148,0.024618,0.2482,0.102212,0.072182,2.0586,1.6506,399.0,968.7,1321.5,0.3377,-264.43280029296875,98.99321746826172,95.33045196533203,46.78984832763672,-4.278383255004883,45.06846618652344,19.48987579345703,24.70530128479004,-3.468007802963257,18.80417823791504,-0.9211841225624084,17.997934341430664,-2.4759738445281982,13.794585227966309,-4.6954426765441895,12.075002670288086,-17.558462142944336,13.11888313293457,10.853253364562988,10.557781219482422,-9.663155555725098,12.529525756835938,5.842518329620361,7.195584297180176,1.025833249092102,9.246833801269531
qwen3_loudnorm,11,r5_qwen_loudnorm,r5,,,,,7.559,7.435,5.634,8.168,runs/r5_qwen_loudnorm/02_tts/11.wav,6.8,0.062911,0.4142,-24.49,4.61,0.032336,0.010187,0.0,237.5,25.5,145.4,1334.0,734.0,2653.0,1532.0,506.0,0.00733,0.018219,0.1884,0.074253,0.049418,2.009,2.051,408.5,1187.1,1866.7,0.242,-294.1700744628906,87.52558135986328,92.041015625,40.4803581237793,5.535130023956299,39.98707962036133,23.250587463378906,22.406314849853516,-4.606527328491211,22.117074966430664,6.930294513702393,15.288891792297363,-7.812463283538818,13.612204551696777,-7.634033203125,13.850872993469238,-8.782387733459473,11.443169593811035,7.5547404289245605,9.753362655639648,-5.85861349105835,8.148179054260254,8.50564956665039,7.312570095062256,-0.7393773198127747,6.755764007568359
qwen3_loudnorm,12,r5_qwen_loudnorm,r5,,,,,9.057,6.358,7.07,6.981,runs/r5_qwen_loudnorm/02_tts/12.wav,6.96,0.064277,0.4361,-23.88,1.71,0.036466,0.012081,0.0,226.5,15.7,101.7,1871.0,1058.0,3435.0,1573.0,476.0,0.024512,0.043604,0.2546,0.153719,0.114229,2.4497,2.1859,414.5,1141.1,1993.1,0.4768,-264.9649658203125,85.4205093383789,74.21154022216797,52.83335494995117,-14.772624015808105,47.000709533691406,19.865726470947266,27.2028751373291,-18.928258895874023,23.121912002563477,-10.783865928649902,14.956246376037598,-15.664523124694824,13.244355201721191,-16.185684204101562,14.200340270996094,-24.41455078125,11.834257125854492,-0.6491137742996216,9.609713554382324,-15.152987480163574,8.544837951660156,0.1609705686569214,8.6383638381958,-4.590138912200928,8.622200012207031
qwen3_loudnorm,13,r5_qwen_loudnorm,r5,,,,,6.182,8.988,4.495,8.599,runs/r5_qwen_loudnorm/02_tts/13.wav,5.84,0.07677,0.4716,-22.56,,0.036301,0.015649,0.0,224.0,21.1,113.0,1891.0,1026.0,3631.0,1698.0,495.0,0.024031,0.039335,0.3207,0.146052,0.092696,2.5856,2.7746,414.9,1202.3,2091.5,0.4789,-240.87232971191406,83.1422348022461,74.47616577148438,55.155517578125,-8.79696273803711,35.162811279296875,3.354962110519409,29.709274291992188,-13.111318588256836,25.25493812561035,1.0378222465515137,19.739849090576172,-19.63298988342285,13.962662696838379,-29.897214889526367,15.599247932434082,-19.453031539916992,13.960836410522461,-3.795635938644409,11.048566818237305,-22.47603988647461,12.321807861328125,4.349645614624023,8.98968505859375,-10.957747459411621,9.406301498413086
qwen3_loudnorm,2,r5_qwen_loudnorm,r5,,,,,7.902,7.689,5.372,8.703,runs/r5_qwen_loudnorm/02_tts/2.wav,4.8,0.069367,0.4328,-23.55,,0.02836,0.012624,0.0,218.1,54.5,256.7,1486.0,884.0,3007.0,1643.0,529.0,0.008308,0.01645,0.2611,0.081126,0.052055,2.0558,1.8965,429.0,1322.1,2196.7,0.3495,-260.8270263671875,107.48186492919922,86.92007446289062,40.84614944458008,5.974870681762695,35.731082916259766,26.420684814453125,24.33770179748535,5.501235485076904,21.077388763427734,4.5240864753723145,19.3010196685791,-4.826929569244385,14.744718551635742,-9.692254066467285,14.165757179260254,-12.395696640014648,13.491311073303223,10.429661750793457,9.096152305603027,-9.415726661682129,10.069844245910645,5.017040729522705,8.120417594909668,-0.5540680885314941,7.433517932891846
qwen3_loudnorm,3,r5_qwen_loudnorm,r5,,,,,8.502,6.545,6.185,7.789,runs/r5_qwen_loudnorm/02_tts/3.wav,4.32,0.065632,0.5697,-24.62,,0.036537,0.014456,0.0,231.8,20.3,91.3,2150.0,1333.0,3890.0,1750.0,517.0,0.026233,0.045898,0.2862,0.18275,0.145325,2.5518,2.1159,450.9,573.1,1724.9,0.7312,-245.62046813964844,59.90979766845703,65.76165771484375,62.9931526184082,0.45128655433654785,38.7955436706543,6.183239936828613,27.751901626586914,-8.339162826538086,24.350296020507812,-7.150876045227051,17.36024284362793,-23.399084091186523,16.776470184326172,-24.510175704956055,12.4727783203125,-21.029926300048828,13.554800987243652,-2.439612865447998,8.991366386413574,-23.599191665649414,9.04885482788086,1.3225151300430298,8.683366775512695,-6.938488006591797,7.742205619812012
qwen3_loudnorm,4,r5_qwen_loudnorm,r5,,,,,7.178,8.429,5.221,9.361,runs/r5_qwen_loudnorm/02_tts/4.wav,5.36,0.069233,0.3714,-23.38,,0.029062,0.013756,0.0,225.8,17.5,147.1,1896.0,1184.0,3621.0,1657.0,544.0,0.021126,0.036304,0.2956,0.13948,0.111888,2.5502,2.7117,404.4,703.4,1520.6,0.6353,-253.49954223632812,84.3697509765625,75.04610443115234,62.24459457397461,-6.8062262535095215,32.540096282958984,13.5276517868042,24.63330078125,-7.2829742431640625,24.181623458862305,-3.226222515106201,15.863946914672852,-18.236732482910156,13.267400741577148,-25.194618225097656,10.620841979980469,-18.275033950805664,11.165519714355469,-2.884213447570801,12.372437477111816,-22.10354995727539,9.213757514953613,-7.280141353607178,6.651519775390625,-6.903445243835449,6.858116626739502
qwen3_loudnorm,5,r5_qwen_loudnorm,r5,,,,,8.036,7.721,5.233,8.217,runs/r5_qwen_loudnorm/02_tts/5.wav,5.12,0.067618,0.5065,-23.59,,0.034395,0.016811,0.006211,229.6,19.6,98.5,1786.0,1088.0,3400.0,1579.0,557.0,0.023003,0.038622,0.2639,0.138508,0.100478,2.4702,2.4331,432.4,797.5,1672.7,0.4848,-277.73553466796875,92.95265197753906,79.31071472167969,67.5068588256836,9.709248542785645,43.1680908203125,20.800907135009766,33.84172058105469,-18.320016860961914,23.823535919189453,-9.326699256896973,15.446274757385254,-18.942474365234375,14.094261169433594,-27.497039794921875,12.035136222839355,-16.177200317382812,11.463272094726562,-3.07637095451355,12.88071346282959,-21.44712257385254,10.356679916381836,-8.340917587280273,7.789314270019531,-10.776162147521973,8.706989288330078
qwen3_loudnorm,6,r5_qwen_loudnorm,r5,,,,,5.307,10.464,5.443,8.407,runs/r5_qwen_loudnorm/02_tts/6.wav,5.36,0.068737,0.4517,-23.59,,0.034641,0.014513,0.0,228.2,18.7,111.5,1540.0,922.0,2807.0,1411.0,495.0,0.019904,0.042374,0.2645,0.113645,0.076637,2.5219,2.8825,402.8,1040.8,1868.5,0.312,-266.6112976074219,88.80388641357422,95.44434356689453,59.726905822753906,-14.699480056762695,35.79233932495117,19.81791114807129,29.168123245239258,-11.395624160766602,26.247480392456055,-5.81132173538208,17.336349487304688,-19.971338272094727,13.240114212036133,-24.29375648498535,17.224445343017578,-22.883195877075195,12.961488723754883,-1.5902456045150757,10.906965255737305,-20.402027130126953,9.524198532104492,-0.818475604057312,8.981952667236328,-4.055748462677002,8.088482856750488
qwen3_loudnorm,7,r5_qwen_loudnorm,r5,,,,,7.562,7.929,6.596,7.176,runs/r5_qwen_loudnorm/02_tts/7.wav,4.64,0.063603,0.4339,-24.2,,0.034346,0.014057,0.0,235.4,21.0,123.3,1738.0,858.0,3285.0,1595.0,460.0,0.01746,0.033128,0.2604,0.135167,0.071084,2.503,2.3839,456.8,887.8,1373.6,0.3597,-264.0567626953125,75.46231842041016,79.22978973388672,47.53255844116211,-11.576387405395508,37.758846282958984,9.253400802612305,37.82707977294922,-19.302959442138672,21.179916381835938,-3.905682325363159,18.490478515625,-19.773433685302734,17.756032943725586,-22.476762771606445,12.112444877624512,-23.178232192993164,12.306897163391113,-0.7883672118186951,14.46919059753418,-15.682807922363281,8.1421537399292,-4.01589298248291,9.178253173828125,-7.191336154937744,7.3953752517700195
qwen3_loudnorm,8,r5_qwen_loudnorm,r5,,,,,7.255,7.453,5.753,8.418,runs/r5_qwen_loudnorm/02_tts/8.wav,5.36,0.071288,0.353,-23.1,,0.036449,0.014374,0.0,234.0,35.6,178.0,1706.0,1011.0,3203.0,1609.0,543.0,0.014258,0.027815,0.2435,0.119568,0.078637,2.3267,2.2982,440.0,1277.3,2269.1,0.3639,-292.9283752441406,102.0932846069336,78.35244750976562,53.00061798095703,3.6896209716796875,39.792762756347656,14.151982307434082,34.70028305053711,-20.833635330200195,28.212358474731445,-4.421901226043701,20.07185935974121,-18.55776023864746,15.585166931152344,-19.151052474975586,14.339428901672363,-24.273487091064453,12.6913480758667,-1.7261412143707275,9.830080032348633,-17.260286331176758,11.185761451721191,-0.9309080839157104,9.796696662902832,-9.2623291015625,9.521724700927734
qwen3_loudnorm,9,r5_qwen_loudnorm,r5,,,,,6.073,8.259,6.551,6.774,runs/r5_qwen_loudnorm/02_tts/9.wav,4.4,0.077217,0.4366,-22.51,,0.040421,0.015862,0.0,233.1,20.6,88.0,1847.0,1113.0,3429.0,1637.0,437.0,0.018532,0.032322,0.2851,0.138336,0.123113,2.553,2.7703,437.0,542.5,1494.6,0.4952,-259.55474853515625,94.09414672851562,73.1014633178711,55.28186798095703,-3.3788647651672363,34.337257385253906,14.705509185791016,29.759902954101562,-11.281438827514648,19.77876091003418,3.643852710723877,18.345672607421875,-17.53060531616211,15.036914825439453,-21.92999267578125,13.61628532409668,-19.577795028686523,13.615691184997559,4.600543975830078,11.262706756591797,-19.1700496673584,10.26319408416748,4.357964515686035,7.3769354820251465,-3.0414059162139893,9.28693962097168
